timestamp,day_of_week,hour,minute,csi_variance,device_count_raw,people_count,piezo_voltage,piezo_avg_watt
2026-10-05 08:00:00,0,8,0,2.6161,3.0,3.0,0.1261,1.6e-05
2026-10-05 08:00:30,0,8,0,2.0392,4.0,4.0,0.071359,5.092071e-06
2026-10-05 08:01:00,0,8,1,2.6936,4.0,4.0,0.312805,9.8e-05
2026-10-05 08:01:30,0,8,1,1.9062,5.0,5.0,0.194526,3.8e-05
2026-10-05 08:02:00,0,8,2,1.8595,3.0,3.0,0.31085,9.7e-05
2026-10-05 08:02:30,0,8,2,33.8436,6.0,6.0,0.086022,7.399699e-06
2026-10-05 08:03:00,0,8,3,17.7199,3.0,3.0,0.093842,8.806253e-06
2026-10-05 08:03:30,0,8,3,2.8415,5.0,5.0,0.093842,8.806253e-06
2026-10-05 08:04:00,0,8,4,61.5952,5.0,5.0,0.076246,5.813504e-06
2026-10-05 08:04:30,0,8,4,2.9616,4.0,4.0,0.420332,0.000177
2026-10-05 08:05:00,0,8,5,85.6694,4.0,4.0,0.076246,5.813504e-06
2026-10-05 08:05:30,0,8,5,6.5119,4.0,4.0,0.090909,8.264464e-06
2026-10-05 08:06:00,0,8,6,7.8172,6.0,6.0,0.115347,1.3e-05
2026-10-05 08:06:30,0,8,6,19.8017,7.0,7.0,0.135875,1.8e-05
2026-10-05 08:07:00,0,8,7,3.1942,3.0,3.0,0.255132,6.5e-05
2026-10-05 08:07:30,0,8,7,1.7172,4.0,4.0,0.321603,0.000103
2026-10-05 08:08:00,0,8,8,0.499,5.0,5.0,0.167155,2.8e-05
2026-10-05 08:08:30,0,8,8,4.1164,3.0,3.0,0.255132,6.5e-05
2026-10-05 08:09:00,0,8,9,10.8883,5.0,5.0,0.13783,1.9e-05
2026-10-05 08:09:30,0,8,9,3.8853,5.0,5.0,0.040078,1.606262e-06
2026-10-05 08:10:00,0,8,10,18.9468,4.0,4.0,0.229717,5.3e-05
2026-10-05 08:10:30,0,8,10,8.6451,8.0,8.0,0.317693,0.000101
2026-10-05 08:11:00,0,8,11,3.6051,3.0,3.0,0.070381,4.953518e-06
2026-10-05 08:11:30,0,8,11,0.9113,4.0,4.0,0.049853,2.485359e-06
2026-10-05 08:12:00,0,8,12,2.6842,4.0,4.0,0.102639,1.1e-05
2026-10-05 08:12:30,0,8,12,1.0339,5.0,5.0,0.073314,5.37491e-06
2026-10-05 08:13:00,0,8,13,1.3821,5.0,5.0,0.179863,3.2e-05
2026-10-05 08:13:30,0,8,13,4.1498,5.0,5.0,0.184751,3.4e-05
2026-10-05 08:14:00,0,8,14,17.7199,3.0,3.0,0.207234,4.3e-05
2026-10-05 08:14:30,0,8,14,2.9483,4.0,4.0,0.076246,5.813504e-06
2026-10-05 08:15:00,0,8,15,24.619,3.0,3.0,0.455523,0.000208
2026-10-05 08:15:30,0,8,15,8.6451,8.0,8.0,0.255132,6.5e-05
2026-10-05 08:16:00,0,8,16,2.0517,3.0,3.0,0.013685,1.872858e-07
2026-10-05 08:16:30,0,8,16,7.2938,4.0,4.0,0.051808,2.684111e-06
2026-10-05 08:17:00,0,8,17,4.5562,3.0,3.0,0.0,0.0
2026-10-05 08:17:30,0,8,17,14.122,4.0,4.0,0.013685,1.872858e-07
2026-10-05 08:18:00,0,8,18,2.877,2.0,2.0,0.01564,2.446181e-07
2026-10-05 08:18:30,0,8,18,2.1703,3.0,3.0,0.013685,1.872858e-07
2026-10-05 08:19:00,0,8,19,7.6791,4.0,4.0,0.168133,2.8e-05
2026-10-05 08:19:30,0,8,19,59.5625,3.0,3.0,0.013685,1.872858e-07
2026-10-05 08:20:00,0,8,20,17.426,2.0,2.0,0.000978,9.555396e-10
2026-10-05 08:20:30,0,8,20,7.9073,4.0,4.0,0.265885,7.1e-05
2026-10-05 08:21:00,0,8,21,21.6228,4.0,4.0,0.01955,3.822159e-07
2026-10-05 08:21:30,0,8,21,8.3502,3.0,3.0,0.013685,1.872858e-07
2026-10-05 08:22:00,0,8,22,12.7376,2.0,2.0,0.013685,1.872858e-07
2026-10-05 08:22:30,0,8,22,8.4218,3.0,3.0,0.013685,1.872858e-07
2026-10-05 08:23:00,0,8,23,14.4321,1.0,1.0,0.001955,3.822159e-09
2026-10-05 08:23:30,0,8,23,12.4415,3.0,3.0,0.108504,1.2e-05
2026-10-05 08:24:00,0,8,24,3.5139,5.0,5.0,0.013685,1.872858e-07
2026-10-05 08:24:30,0,8,24,13.853,3.0,3.0,0.013685,1.872858e-07
2026-10-05 08:25:00,0,8,25,4.8686,2.0,2.0,0.013685,1.872858e-07
2026-10-05 08:25:30,0,8,25,3.1503,5.0,5.0,0.085044,7.23248e-06
2026-10-05 08:26:00,0,8,26,4.2775,2.0,2.0,0.085044,7.23248e-06
2026-10-05 08:26:30,0,8,26,12.4415,3.0,3.0,0.01564,2.446181e-07
2026-10-05 08:27:00,0,8,27,11.2648,4.0,4.0,0.017595,3.095949e-07
2026-10-05 08:27:30,0,8,27,7.2708,4.0,4.0,0.013685,1.872858e-07
2026-10-05 08:28:00,0,8,28,13.2173,3.0,3.0,0.012708,1.614862e-07
2026-10-05 08:28:30,0,8,28,5.1724,2.0,2.0,0.013685,1.872858e-07
2026-10-05 08:29:00,0,8,29,22.1346,2.0,2.0,0.041056,1.685572e-06
2026-10-05 08:29:30,0,8,29,10.3546,3.0,3.0,0.013685,1.872858e-07
2026-10-05 08:30:00,0,8,30,4.5562,3.0,3.0,0.252199,6.4e-05
2026-10-05 08:30:30,0,8,30,12.3407,2.0,2.0,0.013685,1.872858e-07
2026-10-05 08:31:00,0,8,31,4.8686,2.0,2.0,0.051808,2.684111e-06
2026-10-05 08:31:30,0,8,31,5.6385,3.0,3.0,0.014663,2.149964e-07
2026-10-05 08:32:00,0,8,32,14.1137,4.0,4.0,0.105572,1.1e-05
2026-10-05 08:32:30,0,8,32,9.8418,3.0,3.0,0.006843,4.682144e-08
2026-10-05 08:33:00,0,8,33,33.1375,3.0,3.0,0.085044,7.23248e-06
2026-10-05 08:33:30,0,8,33,10.2811,2.0,2.0,0.014663,2.149964e-07
2026-10-05 08:34:00,0,8,34,1.5173,3.0,3.0,0.013685,1.872858e-07
2026-10-05 08:34:30,0,8,34,16.1821,2.0,2.0,0.013685,1.872858e-07
2026-10-05 08:35:00,0,8,35,10.7868,2.0,2.0,0.013685,1.872858e-07
2026-10-05 08:35:30,0,8,35,6.1406,3.0,3.0,0.018573,3.449499e-07
2026-10-05 08:36:00,0,8,36,9.0853,2.0,2.0,0.096774,9.365243e-06
2026-10-05 08:36:30,0,8,36,32.0471,2.0,2.0,0.14956,2.2e-05
2026-10-05 08:37:00,0,8,37,4.9176,3.0,3.0,0.014663,2.149964e-07
2026-10-05 08:37:30,0,8,37,1.5116,4.0,4.0,0.067449,4.549325e-06
2026-10-05 08:38:00,0,8,38,1.6341,2.0,2.0,0.093842,8.806253e-06
2026-10-05 08:38:30,0,8,38,13.3918,2.0,2.0,0.0,0.0
2026-10-05 08:39:00,0,8,39,12.899,2.0,2.0,0.016618,2.76151e-07
2026-10-05 08:39:30,0,8,39,20.0244,3.0,3.0,0.013685,1.872858e-07
2026-10-05 08:40:00,0,8,40,10.3783,2.0,2.0,0.014663,2.149964e-07
2026-10-05 08:40:30,0,8,40,16.1821,2.0,2.0,0.013685,1.872858e-07
2026-10-05 08:41:00,0,8,41,7.2239,3.0,3.0,0.100684,1e-05
2026-10-05 08:41:30,0,8,41,1.5173,3.0,3.0,0.0,0.0
2026-10-05 08:42:00,0,8,42,9.4948,4.0,4.0,0.058651,3.439943e-06
2026-10-05 08:42:30,0,8,42,8.4218,3.0,3.0,0.013685,1.872858e-07
2026-10-05 08:43:00,0,8,43,9.9109,3.0,3.0,0.064516,4.162331e-06
2026-10-05 08:43:30,0,8,43,30.9904,2.0,2.0,0.0,0.0
2026-10-05 08:44:00,0,8,44,6.2038,2.0,2.0,0.0,0.0
2026-10-05 08:44:30,0,8,44,28.987,2.0,2.0,0.095797,9.177003e-06
2026-10-05 08:45:00,0,8,45,7.9854,2.0,2.0,0.0,0.0
2026-10-05 08:45:30,0,8,45,2.8361,2.0,2.0,0.013685,1.872858e-07
2026-10-05 08:46:00,0,8,46,7.2239,3.0,3.0,0.013685,1.872858e-07
2026-10-05 08:46:30,0,8,46,13.1753,3.0,3.0,0.013685,1.872858e-07
2026-10-05 08:47:00,0,8,47,7.6219,4.0,4.0,0.101662,1e-05
2026-10-05 08:47:30,0,8,47,10.3783,2.0,2.0,0.000978,9.555396e-10
2026-10-05 08:48:00,0,8,48,4.2775,2.0,2.0,0.013685,1.872858e-07
2026-10-05 08:48:30,0,8,48,20.0409,3.0,3.0,0.252199,6.4e-05
2026-10-05 08:49:00,0,8,49,9.3303,4.0,4.0,0.02346,5.503908e-07
2026-10-05 08:49:30,0,8,49,18.1129,3.0,3.0,0.013685,1.872858e-07
2026-10-05 08:50:00,0,8,50,3.861,3.0,3.0,0.589443,0.000347
2026-10-05 08:50:30,0,8,50,8.8249,3.0,3.0,0.013685,1.872858e-07
2026-10-05 08:51:00,0,8,51,8.1988,2.0,2.0,0.071359,5.092071e-06
2026-10-05 08:51:30,0,8,51,10.2855,3.0,3.0,0.300098,9e-05
2026-10-05 08:52:00,0,8,52,12.4415,3.0,3.0,0.082111,6.742288e-06
2026-10-05 08:52:30,0,8,52,9.9776,2.0,2.0,0.013685,1.872858e-07
2026-10-05 08:53:00,0,8,53,7.0931,2.0,2.0,0.014663,2.149964e-07
2026-10-05 08:53:30,0,8,53,14.9813,2.0,2.0,0.013685,1.872858e-07
2026-10-05 08:54:00,0,8,54,4.4928,4.0,4.0,0.013685,1.872858e-07
2026-10-05 08:54:30,0,8,54,20.0244,3.0,3.0,0.014663,2.149964e-07
2026-10-05 08:55:00,0,8,55,18.1129,3.0,3.0,0.103617,1.1e-05
2026-10-05 08:55:30,0,8,55,4.0831,1.0,1.0,0.013685,1.872858e-07
2026-10-05 08:56:00,0,8,56,61.9991,2.0,2.0,0.194526,3.8e-05
2026-10-05 08:56:30,0,8,56,12.2792,4.0,4.0,0.016618,2.76151e-07
2026-10-05 08:57:00,0,8,57,9.9055,2.0,2.0,0.269795,7.3e-05
2026-10-05 08:57:30,0,8,57,4.2808,4.0,4.0,0.064516,4.162331e-06
2026-10-05 08:58:00,0,8,58,3.4333,4.0,4.0,0.160313,2.6e-05
2026-10-05 08:58:30,0,8,58,67.8325,1.0,1.0,0.013685,1.872858e-07
2026-10-05 08:59:00,0,8,59,11.3039,2.0,2.0,0.013685,1.872858e-07
2026-10-05 08:59:30,0,8,59,10.3783,2.0,2.0,0.0,0.0
2026-10-05 09:00:00,0,9,0,12.1602,4.0,4.0,0.004888,2.388849e-08
2026-10-05 09:00:30,0,9,0,13.9392,3.0,3.0,0.336266,0.000113
2026-10-05 09:01:00,0,9,1,65.5896,2.0,2.0,0.0,0.0
2026-10-05 09:01:30,0,9,1,1.5116,4.0,4.0,0.013685,1.872858e-07
2026-10-05 09:02:00,0,9,2,10.2855,3.0,3.0,0.014663,2.149964e-07
2026-10-05 09:02:30,0,9,2,28.987,2.0,2.0,0.016618,2.76151e-07
2026-10-05 09:03:00,0,9,3,11.8107,3.0,3.0,0.013685,1.872858e-07
2026-10-05 09:03:30,0,9,3,1.2089,3.0,3.0,0.013685,1.872858e-07
2026-10-05 09:04:00,0,9,4,17.9777,4.0,4.0,0.017595,3.095949e-07
2026-10-05 09:04:30,0,9,4,9.0775,4.0,4.0,0.012708,1.614862e-07
2026-10-05 09:05:00,0,9,5,3.8631,2.0,2.0,0.265885,7.1e-05
2026-10-05 09:05:30,0,9,5,7.1714,3.0,3.0,0.004888,2.388849e-08
2026-10-05 09:06:00,0,9,6,8.6677,4.0,4.0,0.14174,2e-05
2026-10-05 09:06:30,0,9,6,14.9081,3.0,3.0,0.013685,1.872858e-07
2026-10-05 09:07:00,0,9,7,8.6127,4.0,4.0,0.0,0.0
2026-10-05 09:07:30,0,9,7,7.2239,3.0,3.0,0.012708,1.614862e-07
2026-10-05 09:08:00,0,9,8,1.5071,2.0,2.0,0.080156,6.425048e-06
2026-10-05 09:08:30,0,9,8,13.2573,4.0,4.0,0.014663,2.149964e-07
2026-10-05 09:09:00,0,9,9,2.4125,2.0,2.0,0.013685,1.872858e-07
2026-10-05 09:09:30,0,9,9,2.3473,5.0,5.0,0.002933,8.599857e-09
2026-10-05 09:10:00,0,9,10,10.5795,3.0,3.0,0.481916,0.000232
2026-10-05 09:10:30,0,9,10,36.3411,2.0,2.0,0.013685,1.872858e-07
2026-10-05 09:11:00,0,9,11,9.5309,1.0,1.0,0.01564,2.446181e-07
2026-10-05 09:11:30,0,9,11,31.6089,3.0,3.0,0.017595,3.095949e-07
2026-10-05 09:12:00,0,9,12,10.0748,4.0,4.0,0.087977,7.739871e-06
2026-10-05 09:12:30,0,9,12,8.9729,4.0,4.0,0.013685,1.872858e-07
2026-10-05 09:13:00,0,9,13,9.1937,2.0,2.0,0.202346,4.1e-05
2026-10-05 09:13:30,0,9,13,13.3918,2.0,2.0,0.0,0.0
2026-10-05 09:14:00,0,9,14,1.7464,3.0,3.0,0.0,0.0
2026-10-05 09:14:30,0,9,14,12.3781,3.0,3.0,0.051808,2.684111e-06
2026-10-05 09:15:00,0,9,15,15.0411,2.0,2.0,0.379277,0.000144
2026-10-05 09:15:30,0,9,15,63.5098,4.0,4.0,0.000978,9.555396e-10
2026-10-05 09:16:00,0,9,16,10.1392,4.0,4.0,0.013685,1.872858e-07
2026-10-05 09:16:30,0,9,16,11.2648,4.0,4.0,0.002933,8.599857e-09
2026-10-05 09:17:00,0,9,17,21.9102,4.0,4.0,0.000978,9.555396e-10
2026-10-05 09:17:30,0,9,17,9.8418,3.0,3.0,0.014663,2.149964e-07
2026-10-05 09:18:00,0,9,18,1.7583,4.0,4.0,0.31085,9.7e-05
2026-10-05 09:18:30,0,9,18,15.3178,2.0,2.0,0.013685,1.872858e-07
2026-10-05 09:19:00,0,9,19,2.4066,3.0,3.0,0.013685,1.872858e-07
2026-10-05 09:19:30,0,9,19,9.8418,3.0,3.0,0.013685,1.872858e-07
2026-10-05 09:20:00,0,9,20,10.8928,3.0,3.0,0.013685,1.872858e-07
2026-10-05 09:20:30,0,9,20,5.3718,1.0,1.0,0.252199,6.4e-05
2026-10-05 09:21:00,0,9,21,7.4875,5.0,5.0,0.01564,2.446181e-07
2026-10-05 09:21:30,0,9,21,4.8686,2.0,2.0,0.013685,1.872858e-07
2026-10-05 09:22:00,0,9,22,10.4539,2.0,2.0,0.018573,3.449499e-07
2026-10-05 09:22:30,0,9,22,17.853,4.0,4.0,0.013685,1.872858e-07
2026-10-05 09:23:00,0,9,23,8.4199,3.0,3.0,0.013685,1.872858e-07
2026-10-05 09:23:30,0,9,23,1.8125,3.0,3.0,0.226784,5.1e-05
2026-10-05 09:24:00,0,9,24,10.5795,3.0,3.0,0.012708,1.614862e-07
2026-10-05 09:24:30,0,9,24,4.0274,2.0,2.0,0.002933,8.599857e-09
2026-10-05 09:25:00,0,9,25,11.3908,4.0,4.0,0.013685,1.872858e-07
2026-10-05 09:25:30,0,9,25,14.2473,3.0,3.0,0.179863,3.2e-05
2026-10-05 09:26:00,0,9,26,5.7815,3.0,3.0,0.058651,3.439943e-06
2026-10-05 09:26:30,0,9,26,2.9886,3.0,3.0,0.013685,1.872858e-07
2026-10-05 09:27:00,0,9,27,35.2564,2.0,2.0,0.005865,3.439943e-08
2026-10-05 09:27:30,0,9,27,10.2855,3.0,3.0,0.013685,1.872858e-07
2026-10-05 09:28:00,0,9,28,6.3406,3.0,3.0,0.27566,7.6e-05
2026-10-05 09:28:30,0,9,28,3.6602,2.0,2.0,0.013685,1.872858e-07
2026-10-05 09:29:00,0,9,29,2.0517,3.0,3.0,0.013685,1.872858e-07
2026-10-05 09:29:30,0,9,29,13.2636,3.0,3.0,0.013685,1.872858e-07
2026-10-05 09:30:00,0,9,30,6.4773,3.0,3.0,0.075269,5.665395e-06
2026-10-05 09:30:30,0,9,30,10.0093,2.0,2.0,0.075269,5.665395e-06
2026-10-05 09:31:00,0,9,31,22.8143,3.0,3.0,0.01564,2.446181e-07
2026-10-05 09:31:30,0,9,31,10.4539,2.0,2.0,0.206256,4.3e-05
2026-10-05 09:32:00,0,9,32,8.1988,2.0,2.0,0.014663,2.149964e-07
2026-10-05 09:32:30,0,9,32,7.0717,4.0,4.0,0.0,0.0
2026-10-05 09:33:00,0,9,33,10.5602,5.0,5.0,0.013685,1.872858e-07
2026-10-05 09:33:30,0,9,33,6.2765,4.0,4.0,0.014663,2.149964e-07
2026-10-05 09:34:00,0,9,34,1.932,2.0,2.0,0.013685,1.872858e-07
2026-10-05 09:34:30,0,9,34,5.2382,4.0,4.0,0.261975,6.9e-05
2026-10-05 09:35:00,0,9,35,14.2473,3.0,3.0,0.014663,2.149964e-07
2026-10-05 09:35:30,0,9,35,3.7144,3.0,3.0,0.02346,5.503908e-07
2026-10-05 09:36:00,0,9,36,9.3303,4.0,4.0,0.148583,2.2e-05
2026-10-05 09:36:30,0,9,36,13.1791,2.0,2.0,0.000978,9.555396e-10
2026-10-05 09:37:00,0,9,37,4.2775,2.0,2.0,0.167155,2.8e-05
2026-10-05 09:37:30,0,9,37,46.4662,2.0,2.0,0.013685,1.872858e-07
2026-10-05 09:38:00,0,9,38,14.4321,1.0,1.0,0.099707,9.941436e-06
2026-10-05 09:38:30,0,9,38,1.2616,3.0,3.0,0.013685,1.872858e-07
2026-10-05 09:39:00,0,9,39,14.2473,3.0,3.0,0.002933,8.599857e-09
2026-10-05 09:39:30,0,9,39,1.0015,2.0,2.0,0.016618,2.76151e-07
2026-10-05 09:40:00,0,9,40,21.4428,4.0,4.0,0.068426,4.682145e-06
2026-10-05 09:40:30,0,9,40,6.5266,3.0,3.0,0.000978,9.555396e-10
2026-10-05 09:41:00,0,9,41,7.9065,3.0,3.0,0.013685,1.872858e-07
2026-10-05 09:41:30,0,9,41,12.6128,3.0,3.0,0.229717,5.3e-05
2026-10-05 09:42:00,0,9,42,1.2996,2.0,2.0,0.014663,2.149964e-07
2026-10-05 09:42:30,0,9,42,10.5602,5.0,5.0,0.013685,1.872858e-07
2026-10-05 09:43:00,0,9,43,13.2621,2.0,2.0,0.336266,0.000113
2026-10-05 09:43:30,0,9,43,7.845,4.0,4.0,0.01564,2.446181e-07
2026-10-05 09:44:00,0,9,44,1.9078,5.0,5.0,0.01955,3.822159e-07
2026-10-05 09:44:30,0,9,44,4.6173,1.0,1.0,0.013685,1.872858e-07
2026-10-05 09:45:00,0,9,45,5.0969,1.0,1.0,0.00782,6.115454e-08
2026-10-05 09:45:30,0,9,45,5.2382,4.0,4.0,0.014663,2.149964e-07
2026-10-05 09:46:00,0,9,46,9.9306,2.0,2.0,0.103617,1.1e-05
2026-10-05 09:46:30,0,9,46,16.2809,4.0,4.0,0.014663,2.149964e-07
2026-10-05 09:47:00,0,9,47,10.3546,3.0,3.0,0.012708,1.614862e-07
2026-10-05 09:47:30,0,9,47,33.1375,3.0,3.0,0.024438,5.972124e-07
2026-10-05 09:48:00,0,9,48,9.173,4.0,4.0,0.013685,1.872858e-07
2026-10-05 09:48:30,0,9,48,10.476,2.0,2.0,0.013685,1.872858e-07
2026-10-05 09:49:00,0,9,49,1.5757,2.0,2.0,0.086022,7.399699e-06
2026-10-05 09:49:30,0,9,49,1.932,2.0,2.0,0.018573,3.449499e-07
2026-10-05 09:50:00,0,9,50,15.243,2.0,2.0,0.013685,1.872858e-07
2026-10-05 09:50:30,0,9,50,8.4328,2.0,2.0,0.087977,7.739871e-06
2026-10-05 09:51:00,0,9,51,8.4199,3.0,3.0,0.013685,1.872858e-07
2026-10-05 09:51:30,0,9,51,2.877,2.0,2.0,0.01564,2.446181e-07
2026-10-05 09:52:00,0,9,52,1.5173,3.0,3.0,0.012708,1.614862e-07
2026-10-05 09:52:30,0,9,52,12.6542,4.0,4.0,0.124145,1.5e-05
2026-10-05 09:53:00,0,9,53,10.5602,5.0,5.0,0.013685,1.872858e-07
2026-10-05 09:53:30,0,9,53,2.714,3.0,3.0,0.020528,4.21393e-07
2026-10-05 09:54:00,0,9,54,10.0748,4.0,4.0,0.127077,1.6e-05
2026-10-05 09:54:30,0,9,54,13.1791,2.0,2.0,0.075269,5.665395e-06
2026-10-05 09:55:00,0,9,55,13.8257,2.0,2.0,0.181818,3.3e-05
2026-10-05 09:55:30,0,9,55,3.2416,4.0,4.0,0.014663,2.149964e-07
2026-10-05 09:56:00,0,9,56,8.5776,2.0,2.0,0.013685,1.872858e-07
2026-10-05 09:56:30,0,9,56,2.1545,2.0,2.0,0.177908,3.2e-05
2026-10-05 09:57:00,0,9,57,16.4464,3.0,3.0,0.084066,7.067172e-06
2026-10-05 09:57:30,0,9,57,10.3783,2.0,2.0,0.013685,1.872858e-07
2026-10-05 09:58:00,0,9,58,1.0015,2.0,2.0,0.013685,1.872858e-07
2026-10-05 09:58:30,0,9,58,4.2775,2.0,2.0,0.017595,3.095949e-07
2026-10-05 09:59:00,0,9,59,9.7811,5.0,5.0,0.014663,2.149964e-07
2026-10-05 09:59:30,0,9,59,2.0243,4.0,4.0,0.014663,2.149964e-07
2026-10-05 10:00:00,0,10,0,27.0448,5.0,5.0,0.095797,9.177003e-06
2026-10-05 10:00:30,0,10,0,2.0392,4.0,4.0,0.086999,7.568829e-06
2026-10-05 10:01:00,0,10,1,2.1111,6.0,6.0,0.115347,1.3e-05
2026-10-05 10:01:30,0,10,1,5.8725,5.0,5.0,0.070381,4.953518e-06
2026-10-05 10:02:00,0,10,2,2.0258,6.0,6.0,0.255132,6.5e-05
2026-10-05 10:02:30,0,10,2,19.6778,5.0,5.0,0.106549,1.1e-05
2026-10-05 10:03:00,0,10,3,6.5119,4.0,4.0,0.308895,9.5e-05
2026-10-05 10:03:30,0,10,3,2.9616,4.0,4.0,0.135875,1.8e-05
2026-10-05 10:04:00,0,10,4,3.3252,4.0,4.0,0.084066,7.067172e-06
2026-10-05 10:04:30,0,10,4,1.137,4.0,4.0,0.136852,1.9e-05
2026-10-05 10:05:00,0,10,5,4.8151,4.0,4.0,0.181818,3.3e-05
2026-10-05 10:05:30,0,10,5,1.1663,3.0,3.0,0.102639,1.1e-05
2026-10-05 10:06:00,0,10,6,7.6486,3.0,3.0,0.090909,8.264464e-06
2026-10-05 10:06:30,0,10,6,15.9551,5.0,5.0,0.418377,0.000175
2026-10-05 10:07:00,0,10,7,8.1722,4.0,4.0,0.076246,5.813504e-06
2026-10-05 10:07:30,0,10,7,19.6778,5.0,5.0,0.420332,0.000177
2026-10-05 10:08:00,0,10,8,2.4323,4.0,4.0,0.113392,1.3e-05
2026-10-05 10:08:30,0,10,8,1.1663,3.0,3.0,0.073314,5.37491e-06
2026-10-05 10:09:00,0,10,9,6.9274,4.0,4.0,0.098729,9.747461e-06
2026-10-05 10:09:30,0,10,9,2.2857,4.0,4.0,0.078201,6.115454e-06
2026-10-05 10:10:00,0,10,10,2.3498,4.0,4.0,0.496579,0.000247
2026-10-05 10:10:30,0,10,10,12.2097,5.0,5.0,0.266862,7.1e-05
2026-10-05 10:11:00,0,10,11,3.6394,4.0,4.0,0.090909,8.264464e-06
2026-10-05 10:11:30,0,10,11,6.8857,5.0,5.0,0.183773,3.4e-05
2026-10-05 10:12:00,0,10,12,20.4832,3.0,3.0,0.078201,6.115454e-06
2026-10-05 10:12:30,0,10,12,5.9579,7.0,7.0,0.058651,3.439943e-06
2026-10-05 10:13:00,0,10,13,0.9895,4.0,4.0,0.117302,1.4e-05
2026-10-05 10:13:30,0,10,13,10.932,7.0,7.0,0.265885,7.1e-05
2026-10-05 10:14:00,0,10,14,10.9744,4.0,4.0,0.179863,3.2e-05
2026-10-05 10:14:30,0,10,14,3.8853,5.0,5.0,0.087977,7.739871e-06
2026-10-05 10:15:00,0,10,15,3.9555,5.0,5.0,0.066471,4.418416e-06
2026-10-05 10:15:30,0,10,15,5.7015,4.0,4.0,0.080156,6.425048e-06
2026-10-05 10:16:00,0,10,16,11.5731,3.0,3.0,0.070381,4.953518e-06
2026-10-05 10:16:30,0,10,16,9.5153,3.0,3.0,0.0,0.0
2026-10-05 10:17:00,0,10,17,2.7697,2.0,2.0,0.013685,1.872858e-07
2026-10-05 10:17:30,0,10,17,9.2688,4.0,4.0,0.012708,1.614862e-07
2026-10-05 10:18:00,0,10,18,19.6078,4.0,4.0,0.061584,3.792537e-06
2026-10-05 10:18:30,0,10,18,37.9702,3.0,3.0,0.017595,3.095949e-07
2026-10-05 10:19:00,0,10,19,4.2775,2.0,2.0,0.013685,1.872858e-07
2026-10-05 10:19:30,0,10,19,5.3207,3.0,3.0,0.269795,7.3e-05
2026-10-05 10:20:00,0,10,20,9.9574,3.0,3.0,0.013685,1.872858e-07
2026-10-05 10:20:30,0,10,20,23.9717,3.0,3.0,0.090909,8.264464e-06
2026-10-05 10:21:00,0,10,21,4.33,1.0,1.0,0.0,0.0
2026-10-05 10:21:30,0,10,21,1.2089,3.0,3.0,0.014663,2.149964e-07
2026-10-05 10:22:00,0,10,22,9.1937,2.0,2.0,0.013685,1.872858e-07
2026-10-05 10:22:30,0,10,22,4.2808,4.0,4.0,0.013685,1.872858e-07
2026-10-05 10:23:00,0,10,23,8.7134,2.0,2.0,0.016618,2.76151e-07
2026-10-05 10:23:30,0,10,23,2.4125,2.0,2.0,0.014663,2.149964e-07
2026-10-05 10:24:00,0,10,24,9.3957,4.0,4.0,0.013685,1.872858e-07
2026-10-05 10:24:30,0,10,24,9.2688,4.0,4.0,0.013685,1.872858e-07
2026-10-05 10:25:00,0,10,25,26.8869,2.0,2.0,0.013685,1.872858e-07
2026-10-05 10:25:30,0,10,25,15.0121,4.0,4.0,0.013685,1.872858e-07
2026-10-05 10:26:00,0,10,26,6.4049,2.0,2.0,0.0,0.0
2026-10-05 10:26:30,0,10,26,12.2792,4.0,4.0,0.014663,2.149964e-07
2026-10-05 10:27:00,0,10,27,10.0093,2.0,2.0,0.055718,3.104548e-06
2026-10-05 10:27:30,0,10,27,7.4709,2.0,2.0,0.14174,2e-05
2026-10-05 10:28:00,0,10,28,12.3781,3.0,3.0,0.013685,1.872858e-07
2026-10-05 10:28:30,0,10,28,11.5932,2.0,2.0,0.013685,1.872858e-07
2026-10-05 10:29:00,0,10,29,8.3267,4.0,4.0,0.013685,1.872858e-07
2026-10-05 10:29:30,0,10,29,8.3502,3.0,3.0,0.013685,1.872858e-07
2026-10-05 10:30:00,0,10,30,8.3008,2.0,2.0,0.013685,1.872858e-07
2026-10-05 10:30:30,0,10,30,7.9585,3.0,3.0,0.096774,9.365243e-06
2026-10-05 10:31:00,0,10,31,8.4199,3.0,3.0,0.013685,1.872858e-07
2026-10-05 10:31:30,0,10,31,31.6089,3.0,3.0,0.017595,3.095949e-07
2026-10-05 10:32:00,0,10,32,2.1681,4.0,4.0,0.166178,2.8e-05
2026-10-05 10:32:30,0,10,32,9.9117,4.0,4.0,0.082111,6.742288e-06
2026-10-05 10:33:00,0,10,33,5.3136,4.0,4.0,0.013685,1.872858e-07
2026-10-05 10:33:30,0,10,33,21.6228,4.0,4.0,0.105572,1.1e-05
2026-10-05 10:34:00,0,10,34,2.9886,3.0,3.0,0.013685,1.872858e-07
2026-10-05 10:34:30,0,10,34,10.2855,3.0,3.0,0.0,0.0
2026-10-05 10:35:00,0,10,35,13.2621,2.0,2.0,0.236559,5.6e-05
2026-10-05 10:35:30,0,10,35,36.3411,2.0,2.0,0.236559,5.6e-05
2026-10-05 10:36:00,0,10,36,5.8365,3.0,3.0,0.013685,1.872858e-07
2026-10-05 10:36:30,0,10,36,11.0688,3.0,3.0,0.061584,3.792537e-06
2026-10-05 10:37:00,0,10,37,6.0478,4.0,4.0,0.016618,2.76151e-07
2026-10-05 10:37:30,0,10,37,1.8125,3.0,3.0,0.013685,1.872858e-07
2026-10-05 10:38:00,0,10,38,7.4709,2.0,2.0,0.426197,0.000182
2026-10-05 10:38:30,0,10,38,1.8394,3.0,3.0,0.058651,3.439943e-06
2026-10-05 10:39:00,0,10,39,14.8435,3.0,3.0,0.194526,3.8e-05
2026-10-05 10:39:30,0,10,39,3.8631,2.0,2.0,0.013685,1.872858e-07
2026-10-05 10:40:00,0,10,40,7.6791,4.0,4.0,0.00391,1.528863e-08
2026-10-05 10:40:30,0,10,40,5.7815,3.0,3.0,0.0,0.0
2026-10-05 10:41:00,0,10,41,1.745,3.0,3.0,0.347019,0.00012
2026-10-05 10:41:30,0,10,41,2.1681,4.0,4.0,0.013685,1.872858e-07
2026-10-05 10:42:00,0,10,42,8.7134,2.0,2.0,0.013685,1.872858e-07
2026-10-05 10:42:30,0,10,42,9.9117,4.0,4.0,0.29521,8.7e-05
2026-10-05 10:43:00,0,10,43,4.5562,3.0,3.0,0.013685,1.872858e-07
2026-10-05 10:43:30,0,10,43,8.3008,2.0,2.0,0.391984,0.000154
2026-10-05 10:44:00,0,10,44,35.2564,2.0,2.0,0.012708,1.614862e-07
2026-10-05 10:44:30,0,10,44,4.5702,3.0,3.0,0.013685,1.872858e-07
2026-10-05 10:45:00,0,10,45,9.8619,2.0,2.0,0.241447,5.8e-05
2026-10-05 10:45:30,0,10,45,2.8701,2.0,2.0,0.013685,1.872858e-07
2026-10-05 10:46:00,0,10,46,1.6906,2.0,2.0,0.013685,1.872858e-07
2026-10-05 10:46:30,0,10,46,3.6787,1.0,1.0,0.013685,1.872858e-07
2026-10-05 10:47:00,0,10,47,4.5231,2.0,2.0,0.27566,7.6e-05
2026-10-05 10:47:30,0,10,47,6.5266,3.0,3.0,0.013685,1.872858e-07
2026-10-05 10:48:00,0,10,48,1.0015,2.0,2.0,0.013685,1.872858e-07
2026-10-05 10:48:30,0,10,48,7.2239,3.0,3.0,0.090909,8.264464e-06
2026-10-05 10:49:00,0,10,49,2.0517,3.0,3.0,0.013685,1.872858e-07
2026-10-05 10:49:30,0,10,49,67.8325,1.0,1.0,0.006843,4.682144e-08
2026-10-05 10:50:00,0,10,50,8.8859,3.0,3.0,0.013685,1.872858e-07
2026-10-05 10:50:30,0,10,50,4.6173,1.0,1.0,0.014663,2.149964e-07
2026-10-05 10:51:00,0,10,51,11.3544,4.0,4.0,0.01564,2.446181e-07
2026-10-05 10:51:30,0,10,51,11.3039,2.0,2.0,0.013685,1.872858e-07
2026-10-05 10:52:00,0,10,52,12.3407,2.0,2.0,0.252199,6.4e-05
2026-10-05 10:52:30,0,10,52,5.6118,2.0,2.0,0.01955,3.822159e-07
2026-10-05 10:53:00,0,10,53,11.877,3.0,3.0,0.013685,1.872858e-07
2026-10-05 10:53:30,0,10,53,65.5896,2.0,2.0,0.191593,3.7e-05
2026-10-05 10:54:00,0,10,54,5.3407,1.0,1.0,0.013685,1.872858e-07
2026-10-05 10:54:30,0,10,54,11.2365,2.0,2.0,0.005865,3.439943e-08
2026-10-05 10:55:00,0,10,55,18.2893,4.0,4.0,0.013685,1.872858e-07
2026-10-05 10:55:30,0,10,55,17.6369,3.0,3.0,0.014663,2.149964e-07
2026-10-05 10:56:00,0,10,56,11.3357,3.0,3.0,0.470186,0.000221
2026-10-05 10:56:30,0,10,56,11.1315,3.0,3.0,0.381232,0.000145
2026-10-05 10:57:00,0,10,57,1.8394,3.0,3.0,0.013685,1.872858e-07
2026-10-05 10:57:30,0,10,57,8.5713,3.0,3.0,0.13783,1.9e-05
2026-10-05 10:58:00,0,10,58,8.3267,4.0,4.0,0.013685,1.872858e-07
2026-10-05 10:58:30,0,10,58,6.3298,2.0,2.0,0.013685,1.872858e-07
2026-10-05 10:59:00,0,10,59,13.1753,3.0,3.0,0.013685,1.872858e-07
2026-10-05 10:59:30,0,10,59,1.6341,2.0,2.0,0.112414,1.3e-05
2026-10-05 11:00:00,0,11,0,21.6228,4.0,4.0,0.013685,1.872858e-07
2026-10-05 11:00:30,0,11,0,7.9788,3.0,3.0,0.076246,5.813504e-06
2026-10-05 11:01:00,0,11,1,12.1602,4.0,4.0,0.013685,1.872858e-07
2026-10-05 11:01:30,0,11,1,12.6581,3.0,3.0,0.013685,1.872858e-07
2026-10-05 11:02:00,0,11,2,9.9117,4.0,4.0,0.082111,6.742288e-06
2026-10-05 11:02:30,0,11,2,14.3573,2.0,2.0,0.014663,2.149964e-07
2026-10-05 11:03:00,0,11,3,11.8107,3.0,3.0,0.332356,0.00011
2026-10-05 11:03:30,0,11,3,15.4508,2.0,2.0,0.013685,1.872858e-07
2026-10-05 11:04:00,0,11,4,10.767,2.0,2.0,0.013685,1.872858e-07
2026-10-05 11:04:30,0,11,4,4.2775,2.0,2.0,0.004888,2.388849e-08
2026-10-05 11:05:00,0,11,5,14.9081,3.0,3.0,0.345064,0.000119
2026-10-05 11:05:30,0,11,5,9.1937,2.0,2.0,0.226784,5.1e-05
2026-10-05 11:06:00,0,11,6,11.5932,2.0,2.0,0.062561,3.91389e-06
2026-10-05 11:06:30,0,11,6,1.6138,3.0,3.0,0.082111,6.742288e-06
2026-10-05 11:07:00,0,11,7,7.6791,4.0,4.0,0.237537,5.6e-05
2026-10-05 11:07:30,0,11,7,2.2886,1.0,1.0,0.14956,2.2e-05
2026-10-05 11:08:00,0,11,8,2.9072,1.0,1.0,0.146628,2.1e-05
2026-10-05 11:08:30,0,11,8,2.1681,4.0,4.0,0.0,0.0
2026-10-05 11:09:00,0,11,9,11.9275,3.0,3.0,0.241447,5.8e-05
2026-10-05 11:09:30,0,11,9,7.9585,3.0,3.0,0.146628,2.1e-05
2026-10-05 11:10:00,0,11,10,6.5266,3.0,3.0,0.013685,1.872858e-07
2026-10-05 11:10:30,0,11,10,9.8418,3.0,3.0,0.160313,2.6e-05
2026-10-05 11:11:00,0,11,11,1.9078,5.0,5.0,0.013685,1.872858e-07
2026-10-05 11:11:30,0,11,11,2.0386,3.0,3.0,0.29521,8.7e-05
2026-10-05 11:12:00,0,11,12,3.6232,3.0,3.0,0.014663,2.149964e-07
2026-10-05 11:12:30,0,11,12,9.5153,3.0,3.0,0.013685,1.872858e-07
2026-10-05 11:13:00,0,11,13,20.0244,3.0,3.0,0.044966,2.021922e-06
2026-10-05 11:13:30,0,11,13,17.9777,4.0,4.0,0.241447,5.8e-05
2026-10-05 11:14:00,0,11,14,10.0093,2.0,2.0,0.013685,1.872858e-07
2026-10-05 11:14:30,0,11,14,7.9788,3.0,3.0,0.124145,1.5e-05
2026-10-05 11:15:00,0,11,15,3.861,3.0,3.0,0.014663,2.149964e-07
2026-10-05 11:15:30,0,11,15,7.0863,1.0,1.0,0.013685,1.872858e-07
2026-10-05 11:16:00,0,11,16,7.0931,2.0,2.0,0.014663,2.149964e-07
2026-10-05 11:16:30,0,11,16,8.9891,4.0,4.0,0.013685,1.872858e-07
2026-10-05 11:17:00,0,11,17,9.9574,3.0,3.0,0.013685,1.872858e-07
2026-10-05 11:17:30,0,11,17,59.5625,3.0,3.0,0.013685,1.872858e-07
2026-10-05 11:18:00,0,11,18,6.5266,3.0,3.0,0.012708,1.614862e-07
2026-10-05 11:18:30,0,11,18,6.9928,2.0,2.0,0.013685,1.872858e-07
2026-10-05 11:19:00,0,11,19,30.9904,2.0,2.0,0.013685,1.872858e-07
2026-10-05 11:19:30,0,11,19,28.987,2.0,2.0,0.013685,1.872858e-07
2026-10-05 11:20:00,0,11,20,8.7668,3.0,3.0,0.0,0.0
2026-10-05 11:20:30,0,11,20,9.3957,4.0,4.0,0.192571,3.7e-05
2026-10-05 11:21:00,0,11,21,9.3957,4.0,4.0,0.014663,2.149964e-07
2026-10-05 11:21:30,0,11,21,1.7583,4.0,4.0,0.013685,1.872858e-07
2026-10-05 11:22:00,0,11,22,12.3214,3.0,3.0,0.082111,6.742288e-06
2026-10-05 11:22:30,0,11,22,11.3908,4.0,4.0,0.088954,7.912824e-06
2026-10-05 11:23:00,0,11,23,32.0471,2.0,2.0,0.087977,7.739871e-06
2026-10-05 11:23:30,0,11,23,4.5321,5.0,5.0,0.000978,9.555396e-10
2026-10-05 11:24:00,0,11,24,17.6956,4.0,4.0,0.017595,3.095949e-07
2026-10-05 11:24:30,0,11,24,12.7452,1.0,1.0,0.476051,0.000227
2026-10-05 11:25:00,0,11,25,3.4555,2.0,2.0,0.013685,1.872858e-07
2026-10-05 11:25:30,0,11,25,5.7815,3.0,3.0,0.358749,0.000129
2026-10-05 11:26:00,0,11,26,14.8435,3.0,3.0,0.064516,4.162331e-06
2026-10-05 11:26:30,0,11,26,18.7861,4.0,4.0,0.183773,3.4e-05
2026-10-05 11:27:00,0,11,27,9.5153,3.0,3.0,0.014663,2.149964e-07
2026-10-05 11:27:30,0,11,27,2.1703,3.0,3.0,0.013685,1.872858e-07
2026-10-05 11:28:00,0,11,28,11.5731,3.0,3.0,0.014663,2.149964e-07
2026-10-05 11:28:30,0,11,28,37.9702,3.0,3.0,0.014663,2.149964e-07
2026-10-05 11:29:00,0,11,29,7.9788,3.0,3.0,0.013685,1.872858e-07
2026-10-05 11:29:30,0,11,29,9.2688,4.0,4.0,0.228739,5.2e-05
2026-10-05 11:30:00,0,11,30,3.1503,5.0,5.0,0.013685,1.872858e-07
2026-10-05 11:30:30,0,11,30,3.4665,2.0,2.0,0.013685,1.872858e-07
2026-10-05 11:31:00,0,11,31,17.6956,4.0,4.0,0.013685,1.872858e-07
2026-10-05 11:31:30,0,11,31,20.0244,3.0,3.0,0.013685,1.872858e-07
2026-10-05 11:32:00,0,11,32,4.1571,4.0,4.0,0.016618,2.76151e-07
2026-10-05 11:32:30,0,11,32,3.6232,3.0,3.0,0.013685,1.872858e-07
2026-10-05 11:33:00,0,11,33,13.4709,4.0,4.0,0.006843,4.682144e-08
2026-10-05 11:33:30,0,11,33,12.7452,1.0,1.0,0.013685,1.872858e-07
2026-10-05 11:34:00,0,11,34,11.5932,2.0,2.0,0.420332,0.000177
2026-10-05 11:34:30,0,11,34,22.8143,3.0,3.0,0.013685,1.872858e-07
2026-10-05 11:35:00,0,11,35,8.3267,4.0,4.0,0.014663,2.149964e-07
2026-10-05 11:35:30,0,11,35,7.6683,2.0,2.0,0.013685,1.872858e-07
2026-10-05 11:36:00,0,11,36,4.2808,4.0,4.0,0.080156,6.425048e-06
2026-10-05 11:36:30,0,11,36,10.0144,2.0,2.0,0.013685,1.872858e-07
2026-10-05 11:37:00,0,11,37,1.745,3.0,3.0,0.14174,2e-05
2026-10-05 11:37:30,0,11,37,7.2708,4.0,4.0,0.481916,0.000232
2026-10-05 11:38:00,0,11,38,1.5071,2.0,2.0,0.013685,1.872858e-07
2026-10-05 11:38:30,0,11,38,7.9585,3.0,3.0,0.013685,1.872858e-07
2026-10-05 11:39:00,0,11,39,10.5663,2.0,2.0,0.013685,1.872858e-07
2026-10-05 11:39:30,0,11,39,10.0135,4.0,4.0,0.183773,3.4e-05
2026-10-05 11:40:00,0,11,40,23.9717,3.0,3.0,0.014663,2.149964e-07
2026-10-05 11:40:30,0,11,40,7.9065,3.0,3.0,0.166178,2.8e-05
2026-10-05 11:41:00,0,11,41,4.0831,1.0,1.0,0.095797,9.177003e-06
2026-10-05 11:41:30,0,11,41,7.0931,2.0,2.0,0.013685,1.872858e-07
2026-10-05 11:42:00,0,11,42,18.7861,4.0,4.0,0.0,0.0
2026-10-05 11:42:30,0,11,42,9.9109,3.0,3.0,0.0,0.0
2026-10-05 11:43:00,0,11,43,12.516,3.0,3.0,0.063539,4.037155e-06
2026-10-05 11:43:30,0,11,43,16.7937,4.0,4.0,0.013685,1.872858e-07
2026-10-05 11:44:00,0,11,44,11.877,3.0,3.0,0.013685,1.872858e-07
2026-10-05 11:44:30,0,11,44,4.7597,3.0,3.0,0.016618,2.76151e-07
2026-10-05 11:45:00,0,11,45,12.3214,3.0,3.0,0.013685,1.872858e-07
2026-10-05 11:45:30,0,11,45,15.2381,3.0,3.0,0.000978,9.555396e-10
2026-10-05 11:46:00,0,11,46,10.0748,4.0,4.0,0.261975,6.9e-05
2026-10-05 11:46:30,0,11,46,13.924,3.0,3.0,0.048876,2.388849e-06
2026-10-05 11:47:00,0,11,47,12.7346,3.0,3.0,0.476051,0.000227
2026-10-05 11:47:30,0,11,47,3.2487,3.0,3.0,0.080156,6.425048e-06
2026-10-05 11:48:00,0,11,48,7.1094,3.0,3.0,0.000978,9.555396e-10
2026-10-05 11:48:30,0,11,48,0.9513,2.0,2.0,0.0,0.0
2026-10-05 11:49:00,0,11,49,1.8125,3.0,3.0,0.013685,1.872858e-07
2026-10-05 11:49:30,0,11,49,4.5562,3.0,3.0,0.01564,2.446181e-07
2026-10-05 11:50:00,0,11,50,6.2765,4.0,4.0,0.014663,2.149964e-07
2026-10-05 11:50:30,0,11,50,36.3411,2.0,2.0,0.013685,1.872858e-07
2026-10-05 11:51:00,0,11,51,11.0198,3.0,3.0,0.013685,1.872858e-07
2026-10-05 11:51:30,0,11,51,15.4865,3.0,3.0,0.269795,7.3e-05
2026-10-05 11:52:00,0,11,52,5.153,3.0,3.0,0.27566,7.6e-05
2026-10-05 11:52:30,0,11,52,12.0665,2.0,2.0,0.013685,1.872858e-07
2026-10-05 11:53:00,0,11,53,3.8631,2.0,2.0,0.064516,4.162331e-06
2026-10-05 11:53:30,0,11,53,3.2566,2.0,2.0,0.042033,1.766793e-06
2026-10-05 11:54:00,0,11,54,7.4709,2.0,2.0,0.013685,1.872858e-07
2026-10-05 11:54:30,0,11,54,11.3097,2.0,2.0,0.082111,6.742288e-06
2026-10-05 11:55:00,0,11,55,1.2211,2.0,2.0,0.013685,1.872858e-07
2026-10-05 11:55:30,0,11,55,11.0045,2.0,2.0,0.200391,4e-05
2026-10-05 11:56:00,0,11,56,1.9242,5.0,5.0,0.013685,1.872858e-07
2026-10-05 11:56:30,0,11,56,15.1229,2.0,2.0,0.008798,7.739872e-08
2026-10-05 11:57:00,0,11,57,13.2636,3.0,3.0,0.01955,3.822159e-07
2026-10-05 11:57:30,0,11,57,14.9081,3.0,3.0,0.035191,1.238379e-06
2026-10-05 11:58:00,0,11,58,6.8611,3.0,3.0,0.014663,2.149964e-07
2026-10-05 11:58:30,0,11,58,32.56,2.0,2.0,0.013685,1.872858e-07
2026-10-05 11:59:00,0,11,59,6.4244,2.0,2.0,0.028348,8.036089e-07
2026-10-05 11:59:30,0,11,59,9.9306,2.0,2.0,0.013685,1.872858e-07
2026-10-05 12:00:00,0,12,0,11.2077,2.0,2.0,0.266862,7.1e-05
2026-10-05 12:00:30,0,12,0,2.4145,3.0,3.0,0.040078,1.606262e-06
2026-10-05 12:01:00,0,12,1,2.7327,6.0,6.0,0.040078,1.606262e-06
2026-10-05 12:01:30,0,12,1,50.5642,5.0,5.0,0.332356,0.00011
2026-10-05 12:02:00,0,12,2,15.9551,5.0,5.0,0.422287,0.000178
2026-10-05 12:02:30,0,12,2,16.1772,5.0,5.0,0.066471,4.418416e-06
2026-10-05 12:03:00,0,12,3,67.7132,4.0,4.0,0.066471,4.418416e-06
2026-10-05 12:03:30,0,12,3,2.7582,5.0,5.0,0.078201,6.115454e-06
2026-10-05 12:04:00,0,12,4,0.4591,5.0,5.0,0.255132,6.5e-05
2026-10-05 12:04:30,0,12,4,2.8489,4.0,4.0,0.191593,3.7e-05
2026-10-05 12:05:00,0,12,5,1.9808,3.0,3.0,0.231672,5.4e-05
2026-10-05 12:05:30,0,12,5,9.4217,6.0,6.0,0.098729,9.747461e-06
2026-10-05 12:06:00,0,12,6,1.3907,4.0,4.0,0.082111,6.742288e-06
2026-10-05 12:06:30,0,12,6,11.5669,5.0,5.0,0.231672,5.4e-05
2026-10-05 12:07:00,0,12,7,14.0381,4.0,4.0,0.136852,1.9e-05
2026-10-05 12:07:30,0,12,7,3.2848,4.0,4.0,0.115347,1.3e-05
2026-10-05 12:08:00,0,12,8,3.6059,4.0,4.0,0.14956,2.2e-05
2026-10-05 12:08:30,0,12,8,0.3218,4.0,4.0,0.420332,0.000177
2026-10-05 12:09:00,0,12,9,8.7345,3.0,3.0,0.558162,0.000312
2026-10-05 12:09:30,0,12,9,0.6325,4.0,4.0,0.14174,2e-05
2026-10-05 12:10:00,0,12,10,4.8148,7.0,7.0,0.084066,7.067172e-06
2026-10-05 12:10:30,0,12,10,4.2467,4.0,4.0,0.197458,3.9e-05
2026-10-05 12:11:00,0,12,11,14.4782,5.0,5.0,0.113392,1.3e-05
2026-10-05 12:11:30,0,12,11,3.5962,5.0,5.0,0.134897,1.8e-05
2026-10-05 12:12:00,0,12,12,16.6306,6.0,6.0,0.136852,1.9e-05
2026-10-05 12:12:30,0,12,12,0.289,3.0,3.0,0.16911,2.9e-05
2026-10-05 12:13:00,0,12,13,9.0297,3.0,3.0,0.095797,9.177003e-06
2026-10-05 12:13:30,0,12,13,24.5669,4.0,4.0,0.358749,0.000129
2026-10-05 12:14:00,0,12,14,11.2077,2.0,2.0,0.095797,9.177003e-06
2026-10-05 12:14:30,0,12,14,3.5962,5.0,5.0,0.16911,2.9e-05
2026-10-05 12:15:00,0,12,15,3.5267,5.0,5.0,0.076246,5.813504e-06
2026-10-05 12:15:30,0,12,15,1.3179,4.0,4.0,0.194526,3.8e-05
2026-10-05 12:16:00,0,12,16,4.7169,2.0,2.0,0.016618,2.76151e-07
2026-10-05 12:16:30,0,12,16,15.2381,3.0,3.0,0.00391,1.528863e-08
2026-10-05 12:17:00,0,12,17,4.5231,2.0,2.0,0.0,0.0
2026-10-05 12:17:30,0,12,17,5.3136,4.0,4.0,0.481916,0.000232
2026-10-05 12:18:00,0,12,18,15.1625,2.0,2.0,0.014663,2.149964e-07
2026-10-05 12:18:30,0,12,18,8.7668,3.0,3.0,0.014663,2.149964e-07
2026-10-05 12:19:00,0,12,19,1.9294,5.0,5.0,0.085044,7.23248e-06
2026-10-05 12:19:30,0,12,19,12.2792,4.0,4.0,0.013685,1.872858e-07
2026-10-05 12:20:00,0,12,20,1.8394,3.0,3.0,0.013685,1.872858e-07
2026-10-05 12:20:30,0,12,20,7.4875,5.0,5.0,0.013685,1.872858e-07
2026-10-05 12:21:00,0,12,21,9.9055,2.0,2.0,0.013685,1.872858e-07
2026-10-05 12:21:30,0,12,21,11.0198,3.0,3.0,0.00391,1.528863e-08
2026-10-05 12:22:00,0,12,22,19.3456,2.0,2.0,0.013685,1.872858e-07
2026-10-05 12:22:30,0,12,22,8.5776,2.0,2.0,0.014663,2.149964e-07
2026-10-05 12:23:00,0,12,23,8.7134,2.0,2.0,0.013685,1.872858e-07
2026-10-05 12:23:30,0,12,23,11.5217,2.0,2.0,0.013685,1.872858e-07
2026-10-05 12:24:00,0,12,24,6.5266,3.0,3.0,0.014663,2.149964e-07
2026-10-05 12:24:30,0,12,24,6.6272,1.0,1.0,0.14174,2e-05
2026-10-05 12:25:00,0,12,25,6.3298,2.0,2.0,0.014663,2.149964e-07
2026-10-05 12:25:30,0,12,25,30.9904,2.0,2.0,0.013685,1.872858e-07
2026-10-05 12:26:00,0,12,26,11.7929,2.0,2.0,0.013685,1.872858e-07
2026-10-05 12:26:30,0,12,26,1.1754,2.0,2.0,0.013685,1.872858e-07
2026-10-05 12:27:00,0,12,27,8.8859,3.0,3.0,0.347019,0.00012
2026-10-05 12:27:30,0,12,27,2.8701,2.0,2.0,0.024438,5.972124e-07
2026-10-05 12:28:00,0,12,28,12.197,3.0,3.0,0.167155,2.8e-05
2026-10-05 12:28:30,0,12,28,4.4928,4.0,4.0,0.013685,1.872858e-07
2026-10-05 12:29:00,0,12,29,11.8541,2.0,2.0,0.013685,1.872858e-07
2026-10-05 12:29:30,0,12,29,6.8611,3.0,3.0,0.236559,5.6e-05
2026-10-05 12:30:00,0,12,30,3.0105,3.0,3.0,0.013685,1.872858e-07
2026-10-05 12:30:30,0,12,30,28.3003,2.0,2.0,0.014663,2.149964e-07
2026-10-05 12:31:00,0,12,31,10.4539,2.0,2.0,0.013685,1.872858e-07
2026-10-05 12:31:30,0,12,31,3.7422,2.0,2.0,0.013685,1.872858e-07
2026-10-05 12:32:00,0,12,32,33.5748,2.0,2.0,0.455523,0.000208
2026-10-05 12:32:30,0,12,32,19.1572,4.0,4.0,0.061584,3.792537e-06
2026-10-05 12:33:00,0,12,33,2.8361,2.0,2.0,0.021505,4.624812e-07
2026-10-05 12:33:30,0,12,33,3.2566,2.0,2.0,0.013685,1.872858e-07
2026-10-05 12:34:00,0,12,34,33.1375,3.0,3.0,0.012708,1.614862e-07
2026-10-05 12:34:30,0,12,34,46.4662,2.0,2.0,0.640274,0.00041
2026-10-05 12:35:00,0,12,35,33.1375,3.0,3.0,0.096774,9.365243e-06
2026-10-05 12:35:30,0,12,35,6.4526,2.0,2.0,0.000978,9.555396e-10
2026-10-05 12:36:00,0,12,36,12.516,3.0,3.0,0.020528,4.21393e-07
2026-10-05 12:36:30,0,12,36,5.6807,3.0,3.0,0.051808,2.684111e-06
2026-10-05 12:37:00,0,12,37,1.975,3.0,3.0,0.589443,0.000347
2026-10-05 12:37:30,0,12,37,11.5731,3.0,3.0,0.0,0.0
2026-10-05 12:38:00,0,12,38,4.3659,5.0,5.0,0.000978,9.555396e-10
2026-10-05 12:38:30,0,12,38,9.1937,2.0,2.0,0.358749,0.000129
2026-10-05 12:39:00,0,12,39,6.5891,3.0,3.0,0.013685,1.872858e-07
2026-10-05 12:39:30,0,12,39,6.6118,2.0,2.0,0.013685,1.872858e-07
2026-10-05 12:40:00,0,12,40,10.2855,3.0,3.0,0.013685,1.872858e-07
2026-10-05 12:40:30,0,12,40,1.6906,2.0,2.0,0.014663,2.149964e-07
2026-10-05 12:41:00,0,12,41,3.7144,3.0,3.0,0.0,0.0
2026-10-05 12:41:30,0,12,41,5.153,3.0,3.0,0.017595,3.095949e-07
2026-10-05 12:42:00,0,12,42,13.2621,2.0,2.0,0.013685,1.872858e-07
2026-10-05 12:42:30,0,12,42,4.8564,3.0,3.0,0.345064,0.000119
2026-10-05 12:43:00,0,12,43,2.9886,3.0,3.0,0.013685,1.872858e-07
2026-10-05 12:43:30,0,12,43,11.5932,2.0,2.0,0.013685,1.872858e-07
2026-10-05 12:44:00,0,12,44,4.5702,3.0,3.0,0.013685,1.872858e-07
2026-10-05 12:44:30,0,12,44,11.0198,3.0,3.0,0.0,0.0
2026-10-05 12:45:00,0,12,45,19.9333,2.0,2.0,0.012708,1.614862e-07
2026-10-05 12:45:30,0,12,45,59.2468,3.0,3.0,0.0,0.0
2026-10-05 12:46:00,0,12,46,14.5312,3.0,3.0,0.013685,1.872858e-07
2026-10-05 12:46:30,0,12,46,6.6068,1.0,1.0,0.013685,1.872858e-07
2026-10-05 12:47:00,0,12,47,21.9102,4.0,4.0,0.013685,1.872858e-07
2026-10-05 12:47:30,0,12,47,9.0775,4.0,4.0,0.024438,5.972124e-07
2026-10-05 12:48:00,0,12,48,9.9776,2.0,2.0,0.098729,9.747461e-06
2026-10-05 12:48:30,0,12,48,9.9117,4.0,4.0,0.018573,3.449499e-07
2026-10-05 12:49:00,0,12,49,6.3298,2.0,2.0,0.075269,5.665395e-06
2026-10-05 12:49:30,0,12,49,10.8928,3.0,3.0,0.013685,1.872858e-07
2026-10-05 12:50:00,0,12,50,4.3659,5.0,5.0,0.014663,2.149964e-07
2026-10-05 12:50:30,0,12,50,10.9198,3.0,3.0,0.013685,1.872858e-07
2026-10-05 12:51:00,0,12,51,36.0461,1.0,1.0,0.136852,1.9e-05
2026-10-05 12:51:30,0,12,51,7.845,4.0,4.0,0.013685,1.872858e-07
2026-10-05 12:52:00,0,12,52,13.2173,3.0,3.0,0.108504,1.2e-05
2026-10-05 12:52:30,0,12,52,0.9513,2.0,2.0,0.012708,1.614862e-07
2026-10-05 12:53:00,0,12,53,2.2537,3.0,3.0,0.01564,2.446181e-07
2026-10-05 12:53:30,0,12,53,11.3908,4.0,4.0,0.013685,1.872858e-07
2026-10-05 12:54:00,0,12,54,2.9072,1.0,1.0,0.012708,1.614862e-07
2026-10-05 12:54:30,0,12,54,10.1236,3.0,3.0,0.040078,1.606262e-06
2026-10-05 12:55:00,0,12,55,8.3008,2.0,2.0,0.084066,7.067172e-06
2026-10-05 12:55:30,0,12,55,19.9333,2.0,2.0,0.013685,1.872858e-07
2026-10-05 12:56:00,0,12,56,9.1658,3.0,3.0,0.013685,1.872858e-07
2026-10-05 12:56:30,0,12,56,1.8394,3.0,3.0,0.013685,1.872858e-07
2026-10-05 12:57:00,0,12,57,11.5932,2.0,2.0,0.0,0.0
2026-10-05 12:57:30,0,12,57,1.745,3.0,3.0,0.134897,1.8e-05
2026-10-05 12:58:00,0,12,58,26.4596,2.0,2.0,0.14956,2.2e-05
2026-10-05 12:58:30,0,12,58,13.9392,3.0,3.0,0.013685,1.872858e-07
2026-10-05 12:59:00,0,12,59,7.9788,3.0,3.0,0.000978,9.555396e-10
2026-10-05 12:59:30,0,12,59,13.1109,2.0,2.0,0.000978,9.555396e-10
2026-10-05 13:00:00,0,13,0,7.9585,3.0,3.0,0.317693,0.000101
2026-10-05 13:00:30,0,13,0,2.4125,2.0,2.0,0.312805,9.8e-05
2026-10-05 13:01:00,0,13,1,17.853,4.0,4.0,0.012708,1.614862e-07
2026-10-05 13:01:30,0,13,1,1.745,3.0,3.0,0.014663,2.149964e-07
2026-10-05 13:02:00,0,13,2,17.0153,4.0,4.0,0.071359,5.092071e-06
2026-10-05 13:02:30,0,13,2,6.6272,1.0,1.0,0.013685,1.872858e-07
2026-10-05 13:03:00,0,13,3,1.5071,2.0,2.0,0.013685,1.872858e-07
2026-10-05 13:03:30,0,13,3,1.4605,5.0,5.0,0.013685,1.872858e-07
2026-10-05 13:04:00,0,13,4,12.7346,3.0,3.0,0.013685,1.872858e-07
2026-10-05 13:04:30,0,13,4,12.7182,3.0,3.0,0.014663,2.149964e-07
2026-10-05 13:05:00,0,13,5,5.6807,3.0,3.0,0.194526,3.8e-05
2026-10-05 13:05:30,0,13,5,14.2473,3.0,3.0,0.228739,5.2e-05
2026-10-05 13:06:00,0,13,6,40.3832,3.0,3.0,0.013685,1.872858e-07
2026-10-05 13:06:30,0,13,6,2.9886,3.0,3.0,0.013685,1.872858e-07
2026-10-05 13:07:00,0,13,7,4.4928,4.0,4.0,0.202346,4.1e-05
2026-10-05 13:07:30,0,13,7,5.5321,2.0,2.0,0.012708,1.614862e-07
2026-10-05 13:08:00,0,13,8,7.2708,4.0,4.0,0.055718,3.104548e-06
2026-10-05 13:08:30,0,13,8,13.3918,2.0,2.0,0.333333,0.000111
2026-10-05 13:09:00,0,13,9,10.1392,4.0,4.0,0.013685,1.872858e-07
2026-10-05 13:09:30,0,13,9,8.8859,3.0,3.0,0.013685,1.872858e-07
2026-10-05 13:10:00,0,13,10,7.845,4.0,4.0,0.102639,1.1e-05
2026-10-05 13:10:30,0,13,10,9.4948,4.0,4.0,0.013685,1.872858e-07
2026-10-05 13:11:00,0,13,11,8.4199,3.0,3.0,0.067449,4.549325e-06
2026-10-05 13:11:30,0,13,11,9.9306,2.0,2.0,0.013685,1.872858e-07
2026-10-05 13:12:00,0,13,12,1.4605,5.0,5.0,0.013685,1.872858e-07
2026-10-05 13:12:30,0,13,12,12.899,2.0,2.0,0.014663,2.149964e-07
2026-10-05 13:13:00,0,13,13,11.1455,2.0,2.0,0.013685,1.872858e-07
2026-10-05 13:13:30,0,13,13,6.3298,2.0,2.0,0.01564,2.446181e-07
2026-10-05 13:14:00,0,13,14,12.6542,4.0,4.0,0.442815,0.000196
2026-10-05 13:14:30,0,13,14,9.894,2.0,2.0,0.058651,3.439943e-06
2026-10-05 13:15:00,0,13,15,10.476,2.0,2.0,0.105572,1.1e-05
2026-10-05 13:15:30,0,13,15,2.1703,3.0,3.0,0.0,0.0
2026-10-05 13:16:00,0,13,16,9.5153,3.0,3.0,0.018573,3.449499e-07
2026-10-05 13:16:30,0,13,16,8.4218,3.0,3.0,0.080156,6.425048e-06
2026-10-05 13:17:00,0,13,17,7.0863,1.0,1.0,0.041056,1.685572e-06
2026-10-05 13:17:30,0,13,17,2.5131,1.0,1.0,0.014663,2.149964e-07
2026-10-05 13:18:00,0,13,18,14.9081,3.0,3.0,0.024438,5.972124e-07
2026-10-05 13:18:30,0,13,18,5.1724,2.0,2.0,0.013685,1.872858e-07
2026-10-05 13:19:00,0,13,19,11.0198,3.0,3.0,0.013685,1.872858e-07
2026-10-05 13:19:30,0,13,19,2.0386,3.0,3.0,0.0,0.0
2026-10-05 13:20:00,0,13,20,12.2792,4.0,4.0,0.013685,1.872858e-07
2026-10-05 13:20:30,0,13,20,22.8143,3.0,3.0,0.013685,1.872858e-07
2026-10-05 13:21:00,0,13,21,14.5312,3.0,3.0,0.013685,1.872858e-07
2026-10-05 13:21:30,0,13,21,18.3526,3.0,3.0,0.013685,1.872858e-07
2026-10-05 13:22:00,0,13,22,1.9008,4.0,4.0,0.013685,1.872858e-07
2026-10-05 13:22:30,0,13,22,13.3918,2.0,2.0,0.018573,3.449499e-07
2026-10-05 13:23:00,0,13,23,8.5667,4.0,4.0,0.038123,1.453376e-06
2026-10-05 13:23:30,0,13,23,6.8611,3.0,3.0,0.082111,6.742288e-06
2026-10-05 13:24:00,0,13,24,4.4295,4.0,4.0,0.013685,1.872858e-07
2026-10-05 13:24:30,0,13,24,8.4199,3.0,3.0,0.013685,1.872858e-07
2026-10-05 13:25:00,0,13,25,26.8869,2.0,2.0,0.013685,1.872858e-07
2026-10-05 13:25:30,0,13,25,4.9176,3.0,3.0,0.101662,1e-05
2026-10-05 13:26:00,0,13,26,10.1247,2.0,2.0,0.0,0.0
2026-10-05 13:26:30,0,13,26,10.8928,3.0,3.0,0.048876,2.388849e-06
2026-10-05 13:27:00,0,13,27,14.3573,2.0,2.0,0.012708,1.614862e-07
2026-10-05 13:27:30,0,13,27,4.4295,4.0,4.0,0.005865,3.439943e-08
2026-10-05 13:28:00,0,13,28,6.3298,2.0,2.0,0.345064,0.000119
2026-10-05 13:28:30,0,13,28,11.8541,2.0,2.0,0.01564,2.446181e-07
2026-10-05 13:29:00,0,13,29,1.8394,3.0,3.0,0.012708,1.614862e-07
2026-10-05 13:29:30,0,13,29,9.173,4.0,4.0,0.079179,6.269296e-06
2026-10-05 13:30:00,0,13,30,4.6173,1.0,1.0,0.084066,7.067172e-06
2026-10-05 13:30:30,0,13,30,65.5896,2.0,2.0,0.000978,9.555396e-10
2026-10-05 13:31:00,0,13,31,9.9776,2.0,2.0,0.041056,1.685572e-06
2026-10-05 13:31:30,0,13,31,6.4773,3.0,3.0,0.013685,1.872858e-07
2026-10-05 13:32:00,0,13,32,3.2566,2.0,2.0,0.013685,1.872858e-07
2026-10-05 13:32:30,0,13,32,7.5234,3.0,3.0,0.476051,0.000227
2026-10-05 13:33:00,0,13,33,6.9928,2.0,2.0,0.013685,1.872858e-07
2026-10-05 13:33:30,0,13,33,17.6369,3.0,3.0,0.379277,0.000144
2026-10-05 13:34:00,0,13,34,15.3615,0.0,0.0,0.112414,1.3e-05
2026-10-05 13:34:30,0,13,34,61.9991,2.0,2.0,0.000978,9.555396e-10
2026-10-05 13:35:00,0,13,35,8.9891,4.0,4.0,0.196481,3.9e-05
2026-10-05 13:35:30,0,13,35,37.9702,3.0,3.0,0.420332,0.000177
2026-10-05 13:36:00,0,13,36,13.1791,2.0,2.0,0.0,0.0
2026-10-05 13:36:30,0,13,36,3.2416,4.0,4.0,0.014663,2.149964e-07
2026-10-05 13:37:00,0,13,37,12.4173,3.0,3.0,0.021505,4.624812e-07
2026-10-05 13:37:30,0,13,37,11.8541,2.0,2.0,0.013685,1.872858e-07
2026-10-05 13:38:00,0,13,38,9.7811,5.0,5.0,0.215054,4.6e-05
2026-10-05 13:38:30,0,13,38,16.1821,2.0,2.0,0.014663,2.149964e-07
2026-10-05 13:39:00,0,13,39,7.5234,3.0,3.0,0.01564,2.446181e-07
2026-10-05 13:39:30,0,13,39,20.4481,3.0,3.0,0.589443,0.000347
2026-10-05 13:40:00,0,13,40,1.9008,4.0,4.0,0.064516,4.162331e-06
2026-10-05 13:40:30,0,13,40,6.1406,3.0,3.0,0.013685,1.872858e-07
2026-10-05 13:41:00,0,13,41,6.3298,2.0,2.0,0.013685,1.872858e-07
2026-10-05 13:41:30,0,13,41,8.4199,3.0,3.0,0.381232,0.000145
2026-10-05 13:42:00,0,13,42,1.2089,3.0,3.0,0.044966,2.021922e-06
2026-10-05 13:42:30,0,13,42,1.6922,2.0,2.0,0.055718,3.104548e-06
2026-10-05 13:43:00,0,13,43,5.3136,4.0,4.0,0.044966,2.021922e-06
2026-10-05 13:43:30,0,13,43,5.1724,2.0,2.0,0.082111,6.742288e-06
2026-10-05 13:44:00,0,13,44,11.3908,4.0,4.0,0.013685,1.872858e-07
2026-10-05 13:44:30,0,13,44,6.6118,2.0,2.0,0.013685,1.872858e-07
2026-10-05 13:45:00,0,13,45,10.7868,2.0,2.0,0.013685,1.872858e-07
2026-10-05 13:45:30,0,13,45,1.747,2.0,2.0,0.005865,3.439943e-08
2026-10-05 13:46:00,0,13,46,32.56,2.0,2.0,0.012708,1.614862e-07
2026-10-05 13:46:30,0,13,46,7.4709,2.0,2.0,0.051808,2.684111e-06
2026-10-05 13:47:00,0,13,47,1.3252,4.0,4.0,0.013685,1.872858e-07
2026-10-05 13:47:30,0,13,47,9.8418,3.0,3.0,0.014663,2.149964e-07
2026-10-05 13:48:00,0,13,48,13.924,3.0,3.0,0.030303,9.182737e-07
2026-10-05 13:48:30,0,13,48,13.4709,4.0,4.0,0.200391,4e-05
2026-10-05 13:49:00,0,13,49,1.5789,5.0,5.0,0.0,0.0
2026-10-05 13:49:30,0,13,49,13.4081,3.0,3.0,0.312805,9.8e-05
2026-10-05 13:50:00,0,13,50,9.9574,3.0,3.0,0.052786,2.786354e-06
2026-10-05 13:50:30,0,13,50,13.5713,3.0,3.0,0.063539,4.037155e-06
2026-10-05 13:51:00,0,13,51,7.4709,2.0,2.0,0.013685,1.872858e-07
2026-10-05 13:51:30,0,13,51,5.153,3.0,3.0,0.013685,1.872858e-07
2026-10-05 13:52:00,0,13,52,16.4464,3.0,3.0,0.041056,1.685572e-06
2026-10-05 13:52:30,0,13,52,3.861,3.0,3.0,0.013685,1.872858e-07
2026-10-05 13:53:00,0,13,53,11.3069,2.0,2.0,0.01564,2.446181e-07
2026-10-05 13:53:30,0,13,53,9.9776,2.0,2.0,0.013685,1.872858e-07
2026-10-05 13:54:00,0,13,54,11.2648,4.0,4.0,0.013685,1.872858e-07
2026-10-05 13:54:30,0,13,54,21.6228,4.0,4.0,0.013685,1.872858e-07
2026-10-05 13:55:00,0,13,55,4.6173,1.0,1.0,0.000978,9.555396e-10
2026-10-05 13:55:30,0,13,55,17.9777,4.0,4.0,0.0,0.0
2026-10-05 13:56:00,0,13,56,9.4948,4.0,4.0,0.041056,1.685572e-06
2026-10-05 13:56:30,0,13,56,16.4179,3.0,3.0,0.013685,1.872858e-07
2026-10-05 13:57:00,0,13,57,11.7723,2.0,2.0,0.013685,1.872858e-07
2026-10-05 13:57:30,0,13,57,8.3008,2.0,2.0,0.013685,1.872858e-07
2026-10-05 13:58:00,0,13,58,2.1681,4.0,4.0,0.038123,1.453376e-06
2026-10-05 13:58:30,0,13,58,14.3573,2.0,2.0,0.236559,5.6e-05
2026-10-05 13:59:00,0,13,59,10.9254,3.0,3.0,0.014663,2.149964e-07
2026-10-05 13:59:30,0,13,59,7.6219,4.0,4.0,0.013685,1.872858e-07
2026-10-05 14:00:00,0,14,0,21.5016,4.0,4.0,0.179863,3.2e-05
2026-10-05 14:00:30,0,14,0,3.2231,4.0,4.0,0.076246,5.813504e-06
2026-10-05 14:01:00,0,14,1,3.2231,4.0,4.0,0.359726,0.000129
2026-10-05 14:01:30,0,14,1,9.0964,4.0,4.0,0.084066,7.067172e-06
2026-10-05 14:02:00,0,14,2,2.4006,7.0,7.0,0.167155,2.8e-05
2026-10-05 14:02:30,0,14,2,2.4915,4.0,4.0,0.229717,5.3e-05
2026-10-05 14:03:00,0,14,3,10.8401,4.0,4.0,0.061584,3.792537e-06
2026-10-05 14:03:30,0,14,3,3.5267,5.0,5.0,0.207234,4.3e-05
2026-10-05 14:04:00,0,14,4,9.3605,4.0,4.0,0.086022,7.399699e-06
2026-10-05 14:04:30,0,14,4,0.7917,2.0,2.0,0.27957,7.8e-05
2026-10-05 14:05:00,0,14,5,8.1727,5.0,5.0,0.194526,3.8e-05
2026-10-05 14:05:30,0,14,5,3.2416,5.0,5.0,0.255132,6.5e-05
2026-10-05 14:06:00,0,14,6,3.6246,4.0,4.0,0.123167,1.5e-05
2026-10-05 14:06:30,0,14,6,6.0406,5.0,5.0,0.095797,9.177003e-06
2026-10-05 14:07:00,0,14,7,2.0764,3.0,3.0,0.064516,4.162331e-06
2026-10-05 14:07:30,0,14,7,14.6593,3.0,3.0,0.073314,5.37491e-06
2026-10-05 14:08:00,0,14,8,4.3786,3.0,3.0,0.248289,6.2e-05
2026-10-05 14:08:30,0,14,8,3.2348,5.0,5.0,0.086999,7.568829e-06
2026-10-05 14:09:00,0,14,9,0.988,3.0,3.0,0.059629,3.555563e-06
2026-10-05 14:09:30,0,14,9,0.7606,4.0,4.0,0.244379,6e-05
2026-10-05 14:10:00,0,14,10,24.8243,5.0,5.0,0.218964,4.8e-05
2026-10-05 14:10:30,0,14,10,1.145,5.0,5.0,0.160313,2.6e-05
2026-10-05 14:11:00,0,14,11,2.4356,3.0,3.0,0.040078,1.606262e-06
2026-10-05 14:11:30,0,14,11,15.5042,4.0,4.0,0.090909,8.264464e-06
2026-10-05 14:12:00,0,14,12,0.5689,3.0,3.0,0.087977,7.739871e-06
2026-10-05 14:12:30,0,14,12,7.3479,2.0,2.0,0.098729,9.747461e-06
2026-10-05 14:13:00,0,14,13,13.7396,5.0,5.0,0.134897,1.8e-05
2026-10-05 14:13:30,0,14,13,12.2097,5.0,5.0,0.040078,1.606262e-06
2026-10-05 14:14:00,0,14,14,1.9065,4.0,4.0,0.067449,4.549325e-06
2026-10-05 14:14:30,0,14,14,25.2499,5.0,5.0,0.349951,0.000122
2026-10-05 14:15:00,0,14,15,13.6058,5.0,5.0,0.102639,1.1e-05
2026-10-05 14:15:30,0,14,15,0.6679,2.0,2.0,0.076246,5.813504e-06
2026-10-05 14:16:00,0,14,16,2.9072,1.0,1.0,0.312805,9.8e-05
2026-10-05 14:16:30,0,14,16,8.3729,2.0,2.0,0.013685,1.872858e-07
2026-10-05 14:17:00,0,14,17,13.1791,2.0,2.0,0.261975,6.9e-05
2026-10-05 14:17:30,0,14,17,9.894,2.0,2.0,0.013685,1.872858e-07
2026-10-05 14:18:00,0,14,18,2.4125,2.0,2.0,0.013685,1.872858e-07
2026-10-05 14:18:30,0,14,18,6.4526,2.0,2.0,0.013685,1.872858e-07
2026-10-05 14:19:00,0,14,19,5.3136,4.0,4.0,0.0,0.0
2026-10-05 14:19:30,0,14,19,7.4875,5.0,5.0,0.009775,9.555396e-08
2026-10-05 14:20:00,0,14,20,2.9886,3.0,3.0,0.237537,5.6e-05
2026-10-05 14:20:30,0,14,20,13.9392,3.0,3.0,0.013685,1.872858e-07
2026-10-05 14:21:00,0,14,21,1.6922,2.0,2.0,0.013685,1.872858e-07
2026-10-05 14:21:30,0,14,21,15.2381,3.0,3.0,0.194526,3.8e-05
2026-10-05 14:22:00,0,14,22,32.7927,2.0,2.0,0.27566,7.6e-05
2026-10-05 14:22:30,0,14,22,0.9513,2.0,2.0,0.206256,4.3e-05
2026-10-05 14:23:00,0,14,23,3.4665,2.0,2.0,0.012708,1.614862e-07
2026-10-05 14:23:30,0,14,23,9.9109,3.0,3.0,0.379277,0.000144
2026-10-05 14:24:00,0,14,24,6.6272,1.0,1.0,0.013685,1.872858e-07
2026-10-05 14:24:30,0,14,24,17.426,2.0,2.0,0.030303,9.182737e-07
2026-10-05 14:25:00,0,14,25,6.1406,3.0,3.0,0.184751,3.4e-05
2026-10-05 14:25:30,0,14,25,8.9891,4.0,4.0,0.012708,1.614862e-07
2026-10-05 14:26:00,0,14,26,5.3247,3.0,3.0,0.02346,5.503908e-07
2026-10-05 14:26:30,0,14,26,24.1142,4.0,4.0,0.013685,1.872858e-07
2026-10-05 14:27:00,0,14,27,9.4948,4.0,4.0,0.013685,1.872858e-07
2026-10-05 14:27:30,0,14,27,3.6602,2.0,2.0,0.013685,1.872858e-07
2026-10-05 14:28:00,0,14,28,7.0863,1.0,1.0,0.078201,6.115454e-06
2026-10-05 14:28:30,0,14,28,11.7929,2.0,2.0,0.16911,2.9e-05
2026-10-05 14:29:00,0,14,29,10.2811,2.0,2.0,0.640274,0.00041
2026-10-05 14:29:30,0,14,29,4.8704,1.0,1.0,0.013685,1.872858e-07
2026-10-05 14:30:00,0,14,30,4.5484,3.0,3.0,0.27566,7.6e-05
2026-10-05 14:30:30,0,14,30,15.3419,2.0,2.0,0.01564,2.446181e-07
2026-10-05 14:31:00,0,14,31,7.2239,3.0,3.0,0.013685,1.872858e-07
2026-10-05 14:31:30,0,14,31,20.0244,3.0,3.0,0.135875,1.8e-05
2026-10-05 14:32:00,0,14,32,7.9073,4.0,4.0,0.085044,7.23248e-06
2026-10-05 14:32:30,0,14,32,10.5602,5.0,5.0,0.481916,0.000232
2026-10-05 14:33:00,0,14,33,5.7815,3.0,3.0,0.014663,2.149964e-07
2026-10-05 14:33:30,0,14,33,10.476,2.0,2.0,0.013685,1.872858e-07
2026-10-05 14:34:00,0,14,34,7.9065,3.0,3.0,0.013685,1.872858e-07
2026-10-05 14:34:30,0,14,34,1.5757,2.0,2.0,0.013685,1.872858e-07
2026-10-05 14:35:00,0,14,35,14.2473,3.0,3.0,0.013685,1.872858e-07
2026-10-05 14:35:30,0,14,35,9.3957,4.0,4.0,0.013685,1.872858e-07
2026-10-05 14:36:00,0,14,36,1.233,4.0,4.0,0.013685,1.872858e-07
2026-10-05 14:36:30,0,14,36,10.476,2.0,2.0,0.013685,1.872858e-07
2026-10-05 14:37:00,0,14,37,12.6128,3.0,3.0,0.013685,1.872858e-07
2026-10-05 14:37:30,0,14,37,12.3214,3.0,3.0,0.013685,1.872858e-07
2026-10-05 14:38:00,0,14,38,7.9788,3.0,3.0,0.016618,2.76151e-07
2026-10-05 14:38:30,0,14,38,5.3215,3.0,3.0,0.018573,3.449499e-07
2026-10-05 14:39:00,0,14,39,13.9392,3.0,3.0,0.093842,8.806253e-06
2026-10-05 14:39:30,0,14,39,4.7169,2.0,2.0,0.012708,1.614862e-07
2026-10-05 14:40:00,0,14,40,0.9513,2.0,2.0,0.013685,1.872858e-07
2026-10-05 14:40:30,0,14,40,33.1222,2.0,2.0,0.166178,2.8e-05
2026-10-05 14:41:00,0,14,41,8.6677,4.0,4.0,0.013685,1.872858e-07
2026-10-05 14:41:30,0,14,41,8.3267,4.0,4.0,0.013685,1.872858e-07
2026-10-05 14:42:00,0,14,42,8.9891,4.0,4.0,0.013685,1.872858e-07
2026-10-05 14:42:30,0,14,42,6.8611,3.0,3.0,0.15738,2.5e-05
2026-10-05 14:43:00,0,14,43,61.9991,2.0,2.0,0.013685,1.872858e-07
2026-10-05 14:43:30,0,14,43,4.5702,3.0,3.0,0.084066,7.067172e-06
2026-10-05 14:44:00,0,14,44,8.3267,4.0,4.0,0.044966,2.021922e-06
2026-10-05 14:44:30,0,14,44,8.7668,3.0,3.0,0.01564,2.446181e-07
2026-10-05 14:45:00,0,14,45,7.6791,4.0,4.0,0.013685,1.872858e-07
2026-10-05 14:45:30,0,14,45,16.4179,3.0,3.0,0.016618,2.76151e-07
2026-10-05 14:46:00,0,14,46,3.5139,5.0,5.0,0.013685,1.872858e-07
2026-10-05 14:46:30,0,14,46,13.3918,2.0,2.0,0.014663,2.149964e-07
2026-10-05 14:47:00,0,14,47,11.0688,3.0,3.0,0.214076,4.6e-05
2026-10-05 14:47:30,0,14,47,32.7927,2.0,2.0,0.013685,1.872858e-07
2026-10-05 14:48:00,0,14,48,11.5932,2.0,2.0,0.013685,1.872858e-07
2026-10-05 14:48:30,0,14,48,3.2163,2.0,2.0,0.082111,6.742288e-06
2026-10-05 14:49:00,0,14,49,1.745,3.0,3.0,0.000978,9.555396e-10
2026-10-05 14:49:30,0,14,49,3.2566,2.0,2.0,0.640274,0.00041
2026-10-05 14:50:00,0,14,50,2.0243,4.0,4.0,0.005865,3.439943e-08
2026-10-05 14:50:30,0,14,50,35.2564,2.0,2.0,0.013685,1.872858e-07
2026-10-05 14:51:00,0,14,51,8.6127,4.0,4.0,0.013685,1.872858e-07
2026-10-05 14:51:30,0,14,51,11.5731,3.0,3.0,0.0,0.0
2026-10-05 14:52:00,0,14,52,1.5757,2.0,2.0,0.013685,1.872858e-07
2026-10-05 14:52:30,0,14,52,8.4218,3.0,3.0,0.0,0.0
2026-10-05 14:53:00,0,14,53,7.4709,2.0,2.0,0.013685,1.872858e-07
2026-10-05 14:53:30,0,14,53,11.3908,4.0,4.0,0.181818,3.3e-05
2026-10-05 14:54:00,0,14,54,36.3411,2.0,2.0,0.014663,2.149964e-07
2026-10-05 14:54:30,0,14,54,22.233,4.0,4.0,0.0,0.0
2026-10-05 14:55:00,0,14,55,15.0411,2.0,2.0,0.013685,1.872858e-07
2026-10-05 14:55:30,0,14,55,36.0461,1.0,1.0,0.013685,1.872858e-07
2026-10-05 14:56:00,0,14,56,65.5896,2.0,2.0,0.640274,0.00041
2026-10-05 14:56:30,0,14,56,7.9585,3.0,3.0,0.014663,2.149964e-07
2026-10-05 14:57:00,0,14,57,4.8704,1.0,1.0,0.012708,1.614862e-07
2026-10-05 14:57:30,0,14,57,2.4125,2.0,2.0,0.013685,1.872858e-07
2026-10-05 14:58:00,0,14,58,19.3456,2.0,2.0,0.013685,1.872858e-07
2026-10-05 14:58:30,0,14,58,9.8619,2.0,2.0,0.013685,1.872858e-07
2026-10-05 14:59:00,0,14,59,10.3546,3.0,3.0,0.0,0.0
2026-10-05 14:59:30,0,14,59,5.5321,2.0,2.0,0.013685,1.872858e-07
2026-10-05 15:00:00,0,15,0,7.2938,4.0,4.0,0.01564,2.446181e-07
2026-10-05 15:00:30,0,15,0,13.9392,3.0,3.0,0.013685,1.872858e-07
2026-10-05 15:01:00,0,15,1,9.3303,4.0,4.0,0.014663,2.149964e-07
2026-10-05 15:01:30,0,15,1,19.9333,2.0,2.0,0.030303,9.182737e-07
2026-10-05 15:02:00,0,15,2,1.9078,5.0,5.0,0.01955,3.822159e-07
2026-10-05 15:02:30,0,15,2,36.0461,1.0,1.0,0.013685,1.872858e-07
2026-10-05 15:03:00,0,15,3,15.0411,2.0,2.0,0.01955,3.822159e-07
2026-10-05 15:03:30,0,15,3,1.9294,5.0,5.0,0.013685,1.872858e-07
2026-10-05 15:04:00,0,15,4,8.5596,4.0,4.0,0.030303,9.182737e-07
2026-10-05 15:04:30,0,15,4,15.243,2.0,2.0,0.0,0.0
2026-10-05 15:05:00,0,15,5,10.767,2.0,2.0,0.013685,1.872858e-07
2026-10-05 15:05:30,0,15,5,11.877,3.0,3.0,0.013685,1.872858e-07
2026-10-05 15:06:00,0,15,6,21.9102,4.0,4.0,0.02346,5.503908e-07
2026-10-05 15:06:30,0,15,6,5.6807,3.0,3.0,0.013685,1.872858e-07
2026-10-05 15:07:00,0,15,7,3.4555,2.0,2.0,0.014663,2.149964e-07
2026-10-05 15:07:30,0,15,7,2.1703,3.0,3.0,0.01564,2.446181e-07
2026-10-05 15:08:00,0,15,8,14.122,4.0,4.0,0.0,0.0
2026-10-05 15:08:30,0,15,8,8.5667,4.0,4.0,0.013685,1.872858e-07
2026-10-05 15:09:00,0,15,9,40.3832,3.0,3.0,0.012708,1.614862e-07
2026-10-05 15:09:30,0,15,9,33.1375,3.0,3.0,0.078201,6.115454e-06
2026-10-05 15:10:00,0,15,10,1.2089,3.0,3.0,0.013685,1.872858e-07
2026-10-05 15:10:30,0,15,10,5.6602,3.0,3.0,0.013685,1.872858e-07
2026-10-05 15:11:00,0,15,11,8.5596,4.0,4.0,0.013685,1.872858e-07
2026-10-05 15:11:30,0,15,11,6.4526,2.0,2.0,0.013685,1.872858e-07
2026-10-05 15:12:00,0,15,12,14.8435,3.0,3.0,0.013685,1.872858e-07
2026-10-05 15:12:30,0,15,12,1.745,3.0,3.0,0.082111,6.742288e-06
2026-10-05 15:13:00,0,15,13,8.5667,4.0,4.0,0.013685,1.872858e-07
2026-10-05 15:13:30,0,15,13,2.6554,3.0,3.0,0.013685,1.872858e-07
2026-10-05 15:14:00,0,15,14,12.3407,2.0,2.0,0.084066,7.067172e-06
2026-10-05 15:14:30,0,15,14,18.0109,5.0,5.0,0.013685,1.872858e-07
2026-10-05 15:15:00,0,15,15,11.3357,3.0,3.0,0.013685,1.872858e-07
2026-10-05 15:15:30,0,15,15,9.5153,3.0,3.0,0.013685,1.872858e-07
2026-10-05 15:16:00,0,15,16,25.2913,2.0,2.0,0.0,0.0
2026-10-05 15:16:30,0,15,16,7.0863,1.0,1.0,0.013685,1.872858e-07
2026-10-05 15:17:00,0,15,17,8.6677,4.0,4.0,0.253177,6.4e-05
2026-10-05 15:17:30,0,15,17,4.8282,3.0,3.0,0.012708,1.614862e-07
2026-10-05 15:18:00,0,15,18,12.516,3.0,3.0,0.02346,5.503908e-07
2026-10-05 15:18:30,0,15,18,6.5891,3.0,3.0,0.013685,1.872858e-07
2026-10-05 15:19:00,0,15,19,2.4494,3.0,3.0,0.093842,8.806253e-06
2026-10-05 15:19:30,0,15,19,2.4066,3.0,3.0,0.01955,3.822159e-07
2026-10-05 15:20:00,0,15,20,8.4279,4.0,4.0,0.014663,2.149964e-07
2026-10-05 15:20:30,0,15,20,4.0831,1.0,1.0,0.095797,9.177003e-06
2026-10-05 15:21:00,0,15,21,10.0748,4.0,4.0,0.206256,4.3e-05
2026-10-05 15:21:30,0,15,21,10.5103,3.0,3.0,0.013685,1.872858e-07
2026-10-05 15:22:00,0,15,22,13.1753,3.0,3.0,0.005865,3.439943e-08
2026-10-05 15:22:30,0,15,22,7.5234,3.0,3.0,0.013685,1.872858e-07
2026-10-05 15:23:00,0,15,23,12.3781,3.0,3.0,0.30303,9.2e-05
2026-10-05 15:23:30,0,15,23,5.5321,2.0,2.0,0.016618,2.76151e-07
2026-10-05 15:24:00,0,15,24,21.9102,4.0,4.0,0.013685,1.872858e-07
2026-10-05 15:24:30,0,15,24,18.3526,3.0,3.0,0.014663,2.149964e-07
2026-10-05 15:25:00,0,15,25,6.2468,4.0,4.0,0.048876,2.388849e-06
2026-10-05 15:25:30,0,15,25,1.5071,2.0,2.0,0.593353,0.000352
2026-10-05 15:26:00,0,15,26,41.0188,2.0,2.0,0.013685,1.872858e-07
2026-10-05 15:26:30,0,15,26,1.9008,4.0,4.0,0.013685,1.872858e-07
2026-10-05 15:27:00,0,15,27,4.8282,3.0,3.0,0.082111,6.742288e-06
2026-10-05 15:27:30,0,15,27,5.5321,2.0,2.0,0.093842,8.806253e-06
2026-10-05 15:28:00,0,15,28,40.3832,3.0,3.0,0.013685,1.872858e-07
2026-10-05 15:28:30,0,15,28,14.2473,3.0,3.0,0.013685,1.872858e-07
2026-10-05 15:29:00,0,15,29,28.3003,2.0,2.0,0.115347,1.3e-05
2026-10-05 15:29:30,0,15,29,4.4295,4.0,4.0,0.018573,3.449499e-07
2026-10-05 15:30:00,0,15,30,14.5312,3.0,3.0,0.013685,1.872858e-07
2026-10-05 15:30:30,0,15,30,28.3003,2.0,2.0,0.014663,2.149964e-07
2026-10-05 15:31:00,0,15,31,2.9072,1.0,1.0,0.013685,1.872858e-07
2026-10-05 15:31:30,0,15,31,65.5896,2.0,2.0,0.014663,2.149964e-07
2026-10-05 15:32:00,0,15,32,22.233,4.0,4.0,0.017595,3.095949e-07
2026-10-05 15:32:30,0,15,32,4.5702,3.0,3.0,0.00391,1.528863e-08
2026-10-05 15:33:00,0,15,33,3.2487,3.0,3.0,0.098729,9.747461e-06
2026-10-05 15:33:30,0,15,33,4.5321,5.0,5.0,0.012708,1.614862e-07
2026-10-05 15:34:00,0,15,34,20.0409,3.0,3.0,0.013685,1.872858e-07
2026-10-05 15:34:30,0,15,34,7.1714,3.0,3.0,0.013685,1.872858e-07
2026-10-05 15:35:00,0,15,35,9.9306,2.0,2.0,0.090909,8.264464e-06
2026-10-05 15:35:30,0,15,35,15.3419,2.0,2.0,0.013685,1.872858e-07
2026-10-05 15:36:00,0,15,36,8.6585,2.0,2.0,0.347019,0.00012
2026-10-05 15:36:30,0,15,36,1.6341,2.0,2.0,0.0,0.0
2026-10-05 15:37:00,0,15,37,4.8564,3.0,3.0,0.01955,3.822159e-07
2026-10-05 15:37:30,0,15,37,3.0105,3.0,3.0,0.013685,1.872858e-07
2026-10-05 15:38:00,0,15,38,2.1681,4.0,4.0,0.013685,1.872858e-07
2026-10-05 15:38:30,0,15,38,1.0015,2.0,2.0,0.01564,2.446181e-07
2026-10-05 15:39:00,0,15,39,7.2708,4.0,4.0,0.013685,1.872858e-07
2026-10-05 15:39:30,0,15,39,1.2211,2.0,2.0,0.013685,1.872858e-07
2026-10-05 15:40:00,0,15,40,26.8869,2.0,2.0,0.013685,1.872858e-07
2026-10-05 15:40:30,0,15,40,3.1261,3.0,3.0,0.013685,1.872858e-07
2026-10-05 15:41:00,0,15,41,30.8126,2.0,2.0,0.013685,1.872858e-07
2026-10-05 15:41:30,0,15,41,5.119,1.0,1.0,0.113392,1.3e-05
2026-10-05 15:42:00,0,15,42,9.8418,3.0,3.0,0.014663,2.149964e-07
2026-10-05 15:42:30,0,15,42,2.0243,4.0,4.0,0.013685,1.872858e-07
2026-10-05 15:43:00,0,15,43,5.8365,3.0,3.0,0.226784,5.1e-05
2026-10-05 15:43:30,0,15,43,10.5663,2.0,2.0,0.013685,1.872858e-07
2026-10-05 15:44:00,0,15,44,12.6542,4.0,4.0,0.0,0.0
2026-10-05 15:44:30,0,15,44,13.2636,3.0,3.0,0.013685,1.872858e-07
2026-10-05 15:45:00,0,15,45,5.3853,1.0,1.0,0.371457,0.000138
2026-10-05 15:45:30,0,15,45,2.7209,3.0,3.0,0.084066,7.067172e-06
2026-10-05 15:46:00,0,15,46,10.2855,3.0,3.0,0.013685,1.872858e-07
2026-10-05 15:46:30,0,15,46,8.5776,2.0,2.0,0.016618,2.76151e-07
2026-10-05 15:47:00,0,15,47,15.2381,3.0,3.0,0.018573,3.449499e-07
2026-10-05 15:47:30,0,15,47,1.6341,2.0,2.0,0.0,0.0
2026-10-05 15:48:00,0,15,48,22.233,4.0,4.0,0.013685,1.872858e-07
2026-10-05 15:48:30,0,15,48,10.3546,3.0,3.0,0.086999,7.568829e-06
2026-10-05 15:49:00,0,15,49,11.0688,3.0,3.0,0.16911,2.9e-05
2026-10-05 15:49:30,0,15,49,9.1658,3.0,3.0,0.013685,1.872858e-07
2026-10-05 15:50:00,0,15,50,5.6118,2.0,2.0,0.013685,1.872858e-07
2026-10-05 15:50:30,0,15,50,8.5776,2.0,2.0,0.013685,1.872858e-07
2026-10-05 15:51:00,0,15,51,15.3615,0.0,0.0,0.194526,3.8e-05
2026-10-05 15:51:30,0,15,51,15.4865,3.0,3.0,0.013685,1.872858e-07
2026-10-05 15:52:00,0,15,52,10.0144,2.0,2.0,0.013685,1.872858e-07
2026-10-05 15:52:30,0,15,52,10.5103,3.0,3.0,0.012708,1.614862e-07
2026-10-05 15:53:00,0,15,53,1.5789,5.0,5.0,0.013685,1.872858e-07
2026-10-05 15:53:30,0,15,53,6.4526,2.0,2.0,0.014663,2.149964e-07
2026-10-05 15:54:00,0,15,54,15.2381,3.0,3.0,0.006843,4.682144e-08
2026-10-05 15:54:30,0,15,54,3.4665,2.0,2.0,0.0,0.0
2026-10-05 15:55:00,0,15,55,10.3783,2.0,2.0,0.014663,2.149964e-07
2026-10-05 15:55:30,0,15,55,14.9081,3.0,3.0,0.0,0.0
2026-10-05 15:56:00,0,15,56,23.9717,3.0,3.0,0.017595,3.095949e-07
2026-10-05 15:56:30,0,15,56,67.3308,1.0,1.0,0.013685,1.872858e-07
2026-10-05 15:57:00,0,15,57,10.5103,3.0,3.0,0.005865,3.439943e-08
2026-10-05 15:57:30,0,15,57,5.3136,4.0,4.0,0.014663,2.149964e-07
2026-10-05 15:58:00,0,15,58,18.0109,5.0,5.0,0.004888,2.388849e-08
2026-10-05 15:58:30,0,15,58,9.0853,2.0,2.0,0.013685,1.872858e-07
2026-10-05 15:59:00,0,15,59,10.767,2.0,2.0,0.228739,5.2e-05
2026-10-05 15:59:30,0,15,59,15.1229,2.0,2.0,0.013685,1.872858e-07
2026-10-05 16:00:00,0,16,0,6.0478,4.0,4.0,0.084066,7.067172e-06
2026-10-05 16:00:30,0,16,0,2.2537,3.0,3.0,0.013685,1.872858e-07
2026-10-05 16:01:00,0,16,1,1.745,3.0,3.0,0.086999,7.568829e-06
2026-10-05 16:01:30,0,16,1,30.8126,2.0,2.0,0.012708,1.614862e-07
2026-10-05 16:02:00,0,16,2,12.3214,3.0,3.0,0.312805,9.8e-05
2026-10-05 16:02:30,0,16,2,59.5625,3.0,3.0,0.0,0.0
2026-10-05 16:03:00,0,16,3,11.8541,2.0,2.0,0.013685,1.872858e-07
2026-10-05 16:03:30,0,16,3,4.2808,4.0,4.0,0.005865,3.439943e-08
2026-10-05 16:04:00,0,16,4,1.5539,2.0,2.0,0.013685,1.872858e-07
2026-10-05 16:04:30,0,16,4,4.0831,1.0,1.0,0.051808,2.684111e-06
2026-10-05 16:05:00,0,16,5,10.5795,3.0,3.0,0.013685,1.872858e-07
2026-10-05 16:05:30,0,16,5,12.7182,3.0,3.0,0.014663,2.149964e-07
2026-10-05 16:06:00,0,16,6,6.4773,3.0,3.0,0.030303,9.182737e-07
2026-10-05 16:06:30,0,16,6,12.4173,3.0,3.0,0.042033,1.766793e-06
2026-10-05 16:07:00,0,16,7,8.8859,3.0,3.0,0.013685,1.872858e-07
2026-10-05 16:07:30,0,16,7,6.2803,2.0,2.0,0.013685,1.872858e-07
2026-10-05 16:08:00,0,16,8,14.1137,4.0,4.0,0.014663,2.149964e-07
2026-10-05 16:08:30,0,16,8,15.3615,0.0,0.0,0.021505,4.624812e-07
2026-10-05 16:09:00,0,16,9,8.602,4.0,4.0,0.013685,1.872858e-07
2026-10-05 16:09:30,0,16,9,10.2811,2.0,2.0,0.065494,4.289418e-06
2026-10-05 16:10:00,0,16,10,4.5484,3.0,3.0,0.481916,0.000232
2026-10-05 16:10:30,0,16,10,8.6127,4.0,4.0,0.013685,1.872858e-07
2026-10-05 16:11:00,0,16,11,1.747,2.0,2.0,0.060606,3.673095e-06
2026-10-05 16:11:30,0,16,11,28.987,2.0,2.0,0.187683,3.5e-05
2026-10-05 16:12:00,0,16,12,10.0093,2.0,2.0,0.391984,0.000154
2026-10-05 16:12:30,0,16,12,21.4428,4.0,4.0,0.013685,1.872858e-07
2026-10-05 16:13:00,0,16,13,10.3782,3.0,3.0,0.013685,1.872858e-07
2026-10-05 16:13:30,0,16,13,12.7182,3.0,3.0,0.16911,2.9e-05
2026-10-05 16:14:00,0,16,14,4.5231,2.0,2.0,0.014663,2.149964e-07
2026-10-05 16:14:30,0,16,14,7.845,4.0,4.0,0.020528,4.21393e-07
2026-10-05 16:15:00,0,16,15,11.2648,4.0,4.0,0.281525,7.9e-05
2026-10-05 16:15:30,0,16,15,13.5812,3.0,3.0,0.013685,1.872858e-07
2026-10-05 16:16:00,0,16,16,22.233,4.0,4.0,0.030303,9.182737e-07
2026-10-05 16:16:30,0,16,16,9.9574,3.0,3.0,0.013685,1.872858e-07
2026-10-05 16:17:00,0,16,17,28.987,2.0,2.0,0.148583,2.2e-05
2026-10-05 16:17:30,0,16,17,4.5484,3.0,3.0,0.013685,1.872858e-07
2026-10-05 16:18:00,0,16,18,8.8249,3.0,3.0,0.181818,3.3e-05
2026-10-05 16:18:30,0,16,18,2.2886,1.0,1.0,0.044966,2.021922e-06
2026-10-05 16:19:00,0,16,19,2.7353,2.0,2.0,0.085044,7.23248e-06
2026-10-05 16:19:30,0,16,19,63.5098,4.0,4.0,0.013685,1.872858e-07
2026-10-05 16:20:00,0,16,20,7.6683,2.0,2.0,0.236559,5.6e-05
2026-10-05 16:20:30,0,16,20,8.3729,2.0,2.0,0.159335,2.5e-05
2026-10-05 16:21:00,0,16,21,36.0461,1.0,1.0,0.055718,3.104548e-06
2026-10-05 16:21:30,0,16,21,61.9991,2.0,2.0,0.085044,7.23248e-06
2026-10-05 16:22:00,0,16,22,6.9582,5.0,5.0,0.426197,0.000182
2026-10-05 16:22:30,0,16,22,10.767,2.0,2.0,0.196481,3.9e-05
2026-10-05 16:23:00,0,16,23,9.3303,4.0,4.0,0.018573,3.449499e-07
2026-10-05 16:23:30,0,16,23,7.9788,3.0,3.0,0.013685,1.872858e-07
2026-10-05 16:24:00,0,16,24,10.9198,3.0,3.0,0.640274,0.00041
2026-10-05 16:24:30,0,16,24,12.516,3.0,3.0,0.000978,9.555396e-10
2026-10-05 16:25:00,0,16,25,5.6602,3.0,3.0,0.481916,0.000232
2026-10-05 16:25:30,0,16,25,4.5231,2.0,2.0,0.261975,6.9e-05
2026-10-05 16:26:00,0,16,26,2.8361,2.0,2.0,0.013685,1.872858e-07
2026-10-05 16:26:30,0,16,26,8.3502,3.0,3.0,0.000978,9.555396e-10
2026-10-05 16:27:00,0,16,27,14.122,4.0,4.0,0.024438,5.972124e-07
2026-10-05 16:27:30,0,16,27,41.0188,2.0,2.0,0.014663,2.149964e-07
2026-10-05 16:28:00,0,16,28,4.5562,3.0,3.0,0.013685,1.872858e-07
2026-10-05 16:28:30,0,16,28,1.9078,5.0,5.0,0.013685,1.872858e-07
2026-10-05 16:29:00,0,16,29,6.6946,2.0,2.0,0.01955,3.822159e-07
2026-10-05 16:29:30,0,16,29,14.8435,3.0,3.0,0.16911,2.9e-05
2026-10-05 16:30:00,0,16,30,15.243,2.0,2.0,0.013685,1.872858e-07
2026-10-05 16:30:30,0,16,30,1.2996,2.0,2.0,0.013685,1.872858e-07
2026-10-05 16:31:00,0,16,31,3.4333,4.0,4.0,0.0,0.0
2026-10-05 16:31:30,0,16,31,1.932,2.0,2.0,0.317693,0.000101
2026-10-05 16:32:00,0,16,32,6.5891,3.0,3.0,0.312805,9.8e-05
2026-10-05 16:32:30,0,16,32,4.8686,2.0,2.0,0.013685,1.872858e-07
2026-10-05 16:33:00,0,16,33,3.7144,3.0,3.0,0.0,0.0
2026-10-05 16:33:30,0,16,33,4.1571,4.0,4.0,0.371457,0.000138
2026-10-05 16:34:00,0,16,34,8.7134,2.0,2.0,0.013685,1.872858e-07
2026-10-05 16:34:30,0,16,34,8.4218,3.0,3.0,0.013685,1.872858e-07
2026-10-05 16:35:00,0,16,35,15.0121,4.0,4.0,0.013685,1.872858e-07
2026-10-05 16:35:30,0,16,35,15.1625,2.0,2.0,0.008798,7.739872e-08
2026-10-05 16:36:00,0,16,36,12.3407,2.0,2.0,0.012708,1.614862e-07
2026-10-05 16:36:30,0,16,36,15.0121,4.0,4.0,0.013685,1.872858e-07
2026-10-05 16:37:00,0,16,37,7.9854,2.0,2.0,0.0,0.0
2026-10-05 16:37:30,0,16,37,63.5098,4.0,4.0,0.013685,1.872858e-07
2026-10-05 16:38:00,0,16,38,14.2473,3.0,3.0,0.013685,1.872858e-07
2026-10-05 16:38:30,0,16,38,5.6118,2.0,2.0,0.014663,2.149964e-07
2026-10-05 16:39:00,0,16,39,2.6554,3.0,3.0,0.030303,9.182737e-07
2026-10-05 16:39:30,0,16,39,3.8631,2.0,2.0,0.013685,1.872858e-07
2026-10-05 16:40:00,0,16,40,15.4865,3.0,3.0,0.013685,1.872858e-07
2026-10-05 16:40:30,0,16,40,11.7723,2.0,2.0,0.127077,1.6e-05
2026-10-05 16:41:00,0,16,41,1.8125,3.0,3.0,0.013685,1.872858e-07
2026-10-05 16:41:30,0,16,41,10.5663,2.0,2.0,0.013685,1.872858e-07
2026-10-05 16:42:00,0,16,42,13.2636,3.0,3.0,0.000978,9.555396e-10
2026-10-05 16:42:30,0,16,42,24.1326,2.0,2.0,0.106549,1.1e-05
2026-10-05 16:43:00,0,16,43,4.4928,4.0,4.0,0.071359,5.092071e-06
2026-10-05 16:43:30,0,16,43,1.2996,2.0,2.0,0.014663,2.149964e-07
2026-10-05 16:44:00,0,16,44,15.0411,2.0,2.0,0.013685,1.872858e-07
2026-10-05 16:44:30,0,16,44,1.5116,4.0,4.0,0.051808,2.684111e-06
2026-10-05 16:45:00,0,16,45,9.0775,4.0,4.0,0.166178,2.8e-05
2026-10-05 16:45:30,0,16,45,13.0649,5.0,5.0,0.014663,2.149964e-07
2026-10-05 16:46:00,0,16,46,21.4428,4.0,4.0,0.000978,9.555396e-10
2026-10-05 16:46:30,0,16,46,7.9854,2.0,2.0,0.29521,8.7e-05
2026-10-05 16:47:00,0,16,47,7.6791,4.0,4.0,0.01564,2.446181e-07
2026-10-05 16:47:30,0,16,47,13.9392,3.0,3.0,0.013685,1.872858e-07
2026-10-05 16:48:00,0,16,48,14.1137,4.0,4.0,0.013685,1.872858e-07
2026-10-05 16:48:30,0,16,48,9.1937,2.0,2.0,0.640274,0.00041
2026-10-05 16:49:00,0,16,49,10.0135,4.0,4.0,0.01564,2.446181e-07
2026-10-05 16:49:30,0,16,49,32.7927,2.0,2.0,0.085044,7.23248e-06
2026-10-05 16:50:00,0,16,50,20.0409,3.0,3.0,0.013685,1.872858e-07
2026-10-05 16:50:30,0,16,50,1.6138,3.0,3.0,0.082111,6.742288e-06
2026-10-05 16:51:00,0,16,51,9.9306,2.0,2.0,0.101662,1e-05
2026-10-05 16:51:30,0,16,51,1.5469,3.0,3.0,0.076246,5.813504e-06
2026-10-05 16:52:00,0,16,52,35.2564,2.0,2.0,0.018573,3.449499e-07
2026-10-05 16:52:30,0,16,52,18.2893,4.0,4.0,0.017595,3.095949e-07
2026-10-05 16:53:00,0,16,53,10.0135,4.0,4.0,0.0,0.0
2026-10-05 16:53:30,0,16,53,9.0853,2.0,2.0,0.013685,1.872858e-07
2026-10-05 16:54:00,0,16,54,13.1791,2.0,2.0,0.29521,8.7e-05
2026-10-05 16:54:30,0,16,54,36.0461,1.0,1.0,0.044966,2.021922e-06
2026-10-05 16:55:00,0,16,55,9.173,4.0,4.0,0.013685,1.872858e-07
2026-10-05 16:55:30,0,16,55,1.6341,2.0,2.0,0.006843,4.682144e-08
2026-10-05 16:56:00,0,16,56,9.173,4.0,4.0,0.095797,9.177003e-06
2026-10-05 16:56:30,0,16,56,18.3526,3.0,3.0,0.098729,9.747461e-06
2026-10-05 16:57:00,0,16,57,13.3918,2.0,2.0,0.013685,1.872858e-07
2026-10-05 16:57:30,0,16,57,12.3214,3.0,3.0,0.013685,1.872858e-07
2026-10-05 16:58:00,0,16,58,3.4333,4.0,4.0,0.063539,4.037155e-06
2026-10-05 16:58:30,0,16,58,1.9078,5.0,5.0,0.013685,1.872858e-07
2026-10-05 16:59:00,0,16,59,12.197,3.0,3.0,0.014663,2.149964e-07
2026-10-05 16:59:30,0,16,59,7.2938,4.0,4.0,0.013685,1.872858e-07
2026-10-05 17:00:00,0,17,0,12.7452,1.0,1.0,0.226784,5.1e-05
2026-10-05 17:00:30,0,17,0,4.1571,4.0,4.0,0.349951,0.000122
2026-10-05 17:01:00,0,17,1,9.7811,5.0,5.0,0.014663,2.149964e-07
2026-10-05 17:01:30,0,17,1,5.6385,3.0,3.0,0.013685,1.872858e-07
2026-10-05 17:02:00,0,17,2,3.8631,2.0,2.0,0.013685,1.872858e-07
2026-10-05 17:02:30,0,17,2,1.9008,4.0,4.0,0.013685,1.872858e-07
2026-10-05 17:03:00,0,17,3,12.1602,4.0,4.0,0.002933,8.599857e-09
2026-10-05 17:03:30,0,17,3,5.6602,3.0,3.0,0.014663,2.149964e-07
2026-10-05 17:04:00,0,17,4,11.1315,3.0,3.0,0.093842,8.806253e-06
2026-10-05 17:04:30,0,17,4,11.5731,3.0,3.0,0.014663,2.149964e-07
2026-10-05 17:05:00,0,17,5,9.5153,3.0,3.0,0.013685,1.872858e-07
2026-10-05 17:05:30,0,17,5,2.7209,3.0,3.0,0.016618,2.76151e-07
2026-10-05 17:06:00,0,17,6,9.3957,4.0,4.0,0.013685,1.872858e-07
2026-10-05 17:06:30,0,17,6,2.9886,3.0,3.0,0.15738,2.5e-05
2026-10-05 17:07:00,0,17,7,8.6127,4.0,4.0,0.01955,3.822159e-07
2026-10-05 17:07:30,0,17,7,8.9729,4.0,4.0,0.013685,1.872858e-07
2026-10-05 17:08:00,0,17,8,4.5702,3.0,3.0,0.080156,6.425048e-06
2026-10-05 17:08:30,0,17,8,13.0649,5.0,5.0,0.01564,2.446181e-07
2026-10-05 17:09:00,0,17,9,8.5713,3.0,3.0,0.075269,5.665395e-06
2026-10-05 17:09:30,0,17,9,4.7169,2.0,2.0,0.013685,1.872858e-07
2026-10-05 17:10:00,0,17,10,12.1602,4.0,4.0,0.061584,3.792537e-06
2026-10-05 17:10:30,0,17,10,11.392,3.0,3.0,0.013685,1.872858e-07
2026-10-05 17:11:00,0,17,11,16.1821,2.0,2.0,0.266862,7.1e-05
2026-10-05 17:11:30,0,17,11,1.9008,4.0,4.0,0.420332,0.000177
2026-10-05 17:12:00,0,17,12,13.853,3.0,3.0,0.103617,1.1e-05
2026-10-05 17:12:30,0,17,12,9.1937,2.0,2.0,0.14174,2e-05
2026-10-05 17:13:00,0,17,13,10.3782,3.0,3.0,0.0,0.0
2026-10-05 17:13:30,0,17,13,5.3215,3.0,3.0,0.013685,1.872858e-07
2026-10-05 17:14:00,0,17,14,36.3411,2.0,2.0,0.192571,3.7e-05
2026-10-05 17:14:30,0,17,14,7.6791,4.0,4.0,0.013685,1.872858e-07
2026-10-05 17:15:00,0,17,15,1.6341,2.0,2.0,0.013685,1.872858e-07
2026-10-05 17:15:30,0,17,15,8.6677,4.0,4.0,0.088954,7.912824e-06
2026-10-05 17:16:00,0,17,16,11.0198,3.0,3.0,0.013685,1.872858e-07
2026-10-05 17:16:30,0,17,16,1.5757,2.0,2.0,0.013685,1.872858e-07
2026-10-05 17:17:00,0,17,17,22.8143,3.0,3.0,0.442815,0.000196
2026-10-05 17:17:30,0,17,17,15.1229,2.0,2.0,0.01564,2.446181e-07
2026-10-05 17:18:00,0,17,18,16.4464,3.0,3.0,0.013685,1.872858e-07
2026-10-05 17:18:30,0,17,18,11.2648,4.0,4.0,0.013685,1.872858e-07
2026-10-05 17:19:00,0,17,19,6.5891,3.0,3.0,0.013685,1.872858e-07
2026-10-05 17:19:30,0,17,19,1.5539,2.0,2.0,0.300098,9e-05
2026-10-05 17:20:00,0,17,20,8.5596,4.0,4.0,0.030303,9.182737e-07
2026-10-05 17:20:30,0,17,20,10.3546,3.0,3.0,0.018573,3.449499e-07
2026-10-05 17:21:00,0,17,21,12.899,2.0,2.0,0.013685,1.872858e-07
2026-10-05 17:21:30,0,17,21,12.3409,3.0,3.0,0.013685,1.872858e-07
2026-10-05 17:22:00,0,17,22,5.3207,3.0,3.0,0.000978,9.555396e-10
2026-10-05 17:22:30,0,17,22,32.56,2.0,2.0,0.014663,2.149964e-07
2026-10-05 17:23:00,0,17,23,12.3214,3.0,3.0,0.014663,2.149964e-07
2026-10-05 17:23:30,0,17,23,11.5217,2.0,2.0,0.013685,1.872858e-07
2026-10-05 17:24:00,0,17,24,7.0931,2.0,2.0,0.200391,4e-05
2026-10-05 17:24:30,0,17,24,14.5312,3.0,3.0,0.168133,2.8e-05
2026-10-05 17:25:00,0,17,25,19.6078,4.0,4.0,0.013685,1.872858e-07
2026-10-05 17:25:30,0,17,25,8.6677,4.0,4.0,0.013685,1.872858e-07
2026-10-05 17:26:00,0,17,26,3.1261,3.0,3.0,0.01564,2.446181e-07
2026-10-05 17:26:30,0,17,26,6.4526,2.0,2.0,0.079179,6.269296e-06
2026-10-05 17:27:00,0,17,27,12.6581,3.0,3.0,0.014663,2.149964e-07
2026-10-05 17:27:30,0,17,27,7.0931,2.0,2.0,0.013685,1.872858e-07
2026-10-05 17:28:00,0,17,28,10.5602,5.0,5.0,0.013685,1.872858e-07
2026-10-05 17:28:30,0,17,28,15.3419,2.0,2.0,0.0,0.0
2026-10-05 17:29:00,0,17,29,8.4279,4.0,4.0,0.01564,2.446181e-07
2026-10-05 17:29:30,0,17,29,2.4125,2.0,2.0,0.096774,9.365243e-06
2026-10-05 17:30:00,0,17,30,5.2382,4.0,4.0,0.261975,6.9e-05
2026-10-05 17:30:30,0,17,30,10.1236,3.0,3.0,0.179863,3.2e-05
2026-10-05 17:31:00,0,17,31,21.9102,4.0,4.0,0.187683,3.5e-05
2026-10-05 17:31:30,0,17,31,1.9242,5.0,5.0,0.084066,7.067172e-06
2026-10-05 17:32:00,0,17,32,12.6649,3.0,3.0,0.014663,2.149964e-07
2026-10-05 17:32:30,0,17,32,2.6554,3.0,3.0,0.185728,3.4e-05
2026-10-05 17:33:00,0,17,33,6.4244,2.0,2.0,0.006843,4.682144e-08
2026-10-05 17:33:30,0,17,33,11.8107,3.0,3.0,0.15738,2.5e-05
2026-10-05 17:34:00,0,17,34,5.6602,3.0,3.0,0.013685,1.872858e-07
2026-10-05 17:34:30,0,17,34,14.1137,4.0,4.0,0.014663,2.149964e-07
2026-10-05 17:35:00,0,17,35,13.0649,5.0,5.0,0.012708,1.614862e-07
2026-10-05 17:35:30,0,17,35,7.6683,2.0,2.0,0.29521,8.7e-05
2026-10-05 17:36:00,0,17,36,4.2808,4.0,4.0,0.0,0.0
2026-10-05 17:36:30,0,17,36,2.9072,1.0,1.0,0.332356,0.00011
2026-10-05 17:37:00,0,17,37,26.4596,2.0,2.0,0.013685,1.872858e-07
2026-10-05 17:37:30,0,17,37,4.8686,2.0,2.0,0.013685,1.872858e-07
2026-10-05 17:38:00,0,17,38,13.1753,3.0,3.0,0.013685,1.872858e-07
2026-10-05 17:38:30,0,17,38,3.6787,1.0,1.0,0.0,0.0
2026-10-05 17:39:00,0,17,39,6.5266,3.0,3.0,0.013685,1.872858e-07
2026-10-05 17:39:30,0,17,39,7.6219,4.0,4.0,0.038123,1.453376e-06
2026-10-05 17:40:00,0,17,40,12.3781,3.0,3.0,0.01564,2.446181e-07
2026-10-05 17:40:30,0,17,40,8.6127,4.0,4.0,0.00391,1.528863e-08
2026-10-05 17:41:00,0,17,41,1.2616,3.0,3.0,0.013685,1.872858e-07
2026-10-05 17:41:30,0,17,41,67.3308,1.0,1.0,0.0,0.0
2026-10-05 17:42:00,0,17,42,12.6128,3.0,3.0,0.244379,6e-05
2026-10-05 17:42:30,0,17,42,5.6602,3.0,3.0,0.192571,3.7e-05
2026-10-05 17:43:00,0,17,43,3.4665,2.0,2.0,0.014663,2.149964e-07
2026-10-05 17:43:30,0,17,43,8.3267,4.0,4.0,0.01564,2.446181e-07
2026-10-05 17:44:00,0,17,44,18.7861,4.0,4.0,0.013685,1.872858e-07
2026-10-05 17:44:30,0,17,44,7.4875,5.0,5.0,0.013685,1.872858e-07
2026-10-05 17:45:00,0,17,45,17.0153,4.0,4.0,0.090909,8.264464e-06
2026-10-05 17:45:30,0,17,45,4.4295,4.0,4.0,0.014663,2.149964e-07
2026-10-05 17:46:00,0,17,46,5.3853,1.0,1.0,0.13783,1.9e-05
2026-10-05 17:46:30,0,17,46,5.3215,3.0,3.0,0.000978,9.555396e-10
2026-10-05 17:47:00,0,17,47,1.2089,3.0,3.0,0.080156,6.425048e-06
2026-10-05 17:47:30,0,17,47,26.8869,2.0,2.0,0.013685,1.872858e-07
2026-10-05 17:48:00,0,17,48,17.6956,4.0,4.0,0.058651,3.439943e-06
2026-10-05 17:48:30,0,17,48,4.5484,3.0,3.0,0.013685,1.872858e-07
2026-10-05 17:49:00,0,17,49,2.5131,1.0,1.0,0.379277,0.000144
2026-10-05 17:49:30,0,17,49,7.4875,5.0,5.0,0.013685,1.872858e-07
2026-10-05 17:50:00,0,17,50,4.4295,4.0,4.0,0.013685,1.872858e-07
2026-10-05 17:50:30,0,17,50,19.6078,4.0,4.0,0.02346,5.503908e-07
2026-10-05 17:51:00,0,17,51,46.4662,2.0,2.0,0.108504,1.2e-05
2026-10-05 17:51:30,0,17,51,67.3308,1.0,1.0,0.269795,7.3e-05
2026-10-05 17:52:00,0,17,52,2.7353,2.0,2.0,0.358749,0.000129
2026-10-05 17:52:30,0,17,52,13.0649,5.0,5.0,0.000978,9.555396e-10
2026-10-05 17:53:00,0,17,53,8.602,4.0,4.0,0.013685,1.872858e-07
2026-10-05 17:53:30,0,17,53,2.714,3.0,3.0,0.024438,5.972124e-07
2026-10-05 17:54:00,0,17,54,22.233,4.0,4.0,0.01173,1.375977e-07
2026-10-05 17:54:30,0,17,54,6.3298,2.0,2.0,0.016618,2.76151e-07
2026-10-05 17:55:00,0,17,55,12.3214,3.0,3.0,0.013685,1.872858e-07
2026-10-05 17:55:30,0,17,55,11.0198,3.0,3.0,0.013685,1.872858e-07
2026-10-05 17:56:00,0,17,56,16.2809,4.0,4.0,0.013685,1.872858e-07
2026-10-05 17:56:30,0,17,56,1.745,3.0,3.0,0.014663,2.149964e-07
2026-10-05 17:57:00,0,17,57,33.1375,3.0,3.0,0.0,0.0
2026-10-05 17:57:30,0,17,57,11.5932,2.0,2.0,0.082111,6.742288e-06
2026-10-05 17:58:00,0,17,58,6.1406,3.0,3.0,0.013685,1.872858e-07
2026-10-05 17:58:30,0,17,58,2.8701,2.0,2.0,0.013685,1.872858e-07
2026-10-05 17:59:00,0,17,59,9.3303,4.0,4.0,0.013685,1.872858e-07
2026-10-05 17:59:30,0,17,59,11.3357,3.0,3.0,0.41349,0.000171
2026-10-06 08:00:00,1,8,0,3.1294,4.0,4.0,0.252199,6.4e-05
2026-10-06 08:00:30,1,8,0,18.1578,5.0,5.0,0.207234,4.3e-05
2026-10-06 08:01:00,1,8,1,14.5726,5.0,5.0,0.27957,7.8e-05
2026-10-06 08:01:30,1,8,1,1.7707,8.0,8.0,0.426197,0.000182
2026-10-06 08:02:00,1,8,2,7.8872,3.0,3.0,0.460411,0.000212
2026-10-06 08:02:30,1,8,2,0.9839,8.0,8.0,0.213099,4.5e-05
2026-10-06 08:03:00,1,8,3,6.2183,5.0,5.0,0.095797,9.177003e-06
2026-10-06 08:03:30,1,8,3,17.1571,5.0,5.0,0.177908,3.2e-05
2026-10-06 08:04:00,1,8,4,19.6494,5.0,5.0,0.359726,0.000129
2026-10-06 08:04:30,1,8,4,11.3964,5.0,5.0,0.100684,1e-05
2026-10-06 08:05:00,1,8,5,4.2467,4.0,4.0,0.115347,1.3e-05
2026-10-06 08:05:30,1,8,5,2.4145,3.0,3.0,0.062561,3.91389e-06
2026-10-06 08:06:00,1,8,6,7.1382,4.0,4.0,0.071359,5.092071e-06
2026-10-06 08:06:30,1,8,6,13.7396,5.0,5.0,0.061584,3.792537e-06
2026-10-06 08:07:00,1,8,7,22.3526,5.0,5.0,0.098729,9.747461e-06
2026-10-06 08:07:30,1,8,7,1.3936,6.0,6.0,0.078201,6.115454e-06
2026-10-06 08:08:00,1,8,8,4.8148,7.0,7.0,0.088954,7.912824e-06
2026-10-06 08:08:30,1,8,8,4.4622,4.0,4.0,0.27957,7.8e-05
2026-10-06 08:09:00,1,8,9,13.6058,5.0,5.0,0.061584,3.792537e-06
2026-10-06 08:09:30,1,8,9,13.2768,3.0,3.0,0.095797,9.177003e-06
2026-10-06 08:10:00,1,8,10,2.9354,4.0,4.0,0.062561,3.91389e-06
2026-10-06 08:10:30,1,8,10,0.646,4.0,4.0,0.115347,1.3e-05
2026-10-06 08:11:00,1,8,11,0.7661,7.0,7.0,0.194526,3.8e-05
2026-10-06 08:11:30,1,8,11,1.8435,3.0,3.0,0.160313,2.6e-05
2026-10-06 08:12:00,1,8,12,0.8097,4.0,4.0,0.167155,2.8e-05
2026-10-06 08:12:30,1,8,12,0.873,3.0,3.0,0.117302,1.4e-05
2026-10-06 08:13:00,1,8,13,0.7666,4.0,4.0,0.066471,4.418416e-06
2026-10-06 08:13:30,1,8,13,3.0055,4.0,4.0,0.134897,1.8e-05
2026-10-06 08:14:00,1,8,14,26.9568,4.0,4.0,0.379277,0.000144
2026-10-06 08:14:30,1,8,14,2.6159,4.0,4.0,0.1261,1.6e-05
2026-10-06 08:15:00,1,8,15,13.0519,6.0,6.0,0.248289,6.2e-05
2026-10-06 08:15:30,1,8,15,12.5505,6.0,6.0,0.063539,4.037155e-06
2026-10-06 08:16:00,1,8,16,9.5153,3.0,3.0,0.058651,3.439943e-06
2026-10-06 08:16:30,1,8,16,4.8737,1.0,1.0,0.013685,1.872858e-07
2026-10-06 08:17:00,1,8,17,8.5596,4.0,4.0,0.006843,4.682144e-08
2026-10-06 08:17:30,1,8,17,8.602,4.0,4.0,0.021505,4.624812e-07
2026-10-06 08:18:00,1,8,18,5.8716,1.0,1.0,0.013685,1.872858e-07
2026-10-06 08:18:30,1,8,18,1.5789,5.0,5.0,0.013685,1.872858e-07
2026-10-06 08:19:00,1,8,19,1.5539,2.0,2.0,0.013685,1.872858e-07
2026-10-06 08:19:30,1,8,19,6.4049,2.0,2.0,0.013685,1.872858e-07
2026-10-06 08:20:00,1,8,20,20.4481,3.0,3.0,0.187683,3.5e-05
2026-10-06 08:20:30,1,8,20,46.4662,2.0,2.0,0.017595,3.095949e-07
2026-10-06 08:21:00,1,8,21,16.4464,3.0,3.0,0.014663,2.149964e-07
2026-10-06 08:21:30,1,8,21,8.6127,4.0,4.0,0.013685,1.872858e-07
2026-10-06 08:22:00,1,8,22,15.3615,0.0,0.0,0.058651,3.439943e-06
2026-10-06 08:22:30,1,8,22,6.6068,1.0,1.0,0.016618,2.76151e-07
2026-10-06 08:23:00,1,8,23,1.9242,5.0,5.0,0.333333,0.000111
2026-10-06 08:23:30,1,8,23,1.975,3.0,3.0,0.079179,6.269296e-06
2026-10-06 08:24:00,1,8,24,10.5663,2.0,2.0,0.244379,6e-05
2026-10-06 08:24:30,1,8,24,5.3247,3.0,3.0,0.391984,0.000154
2026-10-06 08:25:00,1,8,25,5.1724,2.0,2.0,0.481916,0.000232
2026-10-06 08:25:30,1,8,25,5.6807,3.0,3.0,0.101662,1e-05
2026-10-06 08:26:00,1,8,26,7.5234,3.0,3.0,0.013685,1.872858e-07
2026-10-06 08:26:30,1,8,26,2.9696,0.0,0.0,0.265885,7.1e-05
2026-10-06 08:27:00,1,8,27,8.6677,4.0,4.0,0.159335,2.5e-05
2026-10-06 08:27:30,1,8,27,12.6581,3.0,3.0,0.013685,1.872858e-07
2026-10-06 08:28:00,1,8,28,9.894,2.0,2.0,0.014663,2.149964e-07
2026-10-06 08:28:30,1,8,28,8.5125,3.0,3.0,0.013685,1.872858e-07
2026-10-06 08:29:00,1,8,29,14.4321,1.0,1.0,0.013685,1.872858e-07
2026-10-06 08:29:30,1,8,29,63.5098,4.0,4.0,0.014663,2.149964e-07
2026-10-06 08:30:00,1,8,30,15.243,2.0,2.0,0.167155,2.8e-05
2026-10-06 08:30:30,1,8,30,3.6787,1.0,1.0,0.013685,1.872858e-07
2026-10-06 08:31:00,1,8,31,13.1753,3.0,3.0,0.214076,4.6e-05
2026-10-06 08:31:30,1,8,31,2.9072,1.0,1.0,0.183773,3.4e-05
2026-10-06 08:32:00,1,8,32,13.1109,2.0,2.0,0.009775,9.555396e-08
2026-10-06 08:32:30,1,8,32,3.4665,2.0,2.0,0.020528,4.21393e-07
2026-10-06 08:33:00,1,8,33,10.4539,2.0,2.0,0.013685,1.872858e-07
2026-10-06 08:33:30,1,8,33,9.3957,4.0,4.0,0.0,0.0
2026-10-06 08:34:00,1,8,34,8.5596,4.0,4.0,0.013685,1.872858e-07
2026-10-06 08:34:30,1,8,34,13.2621,2.0,2.0,0.009775,9.555396e-08
2026-10-06 08:35:00,1,8,35,2.7697,2.0,2.0,0.349951,0.000122
2026-10-06 08:35:30,1,8,35,9.9306,2.0,2.0,0.013685,1.872858e-07
2026-10-06 08:36:00,1,8,36,1.7374,3.0,3.0,0.0,0.0
2026-10-06 08:36:30,1,8,36,4.6173,1.0,1.0,0.01564,2.446181e-07
2026-10-06 08:37:00,1,8,37,12.4415,3.0,3.0,0.01955,3.822159e-07
2026-10-06 08:37:30,1,8,37,3.1261,3.0,3.0,0.442815,0.000196
2026-10-06 08:38:00,1,8,38,10.2855,3.0,3.0,0.014663,2.149964e-07
2026-10-06 08:38:30,1,8,38,16.1821,2.0,2.0,0.021505,4.624812e-07
2026-10-06 08:39:00,1,8,39,67.8325,1.0,1.0,0.014663,2.149964e-07
2026-10-06 08:39:30,1,8,39,3.6787,1.0,1.0,0.013685,1.872858e-07
2026-10-06 08:40:00,1,8,40,26.4596,2.0,2.0,0.085044,7.23248e-06
2026-10-06 08:40:30,1,8,40,6.6946,2.0,2.0,0.005865,3.439943e-08
2026-10-06 08:41:00,1,8,41,9.3303,4.0,4.0,0.013685,1.872858e-07
2026-10-06 08:41:30,1,8,41,7.6791,4.0,4.0,0.064516,4.162331e-06
2026-10-06 08:42:00,1,8,42,17.426,2.0,2.0,0.214076,4.6e-05
2026-10-06 08:42:30,1,8,42,3.6787,1.0,1.0,0.281525,7.9e-05
2026-10-06 08:43:00,1,8,43,5.6385,3.0,3.0,0.013685,1.872858e-07
2026-10-06 08:43:30,1,8,43,20.0409,3.0,3.0,0.013685,1.872858e-07
2026-10-06 08:44:00,1,8,44,33.1375,3.0,3.0,0.0,0.0
2026-10-06 08:44:30,1,8,44,8.8249,3.0,3.0,0.281525,7.9e-05
2026-10-06 08:45:00,1,8,45,8.3008,2.0,2.0,0.014663,2.149964e-07
2026-10-06 08:45:30,1,8,45,6.3406,3.0,3.0,0.0,0.0
2026-10-06 08:46:00,1,8,46,8.4328,2.0,2.0,0.013685,1.872858e-07
2026-10-06 08:46:30,1,8,46,12.7182,3.0,3.0,0.065494,4.289418e-06
2026-10-06 08:47:00,1,8,47,7.4875,5.0,5.0,0.008798,7.739872e-08
2026-10-06 08:47:30,1,8,47,1.932,2.0,2.0,0.013685,1.872858e-07
2026-10-06 08:48:00,1,8,48,9.5153,3.0,3.0,0.422287,0.000178
2026-10-06 08:48:30,1,8,48,11.9275,3.0,3.0,0.013685,1.872858e-07
2026-10-06 08:49:00,1,8,49,33.1222,2.0,2.0,0.014663,2.149964e-07
2026-10-06 08:49:30,1,8,49,9.7811,5.0,5.0,0.281525,7.9e-05
2026-10-06 08:50:00,1,8,50,13.8257,2.0,2.0,0.088954,7.912824e-06
2026-10-06 08:50:30,1,8,50,1.9008,4.0,4.0,0.013685,1.872858e-07
2026-10-06 08:51:00,1,8,51,7.0717,4.0,4.0,0.071359,5.092071e-06
2026-10-06 08:51:30,1,8,51,5.6807,3.0,3.0,0.252199,6.4e-05
2026-10-06 08:52:00,1,8,52,24.1142,4.0,4.0,0.420332,0.000177
2026-10-06 08:52:30,1,8,52,7.648,2.0,2.0,0.013685,1.872858e-07
2026-10-06 08:53:00,1,8,53,7.2938,4.0,4.0,0.017595,3.095949e-07
2026-10-06 08:53:30,1,8,53,23.9717,3.0,3.0,0.455523,0.000208
2026-10-06 08:54:00,1,8,54,8.8453,3.0,3.0,0.013685,1.872858e-07
2026-10-06 08:54:30,1,8,54,13.0649,5.0,5.0,0.028348,8.036089e-07
2026-10-06 08:55:00,1,8,55,32.7927,2.0,2.0,0.012708,1.614862e-07
2026-10-06 08:55:30,1,8,55,1.9008,4.0,4.0,0.0,0.0
2026-10-06 08:56:00,1,8,56,16.4179,3.0,3.0,0.013685,1.872858e-07
2026-10-06 08:56:30,1,8,56,17.426,2.0,2.0,0.016618,2.76151e-07
2026-10-06 08:57:00,1,8,57,5.3718,1.0,1.0,0.013685,1.872858e-07
2026-10-06 08:57:30,1,8,57,67.8325,1.0,1.0,0.068426,4.682145e-06
2026-10-06 08:58:00,1,8,58,5.6118,2.0,2.0,0.013685,1.872858e-07
2026-10-06 08:58:30,1,8,58,13.5812,3.0,3.0,0.013685,1.872858e-07
2026-10-06 08:59:00,1,8,59,11.8107,3.0,3.0,0.084066,7.067172e-06
2026-10-06 08:59:30,1,8,59,1.3252,4.0,4.0,0.013685,1.872858e-07
2026-10-06 09:00:00,1,9,0,8.5776,2.0,2.0,0.0,0.0
2026-10-06 09:00:30,1,9,0,2.4682,2.0,2.0,0.013685,1.872858e-07
2026-10-06 09:01:00,1,9,1,11.0045,2.0,2.0,0.004888,2.388849e-08
2026-10-06 09:01:30,1,9,1,1.7464,3.0,3.0,0.013685,1.872858e-07
2026-10-06 09:02:00,1,9,2,10.1392,4.0,4.0,0.013685,1.872858e-07
2026-10-06 09:02:30,1,9,2,9.1064,3.0,3.0,0.013685,1.872858e-07
2026-10-06 09:03:00,1,9,3,2.1545,2.0,2.0,0.0,0.0
2026-10-06 09:03:30,1,9,3,8.3008,2.0,2.0,0.021505,4.624812e-07
2026-10-06 09:04:00,1,9,4,2.1545,2.0,2.0,0.013685,1.872858e-07
2026-10-06 09:04:30,1,9,4,4.5562,3.0,3.0,0.013685,1.872858e-07
2026-10-06 09:05:00,1,9,5,22.233,4.0,4.0,0.067449,4.549325e-06
2026-10-06 09:05:30,1,9,5,3.1503,5.0,5.0,0.0,0.0
2026-10-06 09:06:00,1,9,6,10.3782,3.0,3.0,0.013685,1.872858e-07
2026-10-06 09:06:30,1,9,6,10.7868,2.0,2.0,0.207234,4.3e-05
2026-10-06 09:07:00,1,9,7,5.0969,1.0,1.0,0.0,0.0
2026-10-06 09:07:30,1,9,7,26.4596,2.0,2.0,0.41349,0.000171
2026-10-06 09:08:00,1,9,8,36.3411,2.0,2.0,0.048876,2.388849e-06
2026-10-06 09:08:30,1,9,8,9.0775,4.0,4.0,0.013685,1.872858e-07
2026-10-06 09:09:00,1,9,9,11.7723,2.0,2.0,0.420332,0.000177
2026-10-06 09:09:30,1,9,9,12.0665,2.0,2.0,0.160313,2.6e-05
2026-10-06 09:10:00,1,9,10,11.7929,2.0,2.0,0.014663,2.149964e-07
2026-10-06 09:10:30,1,9,10,8.9729,4.0,4.0,0.105572,1.1e-05
2026-10-06 09:11:00,1,9,11,11.1455,2.0,2.0,0.013685,1.872858e-07
2026-10-06 09:11:30,1,9,11,9.7811,5.0,5.0,0.014663,2.149964e-07
2026-10-06 09:12:00,1,9,12,1.3252,4.0,4.0,0.055718,3.104548e-06
2026-10-06 09:12:30,1,9,12,24.1142,4.0,4.0,0.01564,2.446181e-07
2026-10-06 09:13:00,1,9,13,10.1337,2.0,2.0,0.014663,2.149964e-07
2026-10-06 09:13:30,1,9,13,9.9109,3.0,3.0,0.005865,3.439943e-08
2026-10-06 09:14:00,1,9,14,13.4709,4.0,4.0,0.0,0.0
2026-10-06 09:14:30,1,9,14,1.6138,3.0,3.0,0.0,0.0
2026-10-06 09:15:00,1,9,15,3.1503,5.0,5.0,0.013685,1.872858e-07
2026-10-06 09:15:30,1,9,15,22.8143,3.0,3.0,0.014663,2.149964e-07
2026-10-06 09:16:00,1,9,16,24.8313,1.0,1.0,0.030303,9.182737e-07
2026-10-06 09:16:30,1,9,16,11.3097,2.0,2.0,0.042033,1.766793e-06
2026-10-06 09:17:00,1,9,17,2.1703,3.0,3.0,0.168133,2.8e-05
2026-10-06 09:17:30,1,9,17,33.5748,2.0,2.0,0.01564,2.446181e-07
2026-10-06 09:18:00,1,9,18,10.5103,3.0,3.0,0.016618,2.76151e-07
2026-10-06 09:18:30,1,9,18,13.1791,2.0,2.0,0.01564,2.446181e-07
2026-10-06 09:19:00,1,9,19,10.9198,3.0,3.0,0.013685,1.872858e-07
2026-10-06 09:19:30,1,9,19,2.7353,2.0,2.0,0.063539,4.037155e-06
2026-10-06 09:20:00,1,9,20,16.1821,2.0,2.0,0.004888,2.388849e-08
2026-10-06 09:20:30,1,9,20,5.3207,3.0,3.0,0.013685,1.872858e-07
2026-10-06 09:21:00,1,9,21,4.4518,1.0,1.0,0.207234,4.3e-05
2026-10-06 09:21:30,1,9,21,1.4605,5.0,5.0,0.013685,1.872858e-07
2026-10-06 09:22:00,1,9,22,12.516,3.0,3.0,0.0,0.0
2026-10-06 09:22:30,1,9,22,19.1572,4.0,4.0,0.064516,4.162331e-06
2026-10-06 09:23:00,1,9,23,14.8435,3.0,3.0,0.252199,6.4e-05
2026-10-06 09:23:30,1,9,23,6.3298,2.0,2.0,0.014663,2.149964e-07
2026-10-06 09:24:00,1,9,24,3.6232,3.0,3.0,0.013685,1.872858e-07
2026-10-06 09:24:30,1,9,24,2.7353,2.0,2.0,0.013685,1.872858e-07
2026-10-06 09:25:00,1,9,25,1.5757,2.0,2.0,0.008798,7.739872e-08
2026-10-06 09:25:30,1,9,25,4.8686,2.0,2.0,0.041056,1.685572e-06
2026-10-06 09:26:00,1,9,26,9.2688,4.0,4.0,0.013685,1.872858e-07
2026-10-06 09:26:30,1,9,26,12.7346,3.0,3.0,0.0,0.0
2026-10-06 09:27:00,1,9,27,10.5602,5.0,5.0,0.640274,0.00041
2026-10-06 09:27:30,1,9,27,9.173,4.0,4.0,0.013685,1.872858e-07
2026-10-06 09:28:00,1,9,28,12.3214,3.0,3.0,0.013685,1.872858e-07
2026-10-06 09:28:30,1,9,28,8.5596,4.0,4.0,0.132942,1.8e-05
2026-10-06 09:29:00,1,9,29,6.4244,2.0,2.0,0.013685,1.872858e-07
2026-10-06 09:29:30,1,9,29,11.7929,2.0,2.0,0.27566,7.6e-05
2026-10-06 09:30:00,1,9,30,8.8859,3.0,3.0,0.014663,2.149964e-07
2026-10-06 09:30:30,1,9,30,17.6956,4.0,4.0,0.004888,2.388849e-08
2026-10-06 09:31:00,1,9,31,6.1406,3.0,3.0,0.060606,3.673095e-06
2026-10-06 09:31:30,1,9,31,12.3781,3.0,3.0,0.018573,3.449499e-07
2026-10-06 09:32:00,1,9,32,13.5713,3.0,3.0,0.013685,1.872858e-07
2026-10-06 09:32:30,1,9,32,8.7134,2.0,2.0,0.347019,0.00012
2026-10-06 09:33:00,1,9,33,7.6683,2.0,2.0,0.013685,1.872858e-07
2026-10-06 09:33:30,1,9,33,4.7222,4.0,4.0,0.013685,1.872858e-07
2026-10-06 09:34:00,1,9,34,5.5321,2.0,2.0,0.013685,1.872858e-07
2026-10-06 09:34:30,1,9,34,6.2038,2.0,2.0,0.164223,2.7e-05
2026-10-06 09:35:00,1,9,35,1.6906,2.0,2.0,0.01564,2.446181e-07
2026-10-06 09:35:30,1,9,35,20.4481,3.0,3.0,0.102639,1.1e-05
2026-10-06 09:36:00,1,9,36,10.308,3.0,3.0,0.013685,1.872858e-07
2026-10-06 09:36:30,1,9,36,7.6219,4.0,4.0,0.184751,3.4e-05
2026-10-06 09:37:00,1,9,37,9.6115,2.0,2.0,0.055718,3.104548e-06
2026-10-06 09:37:30,1,9,37,10.1247,2.0,2.0,0.009775,9.555396e-08
2026-10-06 09:38:00,1,9,38,18.0109,5.0,5.0,0.269795,7.3e-05
2026-10-06 09:38:30,1,9,38,7.5234,3.0,3.0,0.184751,3.4e-05
2026-10-06 09:39:00,1,9,39,8.6585,2.0,2.0,0.593353,0.000352
2026-10-06 09:39:30,1,9,39,9.7811,5.0,5.0,0.013685,1.872858e-07
2026-10-06 09:40:00,1,9,40,11.5932,2.0,2.0,0.013685,1.872858e-07
2026-10-06 09:40:30,1,9,40,4.2808,4.0,4.0,0.076246,5.813504e-06
2026-10-06 09:41:00,1,9,41,13.1791,2.0,2.0,0.347996,0.000121
2026-10-06 09:41:30,1,9,41,1.932,2.0,2.0,0.013685,1.872858e-07
2026-10-06 09:42:00,1,9,42,15.8641,4.0,4.0,0.012708,1.614862e-07
2026-10-06 09:42:30,1,9,42,23.9717,3.0,3.0,0.300098,9e-05
2026-10-06 09:43:00,1,9,43,2.2886,1.0,1.0,0.013685,1.872858e-07
2026-10-06 09:43:30,1,9,43,9.1937,2.0,2.0,0.0,0.0
2026-10-06 09:44:00,1,9,44,35.2564,2.0,2.0,0.481916,0.000232
2026-10-06 09:44:30,1,9,44,6.4773,3.0,3.0,0.470186,0.000221
2026-10-06 09:45:00,1,9,45,10.0748,4.0,4.0,0.012708,1.614862e-07
2026-10-06 09:45:30,1,9,45,11.5731,3.0,3.0,0.27566,7.6e-05
2026-10-06 09:46:00,1,9,46,10.0135,4.0,4.0,0.013685,1.872858e-07
2026-10-06 09:46:30,1,9,46,1.7374,3.0,3.0,0.013685,1.872858e-07
2026-10-06 09:47:00,1,9,47,7.1094,3.0,3.0,0.349951,0.000122
2026-10-06 09:47:30,1,9,47,6.6272,1.0,1.0,0.013685,1.872858e-07
2026-10-06 09:48:00,1,9,48,18.7861,4.0,4.0,0.013685,1.872858e-07
2026-10-06 09:48:30,1,9,48,6.3298,2.0,2.0,0.014663,2.149964e-07
2026-10-06 09:49:00,1,9,49,2.9072,1.0,1.0,0.063539,4.037155e-06
2026-10-06 09:49:30,1,9,49,11.8541,2.0,2.0,0.013685,1.872858e-07
2026-10-06 09:50:00,1,9,50,4.5321,5.0,5.0,0.15738,2.5e-05
2026-10-06 09:50:30,1,9,50,4.4518,1.0,1.0,0.064516,4.162331e-06
2026-10-06 09:51:00,1,9,51,4.8704,1.0,1.0,0.217986,4.8e-05
2026-10-06 09:51:30,1,9,51,4.9176,3.0,3.0,0.012708,1.614862e-07
2026-10-06 09:52:00,1,9,52,4.7597,3.0,3.0,0.013685,1.872858e-07
2026-10-06 09:52:30,1,9,52,14.122,4.0,4.0,0.014663,2.149964e-07
2026-10-06 09:53:00,1,9,53,5.119,1.0,1.0,0.014663,2.149964e-07
2026-10-06 09:53:30,1,9,53,1.4885,5.0,5.0,0.013685,1.872858e-07
2026-10-06 09:54:00,1,9,54,40.3832,3.0,3.0,0.012708,1.614862e-07
2026-10-06 09:54:30,1,9,54,2.6554,3.0,3.0,0.013685,1.872858e-07
2026-10-06 09:55:00,1,9,55,13.2636,3.0,3.0,0.013685,1.872858e-07
2026-10-06 09:55:30,1,9,55,1.7583,4.0,4.0,0.381232,0.000145
2026-10-06 09:56:00,1,9,56,1.9078,5.0,5.0,0.01564,2.446181e-07
2026-10-06 09:56:30,1,9,56,9.1937,2.0,2.0,0.082111,6.742288e-06
2026-10-06 09:57:00,1,9,57,7.6219,4.0,4.0,0.013685,1.872858e-07
2026-10-06 09:57:30,1,9,57,63.5098,4.0,4.0,0.013685,1.872858e-07
2026-10-06 09:58:00,1,9,58,15.4508,2.0,2.0,0.013685,1.872858e-07
2026-10-06 09:58:30,1,9,58,13.9392,3.0,3.0,0.013685,1.872858e-07
2026-10-06 09:59:00,1,9,59,9.0853,2.0,2.0,0.0,0.0
2026-10-06 09:59:30,1,9,59,1.4885,5.0,5.0,0.013685,1.872858e-07
2026-10-06 10:00:00,1,10,0,10.3354,4.0,4.0,0.332356,0.00011
2026-10-06 10:00:30,1,10,0,3.0305,2.0,2.0,0.1261,1.6e-05
2026-10-06 10:01:00,1,10,1,19.8017,7.0,7.0,0.079179,6.269296e-06
2026-10-06 10:01:30,1,10,1,8.9891,3.0,3.0,0.115347,1.3e-05
2026-10-06 10:02:00,1,10,2,15.7709,4.0,4.0,0.100684,1e-05
2026-10-06 10:02:30,1,10,2,0.9835,3.0,3.0,0.106549,1.1e-05
2026-10-06 10:03:00,1,10,3,1.2239,7.0,7.0,0.060606,3.673095e-06
2026-10-06 10:03:30,1,10,3,12.7363,4.0,4.0,0.14174,2e-05
2026-10-06 10:04:00,1,10,4,2.0013,3.0,3.0,0.076246,5.813504e-06
2026-10-06 10:04:30,1,10,4,1.8435,3.0,3.0,0.207234,4.3e-05
2026-10-06 10:05:00,1,10,5,4.9791,3.0,3.0,0.213099,4.5e-05
2026-10-06 10:05:30,1,10,5,0.9082,4.0,4.0,0.093842,8.806253e-06
2026-10-06 10:06:00,1,10,6,5.6891,7.0,7.0,0.070381,4.953518e-06
2026-10-06 10:06:30,1,10,6,9.0964,4.0,4.0,0.213099,4.5e-05
2026-10-06 10:07:00,1,10,7,2.8415,5.0,5.0,0.14174,2e-05
2026-10-06 10:07:30,1,10,7,21.1062,5.0,5.0,0.123167,1.5e-05
2026-10-06 10:08:00,1,10,8,1.6175,3.0,3.0,0.231672,5.4e-05
2026-10-06 10:08:30,1,10,8,1.3907,4.0,4.0,0.087977,7.739871e-06
2026-10-06 10:09:00,1,10,9,1.9643,3.0,3.0,0.115347,1.3e-05
2026-10-06 10:09:30,1,10,9,22.7134,4.0,4.0,0.171065,2.9e-05
2026-10-06 10:10:00,1,10,10,0.8406,4.0,4.0,0.347996,0.000121
2026-10-06 10:10:30,1,10,10,4.3398,5.0,5.0,0.244379,6e-05
2026-10-06 10:11:00,1,10,11,4.9733,3.0,3.0,0.087977,7.739871e-06
2026-10-06 10:11:30,1,10,11,2.2579,4.0,4.0,0.060606,3.673095e-06
2026-10-06 10:12:00,1,10,12,4.3398,5.0,5.0,0.082111,6.742288e-06
2026-10-06 10:12:30,1,10,12,1.145,5.0,5.0,0.1261,1.6e-05
2026-10-06 10:13:00,1,10,13,1.3517,3.0,3.0,0.213099,4.5e-05
2026-10-06 10:13:30,1,10,13,4.3252,7.0,7.0,0.082111,6.742288e-06
2026-10-06 10:14:00,1,10,14,1.3936,6.0,6.0,0.078201,6.115454e-06
2026-10-06 10:14:30,1,10,14,10.9688,4.0,4.0,0.070381,4.953518e-06
2026-10-06 10:15:00,1,10,15,14.0381,4.0,4.0,0.558162,0.000312
2026-10-06 10:15:30,1,10,15,1.5865,3.0,3.0,0.14174,2e-05
2026-10-06 10:16:00,1,10,16,8.5713,3.0,3.0,0.099707,9.941436e-06
2026-10-06 10:16:30,1,10,16,18.0109,5.0,5.0,0.059629,3.555563e-06
2026-10-06 10:17:00,1,10,17,16.4464,3.0,3.0,0.01955,3.822159e-07
2026-10-06 10:17:30,1,10,17,6.9928,2.0,2.0,0.228739,5.2e-05
2026-10-06 10:18:00,1,10,18,4.5231,2.0,2.0,0.013685,1.872858e-07
2026-10-06 10:18:30,1,10,18,11.2648,4.0,4.0,0.014663,2.149964e-07
2026-10-06 10:19:00,1,10,19,1.1754,2.0,2.0,0.013685,1.872858e-07
2026-10-06 10:19:30,1,10,19,12.197,3.0,3.0,0.0,0.0
2026-10-06 10:20:00,1,10,20,3.5675,2.0,2.0,0.0,0.0
2026-10-06 10:20:30,1,10,20,32.56,2.0,2.0,0.082111,6.742288e-06
2026-10-06 10:21:00,1,10,21,46.4662,2.0,2.0,0.082111,6.742288e-06
2026-10-06 10:21:30,1,10,21,5.3853,1.0,1.0,0.014663,2.149964e-07
2026-10-06 10:22:00,1,10,22,4.8282,3.0,3.0,0.055718,3.104548e-06
2026-10-06 10:22:30,1,10,22,5.3247,3.0,3.0,0.035191,1.238379e-06
2026-10-06 10:23:00,1,10,23,11.3097,2.0,2.0,0.01564,2.446181e-07
2026-10-06 10:23:30,1,10,23,1.5757,2.0,2.0,0.096774,9.365243e-06
2026-10-06 10:24:00,1,10,24,17.0153,4.0,4.0,0.018573,3.449499e-07
2026-10-06 10:24:30,1,10,24,8.2695,2.0,2.0,0.332356,0.00011
2026-10-06 10:25:00,1,10,25,7.6683,2.0,2.0,0.391984,0.000154
2026-10-06 10:25:30,1,10,25,4.0274,2.0,2.0,0.013685,1.872858e-07
2026-10-06 10:26:00,1,10,26,46.4662,2.0,2.0,0.15738,2.5e-05
2026-10-06 10:26:30,1,10,26,37.9702,3.0,3.0,0.013685,1.872858e-07
2026-10-06 10:27:00,1,10,27,10.0135,4.0,4.0,0.013685,1.872858e-07
2026-10-06 10:27:30,1,10,27,6.0478,4.0,4.0,0.052786,2.786354e-06
2026-10-06 10:28:00,1,10,28,7.0863,1.0,1.0,0.012708,1.614862e-07
2026-10-06 10:28:30,1,10,28,1.5469,3.0,3.0,0.077224,5.963523e-06
2026-10-06 10:29:00,1,10,29,1.8394,3.0,3.0,0.013685,1.872858e-07
2026-10-06 10:29:30,1,10,29,20.4481,3.0,3.0,0.063539,4.037155e-06
2026-10-06 10:30:00,1,10,30,12.7182,3.0,3.0,0.014663,2.149964e-07
2026-10-06 10:30:30,1,10,30,14.4321,1.0,1.0,0.013685,1.872858e-07
2026-10-06 10:31:00,1,10,31,11.3908,4.0,4.0,0.589443,0.000347
2026-10-06 10:31:30,1,10,31,4.2775,2.0,2.0,0.035191,1.238379e-06
2026-10-06 10:32:00,1,10,32,2.6554,3.0,3.0,0.013685,1.872858e-07
2026-10-06 10:32:30,1,10,32,13.2636,3.0,3.0,0.252199,6.4e-05
2026-10-06 10:33:00,1,10,33,3.4555,2.0,2.0,0.013685,1.872858e-07
2026-10-06 10:33:30,1,10,33,12.7346,3.0,3.0,0.420332,0.000177
2026-10-06 10:34:00,1,10,34,7.0717,4.0,4.0,0.013685,1.872858e-07
2026-10-06 10:34:30,1,10,34,7.0931,2.0,2.0,0.014663,2.149964e-07
2026-10-06 10:35:00,1,10,35,21.4428,4.0,4.0,0.014663,2.149964e-07
2026-10-06 10:35:30,1,10,35,1.5071,2.0,2.0,0.01564,2.446181e-07
2026-10-06 10:36:00,1,10,36,2.4066,3.0,3.0,0.013685,1.872858e-07
2026-10-06 10:36:30,1,10,36,13.2621,2.0,2.0,0.226784,5.1e-05
2026-10-06 10:37:00,1,10,37,13.8257,2.0,2.0,0.014663,2.149964e-07
2026-10-06 10:37:30,1,10,37,7.4875,5.0,5.0,0.0,0.0
2026-10-06 10:38:00,1,10,38,5.3247,3.0,3.0,0.044966,2.021922e-06
2026-10-06 10:38:30,1,10,38,4.0274,2.0,2.0,0.013685,1.872858e-07
2026-10-06 10:39:00,1,10,39,7.6791,4.0,4.0,0.013685,1.872858e-07
2026-10-06 10:39:30,1,10,39,10.5602,5.0,5.0,0.0,0.0
2026-10-06 10:40:00,1,10,40,5.3718,1.0,1.0,0.281525,7.9e-05
2026-10-06 10:40:30,1,10,40,8.8249,3.0,3.0,0.01564,2.446181e-07
2026-10-06 10:41:00,1,10,41,11.3097,2.0,2.0,0.028348,8.036089e-07
2026-10-06 10:41:30,1,10,41,7.6219,4.0,4.0,0.044966,2.021922e-06
2026-10-06 10:42:00,1,10,42,1.9008,4.0,4.0,0.0,0.0
2026-10-06 10:42:30,1,10,42,35.2564,2.0,2.0,0.127077,1.6e-05
2026-10-06 10:43:00,1,10,43,67.3308,1.0,1.0,0.013685,1.872858e-07
2026-10-06 10:43:30,1,10,43,7.5234,3.0,3.0,0.042033,1.766793e-06
2026-10-06 10:44:00,1,10,44,10.308,3.0,3.0,0.044966,2.021922e-06
2026-10-06 10:44:30,1,10,44,8.3267,4.0,4.0,0.370479,0.000137
2026-10-06 10:45:00,1,10,45,10.0748,4.0,4.0,0.013685,1.872858e-07
2026-10-06 10:45:30,1,10,45,23.105,1.0,1.0,0.013685,1.872858e-07
2026-10-06 10:46:00,1,10,46,4.0831,1.0,1.0,0.058651,3.439943e-06
2026-10-06 10:46:30,1,10,46,12.899,2.0,2.0,0.228739,5.2e-05
2026-10-06 10:47:00,1,10,47,6.4773,3.0,3.0,0.077224,5.963523e-06
2026-10-06 10:47:30,1,10,47,1.233,4.0,4.0,0.090909,8.264464e-06
2026-10-06 10:48:00,1,10,48,10.4539,2.0,2.0,0.0,0.0
2026-10-06 10:48:30,1,10,48,11.5217,2.0,2.0,0.013685,1.872858e-07
2026-10-06 10:49:00,1,10,49,8.3729,2.0,2.0,0.0,0.0
2026-10-06 10:49:30,1,10,49,34.1251,2.0,2.0,0.00391,1.528863e-08
2026-10-06 10:50:00,1,10,50,1.932,2.0,2.0,0.640274,0.00041
2026-10-06 10:50:30,1,10,50,15.3615,0.0,0.0,0.013685,1.872858e-07
2026-10-06 10:51:00,1,10,51,13.1791,2.0,2.0,0.030303,9.182737e-07
2026-10-06 10:51:30,1,10,51,1.8125,3.0,3.0,0.127077,1.6e-05
2026-10-06 10:52:00,1,10,52,6.4049,2.0,2.0,0.005865,3.439943e-08
2026-10-06 10:52:30,1,10,52,41.0188,2.0,2.0,0.013685,1.872858e-07
2026-10-06 10:53:00,1,10,53,3.2566,2.0,2.0,0.167155,2.8e-05
2026-10-06 10:53:30,1,10,53,10.9254,3.0,3.0,0.012708,1.614862e-07
2026-10-06 10:54:00,1,10,54,5.3853,1.0,1.0,0.013685,1.872858e-07
2026-10-06 10:54:30,1,10,54,15.8641,4.0,4.0,0.051808,2.684111e-06
2026-10-06 10:55:00,1,10,55,10.2855,3.0,3.0,0.064516,4.162331e-06
2026-10-06 10:55:30,1,10,55,10.9198,3.0,3.0,0.013685,1.872858e-07
2026-10-06 10:56:00,1,10,56,10.8928,3.0,3.0,0.000978,9.555396e-10
2026-10-06 10:56:30,1,10,56,7.0863,1.0,1.0,0.281525,7.9e-05
2026-10-06 10:57:00,1,10,57,14.122,4.0,4.0,0.27566,7.6e-05
2026-10-06 10:57:30,1,10,57,10.5795,3.0,3.0,0.013685,1.872858e-07
2026-10-06 10:58:00,1,10,58,5.3718,1.0,1.0,0.013685,1.872858e-07
2026-10-06 10:58:30,1,10,58,9.1658,3.0,3.0,0.013685,1.872858e-07
2026-10-06 10:59:00,1,10,59,21.6228,4.0,4.0,0.013685,1.872858e-07
2026-10-06 10:59:30,1,10,59,1.1754,2.0,2.0,0.014663,2.149964e-07
2026-10-06 11:00:00,1,11,0,1.4605,5.0,5.0,0.099707,9.941436e-06
2026-10-06 11:00:30,1,11,0,28.987,2.0,2.0,0.017595,3.095949e-07
2026-10-06 11:01:00,1,11,1,1.9008,4.0,4.0,0.214076,4.6e-05
2026-10-06 11:01:30,1,11,1,13.3277,3.0,3.0,0.013685,1.872858e-07
2026-10-06 11:02:00,1,11,2,1.7374,3.0,3.0,0.013685,1.872858e-07
2026-10-06 11:02:30,1,11,2,10.0093,2.0,2.0,0.048876,2.388849e-06
2026-10-06 11:03:00,1,11,3,12.7293,4.0,4.0,0.013685,1.872858e-07
2026-10-06 11:03:30,1,11,3,8.5776,2.0,2.0,0.079179,6.269296e-06
2026-10-06 11:04:00,1,11,4,19.9333,2.0,2.0,0.018573,3.449499e-07
2026-10-06 11:04:30,1,11,4,12.3214,3.0,3.0,0.016618,2.76151e-07
2026-10-06 11:05:00,1,11,5,7.845,4.0,4.0,0.266862,7.1e-05
2026-10-06 11:05:30,1,11,5,10.0135,4.0,4.0,0.013685,1.872858e-07
2026-10-06 11:06:00,1,11,6,13.2173,3.0,3.0,0.013685,1.872858e-07
2026-10-06 11:06:30,1,11,6,12.1467,2.0,2.0,0.052786,2.786354e-06
2026-10-06 11:07:00,1,11,7,22.7701,4.0,4.0,0.321603,0.000103
2026-10-06 11:07:30,1,11,7,37.9702,3.0,3.0,0.014663,2.149964e-07
2026-10-06 11:08:00,1,11,8,3.4333,4.0,4.0,0.013685,1.872858e-07
2026-10-06 11:08:30,1,11,8,11.0045,2.0,2.0,0.105572,1.1e-05
2026-10-06 11:09:00,1,11,9,8.3008,2.0,2.0,0.014663,2.149964e-07
2026-10-06 11:09:30,1,11,9,6.2765,4.0,4.0,0.013685,1.872858e-07
2026-10-06 11:10:00,1,11,10,5.1724,2.0,2.0,0.082111,6.742288e-06
2026-10-06 11:10:30,1,11,10,4.9176,3.0,3.0,0.013685,1.872858e-07
2026-10-06 11:11:00,1,11,11,2.1703,3.0,3.0,0.021505,4.624812e-07
2026-10-06 11:11:30,1,11,11,9.9117,4.0,4.0,0.207234,4.3e-05
2026-10-06 11:12:00,1,11,12,9.1064,3.0,3.0,0.214076,4.6e-05
2026-10-06 11:12:30,1,11,12,11.3357,3.0,3.0,0.01173,1.375977e-07
2026-10-06 11:13:00,1,11,13,1.3252,4.0,4.0,0.0,0.0
2026-10-06 11:13:30,1,11,13,20.4481,3.0,3.0,0.014663,2.149964e-07
2026-10-06 11:14:00,1,11,14,12.197,3.0,3.0,0.013685,1.872858e-07
2026-10-06 11:14:30,1,11,14,12.3214,3.0,3.0,0.217986,4.8e-05
2026-10-06 11:15:00,1,11,15,8.6677,4.0,4.0,0.013685,1.872858e-07
2026-10-06 11:15:30,1,11,15,3.7422,2.0,2.0,0.013685,1.872858e-07
2026-10-06 11:16:00,1,11,16,12.516,3.0,3.0,0.013685,1.872858e-07
2026-10-06 11:16:30,1,11,16,1.7583,4.0,4.0,0.014663,2.149964e-07
2026-10-06 11:17:00,1,11,17,3.1503,5.0,5.0,0.265885,7.1e-05
2026-10-06 11:17:30,1,11,17,2.5131,1.0,1.0,0.01564,2.446181e-07
2026-10-06 11:18:00,1,11,18,9.3303,4.0,4.0,0.00782,6.115454e-08
2026-10-06 11:18:30,1,11,18,15.1229,2.0,2.0,0.013685,1.872858e-07
2026-10-06 11:19:00,1,11,19,4.8737,1.0,1.0,0.000978,9.555396e-10
2026-10-06 11:19:30,1,11,19,3.4665,2.0,2.0,0.068426,4.682145e-06
2026-10-06 11:20:00,1,11,20,8.8249,3.0,3.0,0.01564,2.446181e-07
2026-10-06 11:20:30,1,11,20,12.4415,3.0,3.0,0.013685,1.872858e-07
2026-10-06 11:21:00,1,11,21,7.9065,3.0,3.0,0.0,0.0
2026-10-06 11:21:30,1,11,21,3.7422,2.0,2.0,0.01564,2.446181e-07
2026-10-06 11:22:00,1,11,22,9.9109,3.0,3.0,0.0,0.0
2026-10-06 11:22:30,1,11,22,26.8869,2.0,2.0,0.252199,6.4e-05
2026-10-06 11:23:00,1,11,23,13.2621,2.0,2.0,0.0,0.0
2026-10-06 11:23:30,1,11,23,5.153,3.0,3.0,0.148583,2.2e-05
2026-10-06 11:24:00,1,11,24,11.1455,2.0,2.0,0.244379,6e-05
2026-10-06 11:24:30,1,11,24,14.2473,3.0,3.0,0.012708,1.614862e-07
2026-10-06 11:25:00,1,11,25,28.987,2.0,2.0,0.048876,2.388849e-06
2026-10-06 11:25:30,1,11,25,1.2089,3.0,3.0,0.013685,1.872858e-07
2026-10-06 11:26:00,1,11,26,8.3008,2.0,2.0,0.080156,6.425048e-06
2026-10-06 11:26:30,1,11,26,7.2708,4.0,4.0,0.013685,1.872858e-07
2026-10-06 11:27:00,1,11,27,8.6585,2.0,2.0,0.006843,4.682144e-08
2026-10-06 11:27:30,1,11,27,12.6649,3.0,3.0,0.060606,3.673095e-06
2026-10-06 11:28:00,1,11,28,11.3544,4.0,4.0,0.252199,6.4e-05
2026-10-06 11:28:30,1,11,28,8.7134,2.0,2.0,0.226784,5.1e-05
2026-10-06 11:29:00,1,11,29,13.9392,3.0,3.0,0.013685,1.872858e-07
2026-10-06 11:29:30,1,11,29,17.853,4.0,4.0,0.01955,3.822159e-07
2026-10-06 11:30:00,1,11,30,36.0461,1.0,1.0,0.0,0.0
2026-10-06 11:30:30,1,11,30,18.1129,3.0,3.0,0.252199,6.4e-05
2026-10-06 11:31:00,1,11,31,10.5103,3.0,3.0,0.013685,1.872858e-07
2026-10-06 11:31:30,1,11,31,7.2708,4.0,4.0,0.308895,9.5e-05
2026-10-06 11:32:00,1,11,32,22.7701,4.0,4.0,0.013685,1.872858e-07
2026-10-06 11:32:30,1,11,32,10.2855,3.0,3.0,0.013685,1.872858e-07
2026-10-06 11:33:00,1,11,33,6.6946,2.0,2.0,0.014663,2.149964e-07
2026-10-06 11:33:30,1,11,33,7.9854,2.0,2.0,0.017595,3.095949e-07
2026-10-06 11:34:00,1,11,34,11.5932,2.0,2.0,0.013685,1.872858e-07
2026-10-06 11:34:30,1,11,34,8.8859,3.0,3.0,0.014663,2.149964e-07
2026-10-06 11:35:00,1,11,35,5.3215,3.0,3.0,0.013685,1.872858e-07
2026-10-06 11:35:30,1,11,35,19.6078,4.0,4.0,0.070381,4.953518e-06
2026-10-06 11:36:00,1,11,36,9.9117,4.0,4.0,0.146628,2.1e-05
2026-10-06 11:36:30,1,11,36,6.6068,1.0,1.0,0.0,0.0
2026-10-06 11:37:00,1,11,37,6.2803,2.0,2.0,0.030303,9.182737e-07
2026-10-06 11:37:30,1,11,37,8.2695,2.0,2.0,0.030303,9.182737e-07
2026-10-06 11:38:00,1,11,38,9.1937,2.0,2.0,0.012708,1.614862e-07
2026-10-06 11:38:30,1,11,38,8.8453,3.0,3.0,0.065494,4.289418e-06
2026-10-06 11:39:00,1,11,39,8.6585,2.0,2.0,0.01564,2.446181e-07
2026-10-06 11:39:30,1,11,39,11.1315,3.0,3.0,0.018573,3.449499e-07
2026-10-06 11:40:00,1,11,40,6.4773,3.0,3.0,0.105572,1.1e-05
2026-10-06 11:40:30,1,11,40,10.9198,3.0,3.0,0.064516,4.162331e-06
2026-10-06 11:41:00,1,11,41,3.0105,3.0,3.0,0.013685,1.872858e-07
2026-10-06 11:41:30,1,11,41,8.8859,3.0,3.0,0.099707,9.941436e-06
2026-10-06 11:42:00,1,11,42,19.1572,4.0,4.0,0.146628,2.1e-05
2026-10-06 11:42:30,1,11,42,6.4244,2.0,2.0,0.013685,1.872858e-07
2026-10-06 11:43:00,1,11,43,2.3473,5.0,5.0,0.102639,1.1e-05
2026-10-06 11:43:30,1,11,43,13.853,3.0,3.0,0.27566,7.6e-05
2026-10-06 11:44:00,1,11,44,24.1142,4.0,4.0,0.01564,2.446181e-07
2026-10-06 11:44:30,1,11,44,5.1724,2.0,2.0,0.012708,1.614862e-07
2026-10-06 11:45:00,1,11,45,6.2765,4.0,4.0,0.061584,3.792537e-06
2026-10-06 11:45:30,1,11,45,4.33,1.0,1.0,0.214076,4.6e-05
2026-10-06 11:46:00,1,11,46,63.5098,4.0,4.0,0.013685,1.872858e-07
2026-10-06 11:46:30,1,11,46,8.7668,3.0,3.0,0.004888,2.388849e-08
2026-10-06 11:47:00,1,11,47,12.1467,2.0,2.0,0.000978,9.555396e-10
2026-10-06 11:47:30,1,11,47,1.6341,2.0,2.0,0.013685,1.872858e-07
2026-10-06 11:48:00,1,11,48,7.1714,3.0,3.0,0.013685,1.872858e-07
2026-10-06 11:48:30,1,11,48,2.714,3.0,3.0,0.347019,0.00012
2026-10-06 11:49:00,1,11,49,9.9306,2.0,2.0,0.013685,1.872858e-07
2026-10-06 11:49:30,1,11,49,10.476,2.0,2.0,0.013685,1.872858e-07
2026-10-06 11:50:00,1,11,50,2.2537,3.0,3.0,0.237537,5.6e-05
2026-10-06 11:50:30,1,11,50,15.243,2.0,2.0,0.266862,7.1e-05
2026-10-06 11:51:00,1,11,51,18.3526,3.0,3.0,0.252199,6.4e-05
2026-10-06 11:51:30,1,11,51,6.6068,1.0,1.0,0.148583,2.2e-05
2026-10-06 11:52:00,1,11,52,7.0931,2.0,2.0,0.013685,1.872858e-07
2026-10-06 11:52:30,1,11,52,9.8418,3.0,3.0,0.013685,1.872858e-07
2026-10-06 11:53:00,1,11,53,14.5312,3.0,3.0,0.013685,1.872858e-07
2026-10-06 11:53:30,1,11,53,17.426,2.0,2.0,0.013685,1.872858e-07
2026-10-06 11:54:00,1,11,54,3.2566,2.0,2.0,0.0,0.0
2026-10-06 11:54:30,1,11,54,7.845,4.0,4.0,0.013685,1.872858e-07
2026-10-06 11:55:00,1,11,55,1.9294,5.0,5.0,0.013685,1.872858e-07
2026-10-06 11:55:30,1,11,55,3.2163,2.0,2.0,0.013685,1.872858e-07
2026-10-06 11:56:00,1,11,56,14.9081,3.0,3.0,0.017595,3.095949e-07
2026-10-06 11:56:30,1,11,56,4.8704,1.0,1.0,0.018573,3.449499e-07
2026-10-06 11:57:00,1,11,57,1.8394,3.0,3.0,0.013685,1.872858e-07
2026-10-06 11:57:30,1,11,57,1.1754,2.0,2.0,0.013685,1.872858e-07
2026-10-06 11:58:00,1,11,58,15.2381,3.0,3.0,0.013685,1.872858e-07
2026-10-06 11:58:30,1,11,58,11.3544,4.0,4.0,0.013685,1.872858e-07
2026-10-06 11:59:00,1,11,59,4.0274,2.0,2.0,0.191593,3.7e-05
2026-10-06 11:59:30,1,11,59,18.1129,3.0,3.0,0.332356,0.00011
2026-10-06 12:00:00,1,12,0,11.4346,4.0,4.0,0.1261,1.6e-05
2026-10-06 12:00:30,1,12,0,8.4347,5.0,5.0,0.040078,1.606262e-06
2026-10-06 12:01:00,1,12,1,14.5726,5.0,5.0,0.079179,6.269296e-06
2026-10-06 12:01:30,1,12,1,3.0055,4.0,4.0,0.070381,4.953518e-06
2026-10-06 12:02:00,1,12,2,3.1032,4.0,4.0,0.185728,3.4e-05
2026-10-06 12:02:30,1,12,2,5.1944,4.0,4.0,0.123167,1.5e-05
2026-10-06 12:03:00,1,12,3,2.6159,4.0,4.0,0.117302,1.4e-05
2026-10-06 12:03:30,1,12,3,28.2521,3.0,3.0,0.213099,4.5e-05
2026-10-06 12:04:00,1,12,4,7.7687,3.0,3.0,0.076246,5.813504e-06
2026-10-06 12:04:30,1,12,4,0.7468,8.0,8.0,0.084066,7.067172e-06
2026-10-06 12:05:00,1,12,5,2.3007,4.0,4.0,0.049853,2.485359e-06
2026-10-06 12:05:30,1,12,5,3.0631,4.0,4.0,0.086022,7.399699e-06
2026-10-06 12:06:00,1,12,6,3.5267,5.0,5.0,0.095797,9.177003e-06
2026-10-06 12:06:30,1,12,6,1.6401,5.0,5.0,0.044966,2.021922e-06
2026-10-06 12:07:00,1,12,7,4.1164,3.0,3.0,0.093842,8.806253e-06
2026-10-06 12:07:30,1,12,7,4.3398,5.0,5.0,0.061584,3.792537e-06
2026-10-06 12:08:00,1,12,8,1.1253,4.0,4.0,0.1261,1.6e-05
2026-10-06 12:08:30,1,12,8,8.3895,3.0,3.0,0.106549,1.1e-05
2026-10-06 12:09:00,1,12,9,0.7195,5.0,5.0,0.347996,0.000121
2026-10-06 12:09:30,1,12,9,2.2006,5.0,5.0,0.067449,4.549325e-06
2026-10-06 12:10:00,1,12,10,14.0128,3.0,3.0,0.332356,0.00011
2026-10-06 12:10:30,1,12,10,2.6936,4.0,4.0,0.358749,0.000129
2026-10-06 12:11:00,1,12,11,0.6679,2.0,2.0,0.496579,0.000247
2026-10-06 12:11:30,1,12,11,1.9034,3.0,3.0,0.248289,6.2e-05
2026-10-06 12:12:00,1,12,12,0.9835,3.0,3.0,0.063539,4.037155e-06
2026-10-06 12:12:30,1,12,12,18.2978,4.0,4.0,0.070381,4.953518e-06
2026-10-06 12:13:00,1,12,13,2.6936,4.0,4.0,0.085044,7.23248e-06
2026-10-06 12:13:30,1,12,13,8.944,5.0,5.0,0.197458,3.9e-05
2026-10-06 12:14:00,1,12,14,19.6778,5.0,5.0,0.061584,3.792537e-06
2026-10-06 12:14:30,1,12,14,2.4216,4.0,4.0,0.123167,1.5e-05
2026-10-06 12:15:00,1,12,15,2.4323,4.0,4.0,0.049853,2.485359e-06
2026-10-06 12:15:30,1,12,15,2.5926,4.0,4.0,0.090909,8.264464e-06
2026-10-06 12:16:00,1,12,16,11.392,3.0,3.0,0.017595,3.095949e-07
2026-10-06 12:16:30,1,12,16,2.4494,3.0,3.0,0.00391,1.528863e-08
2026-10-06 12:17:00,1,12,17,9.8418,3.0,3.0,0.214076,4.6e-05
2026-10-06 12:17:30,1,12,17,13.3277,3.0,3.0,0.013685,1.872858e-07
2026-10-06 12:18:00,1,12,18,11.5731,3.0,3.0,0.014663,2.149964e-07
2026-10-06 12:18:30,1,12,18,11.9275,3.0,3.0,0.013685,1.872858e-07
2026-10-06 12:19:00,1,12,19,7.9788,3.0,3.0,0.013685,1.872858e-07
2026-10-06 12:19:30,1,12,19,3.7422,2.0,2.0,0.000978,9.555396e-10
2026-10-06 12:20:00,1,12,20,12.7293,4.0,4.0,0.013685,1.872858e-07
2026-10-06 12:20:30,1,12,20,9.4948,4.0,4.0,0.105572,1.1e-05
2026-10-06 12:21:00,1,12,21,2.0517,3.0,3.0,0.013685,1.872858e-07
2026-10-06 12:21:30,1,12,21,3.6787,1.0,1.0,0.013685,1.872858e-07
2026-10-06 12:22:00,1,12,22,9.5309,1.0,1.0,0.020528,4.21393e-07
2026-10-06 12:22:30,1,12,22,5.6118,2.0,2.0,0.160313,2.6e-05
2026-10-06 12:23:00,1,12,23,5.7513,2.0,2.0,0.014663,2.149964e-07
2026-10-06 12:23:30,1,12,23,8.6585,2.0,2.0,0.014663,2.149964e-07
2026-10-06 12:24:00,1,12,24,12.6542,4.0,4.0,0.0,0.0
2026-10-06 12:24:30,1,12,24,2.877,2.0,2.0,0.014663,2.149964e-07
2026-10-06 12:25:00,1,12,25,9.894,2.0,2.0,0.061584,3.792537e-06
2026-10-06 12:25:30,1,12,25,9.4948,4.0,4.0,0.127077,1.6e-05
2026-10-06 12:26:00,1,12,26,12.3409,3.0,3.0,0.0,0.0
2026-10-06 12:26:30,1,12,26,13.0649,5.0,5.0,0.013685,1.872858e-07
2026-10-06 12:27:00,1,12,27,1.7464,3.0,3.0,0.013685,1.872858e-07
2026-10-06 12:27:30,1,12,27,9.9776,2.0,2.0,0.002933,8.599857e-09
2026-10-06 12:28:00,1,12,28,12.899,2.0,2.0,0.073314,5.37491e-06
2026-10-06 12:28:30,1,12,28,11.3039,2.0,2.0,0.391984,0.000154
2026-10-06 12:29:00,1,12,29,26.4596,2.0,2.0,0.013685,1.872858e-07
2026-10-06 12:29:30,1,12,29,18.7861,4.0,4.0,0.013685,1.872858e-07
2026-10-06 12:30:00,1,12,30,5.3136,4.0,4.0,0.0,0.0
2026-10-06 12:30:30,1,12,30,1.4605,5.0,5.0,0.00391,1.528863e-08
2026-10-06 12:31:00,1,12,31,33.1222,2.0,2.0,0.017595,3.095949e-07
2026-10-06 12:31:30,1,12,31,13.4709,4.0,4.0,0.088954,7.912824e-06
2026-10-06 12:32:00,1,12,32,12.7346,3.0,3.0,0.02346,5.503908e-07
2026-10-06 12:32:30,1,12,32,12.197,3.0,3.0,0.095797,9.177003e-06
2026-10-06 12:33:00,1,12,33,4.3659,5.0,5.0,0.15738,2.5e-05
2026-10-06 12:33:30,1,12,33,17.0153,4.0,4.0,0.013685,1.872858e-07
2026-10-06 12:34:00,1,12,34,2.7697,2.0,2.0,0.205279,4.2e-05
2026-10-06 12:34:30,1,12,34,13.4081,3.0,3.0,0.013685,1.872858e-07
2026-10-06 12:35:00,1,12,35,33.5748,2.0,2.0,0.055718,3.104548e-06
2026-10-06 12:35:30,1,12,35,8.4279,4.0,4.0,0.0,0.0
2026-10-06 12:36:00,1,12,36,7.0863,1.0,1.0,0.226784,5.1e-05
2026-10-06 12:36:30,1,12,36,5.3407,1.0,1.0,0.593353,0.000352
2026-10-06 12:37:00,1,12,37,8.4279,4.0,4.0,0.013685,1.872858e-07
2026-10-06 12:37:30,1,12,37,2.0517,3.0,3.0,0.014663,2.149964e-07
2026-10-06 12:38:00,1,12,38,22.8143,3.0,3.0,0.146628,2.1e-05
2026-10-06 12:38:30,1,12,38,1.3252,4.0,4.0,0.014663,2.149964e-07
2026-10-06 12:39:00,1,12,39,13.5713,3.0,3.0,0.013685,1.872858e-07
2026-10-06 12:39:30,1,12,39,4.5562,3.0,3.0,0.166178,2.8e-05
2026-10-06 12:40:00,1,12,40,1.2089,3.0,3.0,0.013685,1.872858e-07
2026-10-06 12:40:30,1,12,40,1.747,2.0,2.0,0.013685,1.872858e-07
2026-10-06 12:41:00,1,12,41,0.9324,3.0,3.0,0.014663,2.149964e-07
2026-10-06 12:41:30,1,12,41,7.4875,5.0,5.0,0.009775,9.555396e-08
2026-10-06 12:42:00,1,12,42,6.4773,3.0,3.0,0.013685,1.872858e-07
2026-10-06 12:42:30,1,12,42,3.861,3.0,3.0,0.013685,1.872858e-07
2026-10-06 12:43:00,1,12,43,12.7452,1.0,1.0,0.013685,1.872858e-07
2026-10-06 12:43:30,1,12,43,18.2893,4.0,4.0,0.013685,1.872858e-07
2026-10-06 12:44:00,1,12,44,2.6554,3.0,3.0,0.013685,1.872858e-07
2026-10-06 12:44:30,1,12,44,17.853,4.0,4.0,0.014663,2.149964e-07
2026-10-06 12:45:00,1,12,45,26.8869,2.0,2.0,0.317693,0.000101
2026-10-06 12:45:30,1,12,45,0.9324,3.0,3.0,0.013685,1.872858e-07
2026-10-06 12:46:00,1,12,46,8.5713,3.0,3.0,0.013685,1.872858e-07
2026-10-06 12:46:30,1,12,46,2.714,3.0,3.0,0.013685,1.872858e-07
2026-10-06 12:47:00,1,12,47,11.0198,3.0,3.0,0.013685,1.872858e-07
2026-10-06 12:47:30,1,12,47,33.1222,2.0,2.0,0.006843,4.682144e-08
2026-10-06 12:48:00,1,12,48,15.243,2.0,2.0,0.013685,1.872858e-07
2026-10-06 12:48:30,1,12,48,13.3277,3.0,3.0,0.013685,1.872858e-07
2026-10-06 12:49:00,1,12,49,7.9854,2.0,2.0,0.013685,1.872858e-07
2026-10-06 12:49:30,1,12,49,12.7452,1.0,1.0,0.012708,1.614862e-07
2026-10-06 12:50:00,1,12,50,6.5266,3.0,3.0,0.017595,3.095949e-07
2026-10-06 12:50:30,1,12,50,15.0121,4.0,4.0,0.013685,1.872858e-07
2026-10-06 12:51:00,1,12,51,1.2089,3.0,3.0,0.013685,1.872858e-07
2026-10-06 12:51:30,1,12,51,6.5891,3.0,3.0,0.013685,1.872858e-07
2026-10-06 12:52:00,1,12,52,6.2038,2.0,2.0,0.0,0.0
2026-10-06 12:52:30,1,12,52,11.7929,2.0,2.0,0.481916,0.000232
2026-10-06 12:53:00,1,12,53,4.8686,2.0,2.0,0.014663,2.149964e-07
2026-10-06 12:53:30,1,12,53,7.0717,4.0,4.0,0.168133,2.8e-05
2026-10-06 12:54:00,1,12,54,13.7145,3.0,3.0,0.0,0.0
2026-10-06 12:54:30,1,12,54,13.1109,2.0,2.0,0.014663,2.149964e-07
2026-10-06 12:55:00,1,12,55,8.3729,2.0,2.0,0.013685,1.872858e-07
2026-10-06 12:55:30,1,12,55,5.6385,3.0,3.0,0.098729,9.747461e-06
2026-10-06 12:56:00,1,12,56,9.5153,3.0,3.0,0.0,0.0
2026-10-06 12:56:30,1,12,56,9.3957,4.0,4.0,0.013685,1.872858e-07
2026-10-06 12:57:00,1,12,57,10.7868,2.0,2.0,0.013685,1.872858e-07
2026-10-06 12:57:30,1,12,57,2.2886,1.0,1.0,0.013685,1.872858e-07
2026-10-06 12:58:00,1,12,58,1.2211,2.0,2.0,0.013685,1.872858e-07
2026-10-06 12:58:30,1,12,58,13.9392,3.0,3.0,0.0,0.0
2026-10-06 12:59:00,1,12,59,4.0274,2.0,2.0,0.005865,3.439943e-08
2026-10-06 12:59:30,1,12,59,3.8631,2.0,2.0,0.16911,2.9e-05
2026-10-06 13:00:00,1,13,0,10.5602,5.0,5.0,0.013685,1.872858e-07
2026-10-06 13:00:30,1,13,0,30.9904,2.0,2.0,0.013685,1.872858e-07
2026-10-06 13:01:00,1,13,1,16.7937,4.0,4.0,0.001955,3.822159e-09
2026-10-06 13:01:30,1,13,1,7.2239,3.0,3.0,0.013685,1.872858e-07
2026-10-06 13:02:00,1,13,2,2.5131,1.0,1.0,0.15738,2.5e-05
2026-10-06 13:02:30,1,13,2,11.3357,3.0,3.0,0.013685,1.872858e-07
2026-10-06 13:03:00,1,13,3,2.3473,5.0,5.0,0.085044,7.23248e-06
2026-10-06 13:03:30,1,13,3,15.8641,4.0,4.0,0.014663,2.149964e-07
2026-10-06 13:04:00,1,13,4,8.8859,3.0,3.0,0.014663,2.149964e-07
2026-10-06 13:04:30,1,13,4,1.2996,2.0,2.0,0.013685,1.872858e-07
2026-10-06 13:05:00,1,13,5,5.3718,1.0,1.0,0.075269,5.665395e-06
2026-10-06 13:05:30,1,13,5,3.1261,3.0,3.0,0.013685,1.872858e-07
2026-10-06 13:06:00,1,13,6,6.4526,2.0,2.0,0.41349,0.000171
2026-10-06 13:06:30,1,13,6,3.2416,4.0,4.0,0.100684,1e-05
2026-10-06 13:07:00,1,13,7,0.9513,2.0,2.0,0.005865,3.439943e-08
2026-10-06 13:07:30,1,13,7,3.6232,3.0,3.0,0.064516,4.162331e-06
2026-10-06 13:08:00,1,13,8,13.4709,4.0,4.0,0.013685,1.872858e-07
2026-10-06 13:08:30,1,13,8,2.9696,0.0,0.0,0.013685,1.872858e-07
2026-10-06 13:09:00,1,13,9,1.6341,2.0,2.0,0.27566,7.6e-05
2026-10-06 13:09:30,1,13,9,13.9392,3.0,3.0,0.095797,9.177003e-06
2026-10-06 13:10:00,1,13,10,33.1222,2.0,2.0,0.115347,1.3e-05
2026-10-06 13:10:30,1,13,10,4.8704,1.0,1.0,0.013685,1.872858e-07
2026-10-06 13:11:00,1,13,11,9.9306,2.0,2.0,0.013685,1.872858e-07
2026-10-06 13:11:30,1,13,11,3.6787,1.0,1.0,0.013685,1.872858e-07
2026-10-06 13:12:00,1,13,12,1.5539,2.0,2.0,0.146628,2.1e-05
2026-10-06 13:12:30,1,13,12,13.5812,3.0,3.0,0.068426,4.682145e-06
2026-10-06 13:13:00,1,13,13,9.7482,5.0,5.0,0.000978,9.555396e-10
2026-10-06 13:13:30,1,13,13,23.105,1.0,1.0,0.013685,1.872858e-07
2026-10-06 13:14:00,1,13,14,4.8564,3.0,3.0,0.252199,6.4e-05
2026-10-06 13:14:30,1,13,14,8.5596,4.0,4.0,0.004888,2.388849e-08
2026-10-06 13:15:00,1,13,15,8.3502,3.0,3.0,0.013685,1.872858e-07
2026-10-06 13:15:30,1,13,15,5.5321,2.0,2.0,0.265885,7.1e-05
2026-10-06 13:16:00,1,13,16,12.4415,3.0,3.0,0.0,0.0
2026-10-06 13:16:30,1,13,16,15.2381,3.0,3.0,0.0,0.0
2026-10-06 13:17:00,1,13,17,67.8325,1.0,1.0,0.068426,4.682145e-06
2026-10-06 13:17:30,1,13,17,15.3178,2.0,2.0,0.0,0.0
2026-10-06 13:18:00,1,13,18,10.5663,2.0,2.0,0.012708,1.614862e-07
2026-10-06 13:18:30,1,13,18,2.3473,5.0,5.0,0.000978,9.555396e-10
2026-10-06 13:19:00,1,13,19,9.3957,4.0,4.0,0.080156,6.425048e-06
2026-10-06 13:19:30,1,13,19,16.4179,3.0,3.0,0.200391,4e-05
2026-10-06 13:20:00,1,13,20,11.3908,4.0,4.0,0.27566,7.6e-05
2026-10-06 13:20:30,1,13,20,9.8418,3.0,3.0,0.013685,1.872858e-07
2026-10-06 13:21:00,1,13,21,12.6542,4.0,4.0,0.0,0.0
2026-10-06 13:21:30,1,13,21,12.197,3.0,3.0,0.014663,2.149964e-07
2026-10-06 13:22:00,1,13,22,1.8125,3.0,3.0,0.017595,3.095949e-07
2026-10-06 13:22:30,1,13,22,20.4481,3.0,3.0,0.332356,0.00011
2026-10-06 13:23:00,1,13,23,2.9072,1.0,1.0,0.41349,0.000171
2026-10-06 13:23:30,1,13,23,23.9717,3.0,3.0,0.244379,6e-05
2026-10-06 13:24:00,1,13,24,11.5932,2.0,2.0,0.01955,3.822159e-07
2026-10-06 13:24:30,1,13,24,17.426,2.0,2.0,0.013685,1.872858e-07
2026-10-06 13:25:00,1,13,25,9.9109,3.0,3.0,0.0,0.0
2026-10-06 13:25:30,1,13,25,9.8418,3.0,3.0,0.101662,1e-05
2026-10-06 13:26:00,1,13,26,28.3003,2.0,2.0,0.013685,1.872858e-07
2026-10-06 13:26:30,1,13,26,2.7353,2.0,2.0,0.014663,2.149964e-07
2026-10-06 13:27:00,1,13,27,9.9055,2.0,2.0,0.001955,3.822159e-09
2026-10-06 13:27:30,1,13,27,22.8143,3.0,3.0,0.265885,7.1e-05
2026-10-06 13:28:00,1,13,28,4.7169,2.0,2.0,0.252199,6.4e-05
2026-10-06 13:28:30,1,13,28,46.4662,2.0,2.0,0.021505,4.624812e-07
2026-10-06 13:29:00,1,13,29,19.3456,2.0,2.0,0.013685,1.872858e-07
2026-10-06 13:29:30,1,13,29,7.9065,3.0,3.0,0.252199,6.4e-05
2026-10-06 13:30:00,1,13,30,5.3207,3.0,3.0,0.200391,4e-05
2026-10-06 13:30:30,1,13,30,8.6585,2.0,2.0,0.2913,8.5e-05
2026-10-06 13:31:00,1,13,31,1.3252,4.0,4.0,0.013685,1.872858e-07
2026-10-06 13:31:30,1,13,31,24.1142,4.0,4.0,0.013685,1.872858e-07
2026-10-06 13:32:00,1,13,32,12.1602,4.0,4.0,0.096774,9.365243e-06
2026-10-06 13:32:30,1,13,32,12.6542,4.0,4.0,0.014663,2.149964e-07
2026-10-06 13:33:00,1,13,33,11.3097,2.0,2.0,0.013685,1.872858e-07
2026-10-06 13:33:30,1,13,33,28.3003,2.0,2.0,0.013685,1.872858e-07
2026-10-06 13:34:00,1,13,34,8.6677,4.0,4.0,0.013685,1.872858e-07
2026-10-06 13:34:30,1,13,34,1.0015,2.0,2.0,0.013685,1.872858e-07
2026-10-06 13:35:00,1,13,35,10.5602,5.0,5.0,0.013685,1.872858e-07
2026-10-06 13:35:30,1,13,35,22.7701,4.0,4.0,0.013685,1.872858e-07
2026-10-06 13:36:00,1,13,36,17.6369,3.0,3.0,0.013685,1.872858e-07
2026-10-06 13:36:30,1,13,36,11.3069,2.0,2.0,0.098729,9.747461e-06
2026-10-06 13:37:00,1,13,37,7.1094,3.0,3.0,0.017595,3.095949e-07
2026-10-06 13:37:30,1,13,37,15.1229,2.0,2.0,0.213099,4.5e-05
2026-10-06 13:38:00,1,13,38,16.7937,4.0,4.0,0.381232,0.000145
2026-10-06 13:38:30,1,13,38,5.119,1.0,1.0,0.000978,9.555396e-10
2026-10-06 13:39:00,1,13,39,9.5309,1.0,1.0,0.014663,2.149964e-07
2026-10-06 13:39:30,1,13,39,6.5266,3.0,3.0,0.358749,0.000129
2026-10-06 13:40:00,1,13,40,1.9242,5.0,5.0,0.014663,2.149964e-07
2026-10-06 13:40:30,1,13,40,11.2365,2.0,2.0,0.0,0.0
2026-10-06 13:41:00,1,13,41,11.0688,3.0,3.0,0.013685,1.872858e-07
2026-10-06 13:41:30,1,13,41,15.1229,2.0,2.0,0.013685,1.872858e-07
2026-10-06 13:42:00,1,13,42,9.8619,2.0,2.0,0.0,0.0
2026-10-06 13:42:30,1,13,42,4.0274,2.0,2.0,0.013685,1.872858e-07
2026-10-06 13:43:00,1,13,43,10.2811,2.0,2.0,0.226784,5.1e-05
2026-10-06 13:43:30,1,13,43,12.6581,3.0,3.0,0.004888,2.388849e-08
2026-10-06 13:44:00,1,13,44,2.9696,0.0,0.0,0.00782,6.115454e-08
2026-10-06 13:44:30,1,13,44,1.9242,5.0,5.0,0.013685,1.872858e-07
2026-10-06 13:45:00,1,13,45,15.0121,4.0,4.0,0.013685,1.872858e-07
2026-10-06 13:45:30,1,13,45,7.5234,3.0,3.0,0.028348,8.036089e-07
2026-10-06 13:46:00,1,13,46,1.2211,2.0,2.0,0.013685,1.872858e-07
2026-10-06 13:46:30,1,13,46,12.7293,4.0,4.0,0.014663,2.149964e-07
2026-10-06 13:47:00,1,13,47,26.4596,2.0,2.0,0.013685,1.872858e-07
2026-10-06 13:47:30,1,13,47,2.7209,3.0,3.0,0.0,0.0
2026-10-06 13:48:00,1,13,48,16.2809,4.0,4.0,0.013685,1.872858e-07
2026-10-06 13:48:30,1,13,48,4.0831,1.0,1.0,0.013685,1.872858e-07
2026-10-06 13:49:00,1,13,49,4.4928,4.0,4.0,0.253177,6.4e-05
2026-10-06 13:49:30,1,13,49,8.602,4.0,4.0,0.013685,1.872858e-07
2026-10-06 13:50:00,1,13,50,5.3136,4.0,4.0,0.014663,2.149964e-07
2026-10-06 13:50:30,1,13,50,1.745,3.0,3.0,0.013685,1.872858e-07
2026-10-06 13:51:00,1,13,51,8.3729,2.0,2.0,0.013685,1.872858e-07
2026-10-06 13:51:30,1,13,51,8.6127,4.0,4.0,0.035191,1.238379e-06
2026-10-06 13:52:00,1,13,52,13.0649,5.0,5.0,0.146628,2.1e-05
2026-10-06 13:52:30,1,13,52,1.2211,2.0,2.0,0.014663,2.149964e-07
2026-10-06 13:53:00,1,13,53,5.3207,3.0,3.0,0.27566,7.6e-05
2026-10-06 13:53:30,1,13,53,3.2416,4.0,4.0,0.013685,1.872858e-07
2026-10-06 13:54:00,1,13,54,2.8701,2.0,2.0,0.0,0.0
2026-10-06 13:54:30,1,13,54,9.1064,3.0,3.0,0.0,0.0
2026-10-06 13:55:00,1,13,55,1.0015,2.0,2.0,0.012708,1.614862e-07
2026-10-06 13:55:30,1,13,55,3.8631,2.0,2.0,0.013685,1.872858e-07
2026-10-06 13:56:00,1,13,56,12.4415,3.0,3.0,0.013685,1.872858e-07
2026-10-06 13:56:30,1,13,56,4.4928,4.0,4.0,0.013685,1.872858e-07
2026-10-06 13:57:00,1,13,57,5.6602,3.0,3.0,0.0,0.0
2026-10-06 13:57:30,1,13,57,3.7422,2.0,2.0,0.013685,1.872858e-07
2026-10-06 13:58:00,1,13,58,9.3957,4.0,4.0,0.269795,7.3e-05
2026-10-06 13:58:30,1,13,58,22.8143,3.0,3.0,0.096774,9.365243e-06
2026-10-06 13:59:00,1,13,59,6.4526,2.0,2.0,0.013685,1.872858e-07
2026-10-06 13:59:30,1,13,59,15.1625,2.0,2.0,0.014663,2.149964e-07
2026-10-06 14:00:00,1,14,0,24.2942,5.0,5.0,0.115347,1.3e-05
2026-10-06 14:00:30,1,14,0,1.9463,6.0,6.0,0.052786,2.786354e-06
2026-10-06 14:01:00,1,14,1,2.3498,4.0,4.0,0.496579,0.000247
2026-10-06 14:01:30,1,14,1,0.4639,5.0,5.0,0.558162,0.000312
2026-10-06 14:02:00,1,14,2,0.8432,4.0,4.0,0.300098,9e-05
2026-10-06 14:02:30,1,14,2,1.6643,4.0,4.0,0.358749,0.000129
2026-10-06 14:03:00,1,14,3,7.7687,3.0,3.0,0.177908,3.2e-05
2026-10-06 14:03:30,1,14,3,27.7721,4.0,4.0,0.41349,0.000171
2026-10-06 14:04:00,1,14,4,3.4826,4.0,4.0,0.217986,4.8e-05
2026-10-06 14:04:30,1,14,4,4.876,4.0,4.0,0.231672,5.4e-05
2026-10-06 14:05:00,1,14,5,9.2225,4.0,4.0,0.420332,0.000177
2026-10-06 14:05:30,1,14,5,24.5669,4.0,4.0,0.061584,3.792537e-06
2026-10-06 14:06:00,1,14,6,3.1496,5.0,5.0,0.496579,0.000247
2026-10-06 14:06:30,1,14,6,8.1727,5.0,5.0,0.108504,1.2e-05
2026-10-06 14:07:00,1,14,7,2.0744,4.0,4.0,0.244379,6e-05
2026-10-06 14:07:30,1,14,7,2.2642,4.0,4.0,0.071359,5.092071e-06
2026-10-06 14:08:00,1,14,8,4.1055,3.0,3.0,0.241447,5.8e-05
2026-10-06 14:08:30,1,14,8,0.8306,6.0,6.0,0.106549,1.1e-05
2026-10-06 14:09:00,1,14,9,0.8167,5.0,5.0,0.117302,1.4e-05
2026-10-06 14:09:30,1,14,9,22.3526,5.0,5.0,0.059629,3.555563e-06
2026-10-06 14:10:00,1,14,10,2.2387,5.0,5.0,0.080156,6.425048e-06
2026-10-06 14:10:30,1,14,10,1.0254,4.0,4.0,0.127077,1.6e-05
2026-10-06 14:11:00,1,14,11,2.6159,4.0,4.0,0.308895,9.5e-05
2026-10-06 14:11:30,1,14,11,18.1358,5.0,5.0,0.213099,4.5e-05
2026-10-06 14:12:00,1,14,12,0.6325,4.0,4.0,0.317693,0.000101
2026-10-06 14:12:30,1,14,12,12.2097,5.0,5.0,0.359726,0.000129
2026-10-06 14:13:00,1,14,13,1.064,3.0,3.0,0.063539,4.037155e-06
2026-10-06 14:13:30,1,14,13,8.1221,3.0,3.0,0.426197,0.000182
2026-10-06 14:14:00,1,14,14,3.0717,3.0,3.0,0.244379,6e-05
2026-10-06 14:14:30,1,14,14,12.4562,4.0,4.0,0.087977,7.739871e-06
2026-10-06 14:15:00,1,14,15,26.2154,5.0,5.0,0.123167,1.5e-05
2026-10-06 14:15:30,1,14,15,9.1454,3.0,3.0,0.27957,7.8e-05
2026-10-06 14:16:00,1,14,16,8.4218,3.0,3.0,0.013685,1.872858e-07
2026-10-06 14:16:30,1,14,16,5.3207,3.0,3.0,0.014663,2.149964e-07
2026-10-06 14:17:00,1,14,17,12.516,3.0,3.0,0.0,0.0
2026-10-06 14:17:30,1,14,17,9.2688,4.0,4.0,0.13783,1.9e-05
2026-10-06 14:18:00,1,14,18,2.7697,2.0,2.0,0.146628,2.1e-05
2026-10-06 14:18:30,1,14,18,3.6232,3.0,3.0,0.402737,0.000162
2026-10-06 14:19:00,1,14,19,15.3419,2.0,2.0,0.167155,2.8e-05
2026-10-06 14:19:30,1,14,19,7.9065,3.0,3.0,0.014663,2.149964e-07
2026-10-06 14:20:00,1,14,20,18.0109,5.0,5.0,0.085044,7.23248e-06
2026-10-06 14:20:30,1,14,20,12.2792,4.0,4.0,0.085044,7.23248e-06
2026-10-06 14:21:00,1,14,21,11.8541,2.0,2.0,0.013685,1.872858e-07
2026-10-06 14:21:30,1,14,21,2.0386,3.0,3.0,0.013685,1.872858e-07
2026-10-06 14:22:00,1,14,22,7.2239,3.0,3.0,0.013685,1.872858e-07
2026-10-06 14:22:30,1,14,22,5.8716,1.0,1.0,0.261975,6.9e-05
2026-10-06 14:23:00,1,14,23,12.7048,3.0,3.0,0.013685,1.872858e-07
2026-10-06 14:23:30,1,14,23,9.9306,2.0,2.0,0.000978,9.555396e-10
2026-10-06 14:24:00,1,14,24,3.4555,2.0,2.0,0.013685,1.872858e-07
2026-10-06 14:24:30,1,14,24,11.5731,3.0,3.0,0.013685,1.872858e-07
2026-10-06 14:25:00,1,14,25,7.1094,3.0,3.0,0.014663,2.149964e-07
2026-10-06 14:25:30,1,14,25,22.1346,2.0,2.0,0.016618,2.76151e-07
2026-10-06 14:26:00,1,14,26,12.7376,2.0,2.0,0.013685,1.872858e-07
2026-10-06 14:26:30,1,14,26,6.8611,3.0,3.0,0.000978,9.555396e-10
2026-10-06 14:27:00,1,14,27,26.8869,2.0,2.0,0.028348,8.036089e-07
2026-10-06 14:27:30,1,14,27,2.4066,3.0,3.0,0.013685,1.872858e-07
2026-10-06 14:28:00,1,14,28,5.119,1.0,1.0,0.013685,1.872858e-07
2026-10-06 14:28:30,1,14,28,2.4066,3.0,3.0,0.0,0.0
2026-10-06 14:29:00,1,14,29,32.0471,2.0,2.0,0.035191,1.238379e-06
2026-10-06 14:29:30,1,14,29,4.8564,3.0,3.0,0.013685,1.872858e-07
2026-10-06 14:30:00,1,14,30,10.2855,3.0,3.0,0.391984,0.000154
2026-10-06 14:30:30,1,14,30,37.9702,3.0,3.0,0.281525,7.9e-05
2026-10-06 14:31:00,1,14,31,8.3502,3.0,3.0,0.044966,2.021922e-06
2026-10-06 14:31:30,1,14,31,11.392,3.0,3.0,0.103617,1.1e-05
2026-10-06 14:32:00,1,14,32,4.7169,2.0,2.0,0.013685,1.872858e-07
2026-10-06 14:32:30,1,14,32,7.4875,5.0,5.0,0.000978,9.555396e-10
2026-10-06 14:33:00,1,14,33,1.8394,3.0,3.0,0.01564,2.446181e-07
2026-10-06 14:33:30,1,14,33,7.6683,2.0,2.0,0.01955,3.822159e-07
2026-10-06 14:34:00,1,14,34,2.6554,3.0,3.0,0.168133,2.8e-05
2026-10-06 14:34:30,1,14,34,8.9729,4.0,4.0,0.01564,2.446181e-07
2026-10-06 14:35:00,1,14,35,9.3957,4.0,4.0,0.379277,0.000144
2026-10-06 14:35:30,1,14,35,30.9904,2.0,2.0,0.000978,9.555396e-10
2026-10-06 14:36:00,1,14,36,16.4464,3.0,3.0,0.0,0.0
2026-10-06 14:36:30,1,14,36,12.3781,3.0,3.0,0.013685,1.872858e-07
2026-10-06 14:37:00,1,14,37,5.2382,4.0,4.0,0.061584,3.792537e-06
2026-10-06 14:37:30,1,14,37,10.3783,2.0,2.0,0.0,0.0
2026-10-06 14:38:00,1,14,38,10.9254,3.0,3.0,0.013685,1.872858e-07
2026-10-06 14:38:30,1,14,38,18.2893,4.0,4.0,0.0,0.0
2026-10-06 14:39:00,1,14,39,9.8316,4.0,4.0,0.013685,1.872858e-07
2026-10-06 14:39:30,1,14,39,2.9886,3.0,3.0,0.013685,1.872858e-07
2026-10-06 14:40:00,1,14,40,26.4596,2.0,2.0,0.345064,0.000119
2026-10-06 14:40:30,1,14,40,5.6385,3.0,3.0,0.14174,2e-05
2026-10-06 14:41:00,1,14,41,10.1392,4.0,4.0,0.013685,1.872858e-07
2026-10-06 14:41:30,1,14,41,35.2564,2.0,2.0,0.16911,2.9e-05
2026-10-06 14:42:00,1,14,42,8.9891,4.0,4.0,0.476051,0.000227
2026-10-06 14:42:30,1,14,42,13.853,3.0,3.0,0.0,0.0
2026-10-06 14:43:00,1,14,43,46.4662,2.0,2.0,0.002933,8.599857e-09
2026-10-06 14:43:30,1,14,43,22.8143,3.0,3.0,0.013685,1.872858e-07
2026-10-06 14:44:00,1,14,44,12.0665,2.0,2.0,0.100684,1e-05
2026-10-06 14:44:30,1,14,44,1.975,3.0,3.0,0.013685,1.872858e-07
2026-10-06 14:45:00,1,14,45,9.1658,3.0,3.0,0.030303,9.182737e-07
2026-10-06 14:45:30,1,14,45,10.5103,3.0,3.0,0.265885,7.1e-05
2026-10-06 14:46:00,1,14,46,2.9696,0.0,0.0,0.013685,1.872858e-07
2026-10-06 14:46:30,1,14,46,2.877,2.0,2.0,0.0,0.0
2026-10-06 14:47:00,1,14,47,7.845,4.0,4.0,0.013685,1.872858e-07
2026-10-06 14:47:30,1,14,47,4.5231,2.0,2.0,0.013685,1.872858e-07
2026-10-06 14:48:00,1,14,48,4.5321,5.0,5.0,0.013685,1.872858e-07
2026-10-06 14:48:30,1,14,48,14.1137,4.0,4.0,0.014663,2.149964e-07
2026-10-06 14:49:00,1,14,49,25.2913,2.0,2.0,0.013685,1.872858e-07
2026-10-06 14:49:30,1,14,49,4.8704,1.0,1.0,0.013685,1.872858e-07
2026-10-06 14:50:00,1,14,50,1.8772,4.0,4.0,0.013685,1.872858e-07
2026-10-06 14:50:30,1,14,50,3.5675,2.0,2.0,0.067449,4.549325e-06
2026-10-06 14:51:00,1,14,51,10.5602,5.0,5.0,0.013685,1.872858e-07
2026-10-06 14:51:30,1,14,51,13.9392,3.0,3.0,0.013685,1.872858e-07
2026-10-06 14:52:00,1,14,52,10.0748,4.0,4.0,0.008798,7.739872e-08
2026-10-06 14:52:30,1,14,52,10.767,2.0,2.0,0.013685,1.872858e-07
2026-10-06 14:53:00,1,14,53,8.3729,2.0,2.0,0.013685,1.872858e-07
2026-10-06 14:53:30,1,14,53,15.0411,2.0,2.0,0.082111,6.742288e-06
2026-10-06 14:54:00,1,14,54,3.2566,2.0,2.0,0.016618,2.76151e-07
2026-10-06 14:54:30,1,14,54,21.9102,4.0,4.0,0.013685,1.872858e-07
2026-10-06 14:55:00,1,14,55,6.2765,4.0,4.0,0.312805,9.8e-05
2026-10-06 14:55:30,1,14,55,6.4773,3.0,3.0,0.012708,1.614862e-07
2026-10-06 14:56:00,1,14,56,1.5469,3.0,3.0,0.013685,1.872858e-07
2026-10-06 14:56:30,1,14,56,16.4179,3.0,3.0,0.013685,1.872858e-07
2026-10-06 14:57:00,1,14,57,13.1109,2.0,2.0,0.055718,3.104548e-06
2026-10-06 14:57:30,1,14,57,4.0831,1.0,1.0,0.013685,1.872858e-07
2026-10-06 14:58:00,1,14,58,7.0717,4.0,4.0,0.014663,2.149964e-07
2026-10-06 14:58:30,1,14,58,6.2803,2.0,2.0,0.013685,1.872858e-07
2026-10-06 14:59:00,1,14,59,1.1754,2.0,2.0,0.013685,1.872858e-07
2026-10-06 14:59:30,1,14,59,10.9254,3.0,3.0,0.202346,4.1e-05
2026-10-06 15:00:00,1,15,0,10.3546,3.0,3.0,0.115347,1.3e-05
2026-10-06 15:00:30,1,15,0,5.5321,2.0,2.0,0.014663,2.149964e-07
2026-10-06 15:01:00,1,15,1,8.4218,3.0,3.0,0.082111,6.742288e-06
2026-10-06 15:01:30,1,15,1,9.8619,2.0,2.0,0.0,0.0
2026-10-06 15:02:00,1,15,2,4.8282,3.0,3.0,0.013685,1.872858e-07
2026-10-06 15:02:30,1,15,2,4.8704,1.0,1.0,0.15738,2.5e-05
2026-10-06 15:03:00,1,15,3,3.2163,2.0,2.0,0.013685,1.872858e-07
2026-10-06 15:03:30,1,15,3,10.3783,2.0,2.0,0.000978,9.555396e-10
2026-10-06 15:04:00,1,15,4,1.9008,4.0,4.0,0.177908,3.2e-05
2026-10-06 15:04:30,1,15,4,13.5713,3.0,3.0,0.013685,1.872858e-07
2026-10-06 15:05:00,1,15,5,1.9078,5.0,5.0,0.205279,4.2e-05
2026-10-06 15:05:30,1,15,5,13.7145,3.0,3.0,0.013685,1.872858e-07
2026-10-06 15:06:00,1,15,6,16.1821,2.0,2.0,0.0,0.0
2026-10-06 15:06:30,1,15,6,24.8313,1.0,1.0,0.0,0.0
2026-10-06 15:07:00,1,15,7,13.9392,3.0,3.0,0.013685,1.872858e-07
2026-10-06 15:07:30,1,15,7,4.5231,2.0,2.0,0.014663,2.149964e-07
2026-10-06 15:08:00,1,15,8,24.1326,2.0,2.0,0.014663,2.149964e-07
2026-10-06 15:08:30,1,15,8,11.5731,3.0,3.0,0.014663,2.149964e-07
2026-10-06 15:09:00,1,15,9,6.2765,4.0,4.0,0.0,0.0
2026-10-06 15:09:30,1,15,9,9.0775,4.0,4.0,0.15738,2.5e-05
2026-10-06 15:10:00,1,15,10,12.1467,2.0,2.0,0.000978,9.555396e-10
2026-10-06 15:10:30,1,15,10,1.7464,3.0,3.0,0.013685,1.872858e-07
2026-10-06 15:11:00,1,15,11,20.0244,3.0,3.0,0.391984,0.000154
2026-10-06 15:11:30,1,15,11,4.5321,5.0,5.0,0.013685,1.872858e-07
2026-10-06 15:12:00,1,15,12,21.4428,4.0,4.0,0.371457,0.000138
2026-10-06 15:12:30,1,15,12,8.8453,3.0,3.0,0.112414,1.3e-05
2026-10-06 15:13:00,1,15,13,1.2996,2.0,2.0,0.01173,1.375977e-07
2026-10-06 15:13:30,1,15,13,6.6272,1.0,1.0,0.075269,5.665395e-06
2026-10-06 15:14:00,1,15,14,11.7929,2.0,2.0,0.013685,1.872858e-07
2026-10-06 15:14:30,1,15,14,3.2566,2.0,2.0,0.041056,1.685572e-06
2026-10-06 15:15:00,1,15,15,12.7182,3.0,3.0,0.01564,2.446181e-07
2026-10-06 15:15:30,1,15,15,6.5266,3.0,3.0,0.013685,1.872858e-07
2026-10-06 15:16:00,1,15,16,12.7182,3.0,3.0,0.077224,5.963523e-06
2026-10-06 15:16:30,1,15,16,6.1406,3.0,3.0,0.01564,2.446181e-07
2026-10-06 15:17:00,1,15,17,6.2803,2.0,2.0,0.014663,2.149964e-07
2026-10-06 15:17:30,1,15,17,14.1137,4.0,4.0,0.013685,1.872858e-07
2026-10-06 15:18:00,1,15,18,12.7048,3.0,3.0,0.012708,1.614862e-07
2026-10-06 15:18:30,1,15,18,12.4415,3.0,3.0,0.016618,2.76151e-07
2026-10-06 15:19:00,1,15,19,28.3003,2.0,2.0,0.076246,5.813504e-06
2026-10-06 15:19:30,1,15,19,1.5071,2.0,2.0,0.082111,6.742288e-06
2026-10-06 15:20:00,1,15,20,1.8772,4.0,4.0,0.0,0.0
2026-10-06 15:20:30,1,15,20,32.56,2.0,2.0,0.075269,5.665395e-06
2026-10-06 15:21:00,1,15,21,4.7597,3.0,3.0,0.013685,1.872858e-07
2026-10-06 15:21:30,1,15,21,6.6118,2.0,2.0,0.112414,1.3e-05
2026-10-06 15:22:00,1,15,22,15.3178,2.0,2.0,0.086022,7.399699e-06
2026-10-06 15:22:30,1,15,22,6.6946,2.0,2.0,0.014663,2.149964e-07
2026-10-06 15:23:00,1,15,23,1.975,3.0,3.0,0.0,0.0
2026-10-06 15:23:30,1,15,23,8.6127,4.0,4.0,0.013685,1.872858e-07
2026-10-06 15:24:00,1,15,24,11.5731,3.0,3.0,0.028348,8.036089e-07
2026-10-06 15:24:30,1,15,24,8.3729,2.0,2.0,0.016618,2.76151e-07
2026-10-06 15:25:00,1,15,25,8.5776,2.0,2.0,0.000978,9.555396e-10
2026-10-06 15:25:30,1,15,25,2.9886,3.0,3.0,0.160313,2.6e-05
2026-10-06 15:26:00,1,15,26,1.7374,3.0,3.0,0.013685,1.872858e-07
2026-10-06 15:26:30,1,15,26,7.1714,3.0,3.0,0.013685,1.872858e-07
2026-10-06 15:27:00,1,15,27,8.1988,2.0,2.0,0.017595,3.095949e-07
2026-10-06 15:27:30,1,15,27,12.7048,3.0,3.0,0.347019,0.00012
2026-10-06 15:28:00,1,15,28,0.9324,3.0,3.0,0.01173,1.375977e-07
2026-10-06 15:28:30,1,15,28,1.2996,2.0,2.0,0.00391,1.528863e-08
2026-10-06 15:29:00,1,15,29,33.1375,3.0,3.0,0.013685,1.872858e-07
2026-10-06 15:29:30,1,15,29,9.1658,3.0,3.0,0.013685,1.872858e-07
2026-10-06 15:30:00,1,15,30,12.7376,2.0,2.0,0.014663,2.149964e-07
2026-10-06 15:30:30,1,15,30,1.233,4.0,4.0,0.012708,1.614862e-07
2026-10-06 15:31:00,1,15,31,7.0717,4.0,4.0,0.014663,2.149964e-07
2026-10-06 15:31:30,1,15,31,5.119,1.0,1.0,0.013685,1.872858e-07
2026-10-06 15:32:00,1,15,32,9.5153,3.0,3.0,0.017595,3.095949e-07
2026-10-06 15:32:30,1,15,32,4.5562,3.0,3.0,0.013685,1.872858e-07
2026-10-06 15:33:00,1,15,33,5.6118,2.0,2.0,0.000978,9.555396e-10
2026-10-06 15:33:30,1,15,33,8.3729,2.0,2.0,0.013685,1.872858e-07
2026-10-06 15:34:00,1,15,34,11.3544,4.0,4.0,0.013685,1.872858e-07
2026-10-06 15:34:30,1,15,34,7.6219,4.0,4.0,0.085044,7.23248e-06
2026-10-06 15:35:00,1,15,35,18.7861,4.0,4.0,0.013685,1.872858e-07
2026-10-06 15:35:30,1,15,35,22.1346,2.0,2.0,0.086022,7.399699e-06
2026-10-06 15:36:00,1,15,36,13.4709,4.0,4.0,0.013685,1.872858e-07
2026-10-06 15:36:30,1,15,36,13.2636,3.0,3.0,0.013685,1.872858e-07
2026-10-06 15:37:00,1,15,37,23.9717,3.0,3.0,0.01564,2.446181e-07
2026-10-06 15:37:30,1,15,37,3.1261,3.0,3.0,0.013685,1.872858e-07
2026-10-06 15:38:00,1,15,38,18.0109,5.0,5.0,0.214076,4.6e-05
2026-10-06 15:38:30,1,15,38,3.6602,2.0,2.0,0.012708,1.614862e-07
2026-10-06 15:39:00,1,15,39,11.8107,3.0,3.0,0.01564,2.446181e-07
2026-10-06 15:39:30,1,15,39,2.8701,2.0,2.0,0.01564,2.446181e-07
2026-10-06 15:40:00,1,15,40,7.4709,2.0,2.0,0.002933,8.599857e-09
2026-10-06 15:40:30,1,15,40,31.6089,3.0,3.0,0.012708,1.614862e-07
2026-10-06 15:41:00,1,15,41,19.6078,4.0,4.0,0.014663,2.149964e-07
2026-10-06 15:41:30,1,15,41,8.2695,2.0,2.0,0.252199,6.4e-05
2026-10-06 15:42:00,1,15,42,2.2537,3.0,3.0,0.008798,7.739872e-08
2026-10-06 15:42:30,1,15,42,14.5312,3.0,3.0,0.27957,7.8e-05
2026-10-06 15:43:00,1,15,43,14.8435,3.0,3.0,0.014663,2.149964e-07
2026-10-06 15:43:30,1,15,43,12.899,2.0,2.0,0.014663,2.149964e-07
2026-10-06 15:44:00,1,15,44,1.5789,5.0,5.0,0.013685,1.872858e-07
2026-10-06 15:44:30,1,15,44,14.4321,1.0,1.0,0.013685,1.872858e-07
2026-10-06 15:45:00,1,15,45,10.9198,3.0,3.0,0.051808,2.684111e-06
2026-10-06 15:45:30,1,15,45,5.3407,1.0,1.0,0.095797,9.177003e-06
2026-10-06 15:46:00,1,15,46,3.4333,4.0,4.0,0.013685,1.872858e-07
2026-10-06 15:46:30,1,15,46,22.8143,3.0,3.0,0.041056,1.685572e-06
2026-10-06 15:47:00,1,15,47,12.7182,3.0,3.0,0.006843,4.682144e-08
2026-10-06 15:47:30,1,15,47,9.1064,3.0,3.0,0.336266,0.000113
2026-10-06 15:48:00,1,15,48,5.0969,1.0,1.0,0.41349,0.000171
2026-10-06 15:48:30,1,15,48,12.7048,3.0,3.0,0.01564,2.446181e-07
2026-10-06 15:49:00,1,15,49,4.33,1.0,1.0,0.013685,1.872858e-07
2026-10-06 15:49:30,1,15,49,36.0461,1.0,1.0,0.044966,2.021922e-06
2026-10-06 15:50:00,1,15,50,9.1658,3.0,3.0,0.013685,1.872858e-07
2026-10-06 15:50:30,1,15,50,7.6791,4.0,4.0,0.202346,4.1e-05
2026-10-06 15:51:00,1,15,51,10.0144,2.0,2.0,0.200391,4e-05
2026-10-06 15:51:30,1,15,51,8.7134,2.0,2.0,0.183773,3.4e-05
2026-10-06 15:52:00,1,15,52,10.7868,2.0,2.0,0.006843,4.682144e-08
2026-10-06 15:52:30,1,15,52,1.6906,2.0,2.0,0.051808,2.684111e-06
2026-10-06 15:53:00,1,15,53,1.8394,3.0,3.0,0.0,0.0
2026-10-06 15:53:30,1,15,53,2.1681,4.0,4.0,0.068426,4.682145e-06
2026-10-06 15:54:00,1,15,54,10.0135,4.0,4.0,0.044966,2.021922e-06
2026-10-06 15:54:30,1,15,54,8.3729,2.0,2.0,0.252199,6.4e-05
2026-10-06 15:55:00,1,15,55,10.4539,2.0,2.0,0.013685,1.872858e-07
2026-10-06 15:55:30,1,15,55,11.0045,2.0,2.0,0.177908,3.2e-05
2026-10-06 15:56:00,1,15,56,1.5757,2.0,2.0,0.016618,2.76151e-07
2026-10-06 15:56:30,1,15,56,65.5896,2.0,2.0,0.087977,7.739871e-06
2026-10-06 15:57:00,1,15,57,6.4773,3.0,3.0,0.134897,1.8e-05
2026-10-06 15:57:30,1,15,57,11.8541,2.0,2.0,0.01173,1.375977e-07
2026-10-06 15:58:00,1,15,58,16.4464,3.0,3.0,0.181818,3.3e-05
2026-10-06 15:58:30,1,15,58,10.0144,2.0,2.0,0.14174,2e-05
2026-10-06 15:59:00,1,15,59,4.2808,4.0,4.0,0.013685,1.872858e-07
2026-10-06 15:59:30,1,15,59,3.1503,5.0,5.0,0.226784,5.1e-05
2026-10-06 16:00:00,1,16,0,10.2855,3.0,3.0,0.013685,1.872858e-07
2026-10-06 16:00:30,1,16,0,13.2573,4.0,4.0,0.370479,0.000137
2026-10-06 16:01:00,1,16,1,1.2089,3.0,3.0,0.041056,1.685572e-06
2026-10-06 16:01:30,1,16,1,4.9176,3.0,3.0,0.013685,1.872858e-07
2026-10-06 16:02:00,1,16,2,1.9211,3.0,3.0,0.018573,3.449499e-07
2026-10-06 16:02:30,1,16,2,6.5891,3.0,3.0,0.27566,7.6e-05
2026-10-06 16:03:00,1,16,3,16.2809,4.0,4.0,0.000978,9.555396e-10
2026-10-06 16:03:30,1,16,3,12.7346,3.0,3.0,0.345064,0.000119
2026-10-06 16:04:00,1,16,4,2.3473,5.0,5.0,0.013685,1.872858e-07
2026-10-06 16:04:30,1,16,4,22.1346,2.0,2.0,0.009775,9.555396e-08
2026-10-06 16:05:00,1,16,5,22.8143,3.0,3.0,0.103617,1.1e-05
2026-10-06 16:05:30,1,16,5,4.8704,1.0,1.0,0.012708,1.614862e-07
2026-10-06 16:06:00,1,16,6,19.1572,4.0,4.0,0.014663,2.149964e-07
2026-10-06 16:06:30,1,16,6,5.5321,2.0,2.0,0.013685,1.872858e-07
2026-10-06 16:07:00,1,16,7,37.9702,3.0,3.0,0.014663,2.149964e-07
2026-10-06 16:07:30,1,16,7,1.9294,5.0,5.0,0.014663,2.149964e-07
2026-10-06 16:08:00,1,16,8,4.5231,2.0,2.0,0.175953,3.1e-05
2026-10-06 16:08:30,1,16,8,3.2416,4.0,4.0,0.013685,1.872858e-07
2026-10-06 16:09:00,1,16,9,9.9117,4.0,4.0,0.317693,0.000101
2026-10-06 16:09:30,1,16,9,1.4605,5.0,5.0,0.013685,1.872858e-07
2026-10-06 16:10:00,1,16,10,10.1337,2.0,2.0,0.0,0.0
2026-10-06 16:10:30,1,16,10,5.8365,3.0,3.0,0.236559,5.6e-05
2026-10-06 16:11:00,1,16,11,11.7723,2.0,2.0,0.01564,2.446181e-07
2026-10-06 16:11:30,1,16,11,1.975,3.0,3.0,0.058651,3.439943e-06
2026-10-06 16:12:00,1,16,12,9.7482,5.0,5.0,0.0,0.0
2026-10-06 16:12:30,1,16,12,67.8325,1.0,1.0,0.016618,2.76151e-07
2026-10-06 16:13:00,1,16,13,7.9854,2.0,2.0,0.014663,2.149964e-07
2026-10-06 16:13:30,1,16,13,4.7222,4.0,4.0,0.226784,5.1e-05
2026-10-06 16:14:00,1,16,14,8.4199,3.0,3.0,0.013685,1.872858e-07
2026-10-06 16:14:30,1,16,14,1.1754,2.0,2.0,0.0,0.0
2026-10-06 16:15:00,1,16,15,15.1229,2.0,2.0,0.013685,1.872858e-07
2026-10-06 16:15:30,1,16,15,11.3908,4.0,4.0,0.014663,2.149964e-07
2026-10-06 16:16:00,1,16,16,5.6385,3.0,3.0,0.014663,2.149964e-07
2026-10-06 16:16:30,1,16,16,5.3207,3.0,3.0,0.013685,1.872858e-07
2026-10-06 16:17:00,1,16,17,1.5469,3.0,3.0,0.082111,6.742288e-06
2026-10-06 16:17:30,1,16,17,8.8249,3.0,3.0,0.078201,6.115454e-06
2026-10-06 16:18:00,1,16,18,2.8361,2.0,2.0,0.014663,2.149964e-07
2026-10-06 16:18:30,1,16,18,1.5789,5.0,5.0,0.014663,2.149964e-07
2026-10-06 16:19:00,1,16,19,3.8631,2.0,2.0,0.006843,4.682144e-08
2026-10-06 16:19:30,1,16,19,4.5702,3.0,3.0,0.349951,0.000122
2026-10-06 16:20:00,1,16,20,13.4709,4.0,4.0,0.0,0.0
2026-10-06 16:20:30,1,16,20,10.0144,2.0,2.0,0.102639,1.1e-05
2026-10-06 16:21:00,1,16,21,3.1503,5.0,5.0,0.2913,8.5e-05
2026-10-06 16:21:30,1,16,21,8.602,4.0,4.0,0.014663,2.149964e-07
2026-10-06 16:22:00,1,16,22,8.5596,4.0,4.0,0.0,0.0
2026-10-06 16:22:30,1,16,22,14.122,4.0,4.0,0.042033,1.766793e-06
2026-10-06 16:23:00,1,16,23,11.5731,3.0,3.0,0.013685,1.872858e-07
2026-10-06 16:23:30,1,16,23,11.0045,2.0,2.0,0.013685,1.872858e-07
2026-10-06 16:24:00,1,16,24,4.8282,3.0,3.0,0.068426,4.682145e-06
2026-10-06 16:24:30,1,16,24,6.2765,4.0,4.0,0.095797,9.177003e-06
2026-10-06 16:25:00,1,16,25,8.3392,4.0,4.0,0.345064,0.000119
2026-10-06 16:25:30,1,16,25,16.4464,3.0,3.0,0.160313,2.6e-05
2026-10-06 16:26:00,1,16,26,3.5675,2.0,2.0,0.014663,2.149964e-07
2026-10-06 16:26:30,1,16,26,22.233,4.0,4.0,0.004888,2.388849e-08
2026-10-06 16:27:00,1,16,27,7.9065,3.0,3.0,0.013685,1.872858e-07
2026-10-06 16:27:30,1,16,27,12.3781,3.0,3.0,0.018573,3.449499e-07
2026-10-06 16:28:00,1,16,28,11.3544,4.0,4.0,0.214076,4.6e-05
2026-10-06 16:28:30,1,16,28,19.3456,2.0,2.0,0.018573,3.449499e-07
2026-10-06 16:29:00,1,16,29,11.8541,2.0,2.0,0.013685,1.872858e-07
2026-10-06 16:29:30,1,16,29,2.4125,2.0,2.0,0.013685,1.872858e-07
2026-10-06 16:30:00,1,16,30,5.3718,1.0,1.0,0.004888,2.388849e-08
2026-10-06 16:30:30,1,16,30,25.2913,2.0,2.0,0.012708,1.614862e-07
2026-10-06 16:31:00,1,16,31,3.0105,3.0,3.0,0.013685,1.872858e-07
2026-10-06 16:31:30,1,16,31,7.9585,3.0,3.0,0.146628,2.1e-05
2026-10-06 16:32:00,1,16,32,10.0135,4.0,4.0,0.01564,2.446181e-07
2026-10-06 16:32:30,1,16,32,5.8365,3.0,3.0,0.113392,1.3e-05
2026-10-06 16:33:00,1,16,33,1.975,3.0,3.0,0.024438,5.972124e-07
2026-10-06 16:33:30,1,16,33,2.0386,3.0,3.0,0.056696,3.214436e-06
2026-10-06 16:34:00,1,16,34,4.1571,4.0,4.0,0.009775,9.555396e-08
2026-10-06 16:34:30,1,16,34,36.3411,2.0,2.0,0.013685,1.872858e-07
2026-10-06 16:35:00,1,16,35,1.9078,5.0,5.0,0.013685,1.872858e-07
2026-10-06 16:35:30,1,16,35,13.7145,3.0,3.0,0.214076,4.6e-05
2026-10-06 16:36:00,1,16,36,3.5139,5.0,5.0,0.013685,1.872858e-07
2026-10-06 16:36:30,1,16,36,9.1658,3.0,3.0,0.013685,1.872858e-07
2026-10-06 16:37:00,1,16,37,9.9574,3.0,3.0,0.009775,9.555396e-08
2026-10-06 16:37:30,1,16,37,20.4481,3.0,3.0,0.012708,1.614862e-07
2026-10-06 16:38:00,1,16,38,9.2688,4.0,4.0,0.017595,3.095949e-07
2026-10-06 16:38:30,1,16,38,21.9102,4.0,4.0,0.013685,1.872858e-07
2026-10-06 16:39:00,1,16,39,13.2173,3.0,3.0,0.0,0.0
2026-10-06 16:39:30,1,16,39,7.915,4.0,4.0,0.018573,3.449499e-07
2026-10-06 16:40:00,1,16,40,9.9306,2.0,2.0,0.058651,3.439943e-06
2026-10-06 16:40:30,1,16,40,5.8716,1.0,1.0,0.017595,3.095949e-07
2026-10-06 16:41:00,1,16,41,9.1064,3.0,3.0,0.0,0.0
2026-10-06 16:41:30,1,16,41,2.1703,3.0,3.0,0.014663,2.149964e-07
2026-10-06 16:42:00,1,16,42,2.9072,1.0,1.0,0.1261,1.6e-05
2026-10-06 16:42:30,1,16,42,18.0109,5.0,5.0,0.041056,1.685572e-06
2026-10-06 16:43:00,1,16,43,1.747,2.0,2.0,0.013685,1.872858e-07
2026-10-06 16:43:30,1,16,43,1.5539,2.0,2.0,0.0,0.0
2026-10-06 16:44:00,1,16,44,7.4875,5.0,5.0,0.300098,9e-05
2026-10-06 16:44:30,1,16,44,3.4665,2.0,2.0,0.021505,4.624812e-07
2026-10-06 16:45:00,1,16,45,5.2382,4.0,4.0,0.371457,0.000138
2026-10-06 16:45:30,1,16,45,12.7376,2.0,2.0,0.29521,8.7e-05
2026-10-06 16:46:00,1,16,46,11.2648,4.0,4.0,0.41349,0.000171
2026-10-06 16:46:30,1,16,46,9.5153,3.0,3.0,0.018573,3.449499e-07
2026-10-06 16:47:00,1,16,47,17.426,2.0,2.0,0.013685,1.872858e-07
2026-10-06 16:47:30,1,16,47,6.4244,2.0,2.0,0.013685,1.872858e-07
2026-10-06 16:48:00,1,16,48,2.1681,4.0,4.0,0.0,0.0
2026-10-06 16:48:30,1,16,48,9.1937,2.0,2.0,0.0,0.0
2026-10-06 16:49:00,1,16,49,2.7353,2.0,2.0,0.035191,1.238379e-06
2026-10-06 16:49:30,1,16,49,6.4244,2.0,2.0,0.079179,6.269296e-06
2026-10-06 16:50:00,1,16,50,13.2636,3.0,3.0,0.012708,1.614862e-07
2026-10-06 16:50:30,1,16,50,1.9078,5.0,5.0,0.013685,1.872858e-07
2026-10-06 16:51:00,1,16,51,13.8257,2.0,2.0,0.470186,0.000221
2026-10-06 16:51:30,1,16,51,24.1142,4.0,4.0,0.196481,3.9e-05
2026-10-06 16:52:00,1,16,52,11.3097,2.0,2.0,0.214076,4.6e-05
2026-10-06 16:52:30,1,16,52,18.7861,4.0,4.0,0.013685,1.872858e-07
2026-10-06 16:53:00,1,16,53,13.2173,3.0,3.0,0.013685,1.872858e-07
2026-10-06 16:53:30,1,16,53,8.602,4.0,4.0,0.013685,1.872858e-07
2026-10-06 16:54:00,1,16,54,5.3207,3.0,3.0,0.017595,3.095949e-07
2026-10-06 16:54:30,1,16,54,9.4948,4.0,4.0,0.012708,1.614862e-07
2026-10-06 16:55:00,1,16,55,6.2803,2.0,2.0,0.013685,1.872858e-07
2026-10-06 16:55:30,1,16,55,12.0665,2.0,2.0,0.370479,0.000137
2026-10-06 16:56:00,1,16,56,10.308,3.0,3.0,0.013685,1.872858e-07
2026-10-06 16:56:30,1,16,56,5.2382,4.0,4.0,0.164223,2.7e-05
2026-10-06 16:57:00,1,16,57,7.2239,3.0,3.0,0.0,0.0
2026-10-06 16:57:30,1,16,57,9.9306,2.0,2.0,0.013685,1.872858e-07
2026-10-06 16:58:00,1,16,58,9.4948,4.0,4.0,0.013685,1.872858e-07
2026-10-06 16:58:30,1,16,58,4.0274,2.0,2.0,0.115347,1.3e-05
2026-10-06 16:59:00,1,16,59,9.5309,1.0,1.0,0.0,0.0
2026-10-06 16:59:30,1,16,59,11.3544,4.0,4.0,0.108504,1.2e-05
2026-10-06 17:00:00,1,17,0,41.0188,2.0,2.0,0.079179,6.269296e-06
2026-10-06 17:00:30,1,17,0,10.1236,3.0,3.0,0.187683,3.5e-05
2026-10-06 17:01:00,1,17,1,11.3908,4.0,4.0,0.013685,1.872858e-07
2026-10-06 17:01:30,1,17,1,3.6232,3.0,3.0,0.013685,1.872858e-07
2026-10-06 17:02:00,1,17,2,2.877,2.0,2.0,0.2913,8.5e-05
2026-10-06 17:02:30,1,17,2,4.5484,3.0,3.0,0.014663,2.149964e-07
2026-10-06 17:03:00,1,17,3,5.6807,3.0,3.0,0.061584,3.792537e-06
2026-10-06 17:03:30,1,17,3,3.6787,1.0,1.0,0.171065,2.9e-05
2026-10-06 17:04:00,1,17,4,10.3783,2.0,2.0,0.300098,9e-05
2026-10-06 17:04:30,1,17,4,67.8325,1.0,1.0,0.014663,2.149964e-07
2026-10-06 17:05:00,1,17,5,21.6228,4.0,4.0,0.012708,1.614862e-07
2026-10-06 17:05:30,1,17,5,30.9904,2.0,2.0,0.252199,6.4e-05
2026-10-06 17:06:00,1,17,6,12.6581,3.0,3.0,0.090909,8.264464e-06
2026-10-06 17:06:30,1,17,6,11.392,3.0,3.0,0.014663,2.149964e-07
2026-10-06 17:07:00,1,17,7,4.2775,2.0,2.0,0.148583,2.2e-05
2026-10-06 17:07:30,1,17,7,3.6787,1.0,1.0,0.013685,1.872858e-07
2026-10-06 17:08:00,1,17,8,34.1251,2.0,2.0,0.021505,4.624812e-07
2026-10-06 17:08:30,1,17,8,12.6649,3.0,3.0,0.018573,3.449499e-07
2026-10-06 17:09:00,1,17,9,13.7145,3.0,3.0,0.013685,1.872858e-07
2026-10-06 17:09:30,1,17,9,21.9102,4.0,4.0,0.088954,7.912824e-06
2026-10-06 17:10:00,1,17,10,8.9891,4.0,4.0,0.038123,1.453376e-06
2026-10-06 17:10:30,1,17,10,11.3039,2.0,2.0,0.016618,2.76151e-07
2026-10-06 17:11:00,1,17,11,22.233,4.0,4.0,0.013685,1.872858e-07
2026-10-06 17:11:30,1,17,11,4.7067,3.0,3.0,0.013685,1.872858e-07
2026-10-06 17:12:00,1,17,12,1.9008,4.0,4.0,0.013685,1.872858e-07
2026-10-06 17:12:30,1,17,12,12.7048,3.0,3.0,0.013685,1.872858e-07
2026-10-06 17:13:00,1,17,13,12.4415,3.0,3.0,0.101662,1e-05
2026-10-06 17:13:30,1,17,13,9.5309,1.0,1.0,0.01564,2.446181e-07
2026-10-06 17:14:00,1,17,14,8.8453,3.0,3.0,0.014663,2.149964e-07
2026-10-06 17:14:30,1,17,14,10.0748,4.0,4.0,0.013685,1.872858e-07
2026-10-06 17:15:00,1,17,15,1.2616,3.0,3.0,0.009775,9.555396e-08
2026-10-06 17:15:30,1,17,15,1.7374,3.0,3.0,0.016618,2.76151e-07
2026-10-06 17:16:00,1,17,16,24.1326,2.0,2.0,0.059629,3.555563e-06
2026-10-06 17:16:30,1,17,16,15.1625,2.0,2.0,0.252199,6.4e-05
2026-10-06 17:17:00,1,17,17,10.7868,2.0,2.0,0.455523,0.000208
2026-10-06 17:17:30,1,17,17,11.7723,2.0,2.0,0.013685,1.872858e-07
2026-10-06 17:18:00,1,17,18,1.9211,3.0,3.0,0.481916,0.000232
2026-10-06 17:18:30,1,17,18,3.5139,5.0,5.0,0.013685,1.872858e-07
2026-10-06 17:19:00,1,17,19,9.9306,2.0,2.0,0.013685,1.872858e-07
2026-10-06 17:19:30,1,17,19,2.9696,0.0,0.0,0.013685,1.872858e-07
2026-10-06 17:20:00,1,17,20,8.3008,2.0,2.0,0.068426,4.682145e-06
2026-10-06 17:20:30,1,17,20,1.5539,2.0,2.0,0.013685,1.872858e-07
2026-10-06 17:21:00,1,17,21,25.2913,2.0,2.0,0.013685,1.872858e-07
2026-10-06 17:21:30,1,17,21,9.7811,5.0,5.0,0.000978,9.555396e-10
2026-10-06 17:22:00,1,17,22,3.5675,2.0,2.0,0.018573,3.449499e-07
2026-10-06 17:22:30,1,17,22,23.105,1.0,1.0,0.018573,3.449499e-07
2026-10-06 17:23:00,1,17,23,3.6602,2.0,2.0,0.012708,1.614862e-07
2026-10-06 17:23:30,1,17,23,4.5231,2.0,2.0,0.106549,1.1e-05
2026-10-06 17:24:00,1,17,24,1.5116,4.0,4.0,0.013685,1.872858e-07
2026-10-06 17:24:30,1,17,24,12.3409,3.0,3.0,0.013685,1.872858e-07
2026-10-06 17:25:00,1,17,25,12.516,3.0,3.0,0.0,0.0
2026-10-06 17:25:30,1,17,25,10.5663,2.0,2.0,0.080156,6.425048e-06
2026-10-06 17:26:00,1,17,26,12.7452,1.0,1.0,0.013685,1.872858e-07
2026-10-06 17:26:30,1,17,26,11.5731,3.0,3.0,0.096774,9.365243e-06
2026-10-06 17:27:00,1,17,27,11.2365,2.0,2.0,0.013685,1.872858e-07
2026-10-06 17:27:30,1,17,27,9.9306,2.0,2.0,0.014663,2.149964e-07
2026-10-06 17:28:00,1,17,28,9.9117,4.0,4.0,0.013685,1.872858e-07
2026-10-06 17:28:30,1,17,28,1.0015,2.0,2.0,0.095797,9.177003e-06
2026-10-06 17:29:00,1,17,29,7.2938,4.0,4.0,0.012708,1.614862e-07
2026-10-06 17:29:30,1,17,29,10.5602,5.0,5.0,0.359726,0.000129
2026-10-06 17:30:00,1,17,30,8.7134,2.0,2.0,0.013685,1.872858e-07
2026-10-06 17:30:30,1,17,30,32.7927,2.0,2.0,0.012708,1.614862e-07
2026-10-06 17:31:00,1,17,31,6.0478,4.0,4.0,0.012708,1.614862e-07
2026-10-06 17:31:30,1,17,31,1.7464,3.0,3.0,0.000978,9.555396e-10
2026-10-06 17:32:00,1,17,32,8.3502,3.0,3.0,0.061584,3.792537e-06
2026-10-06 17:32:30,1,17,32,12.7452,1.0,1.0,0.192571,3.7e-05
2026-10-06 17:33:00,1,17,33,1.5173,3.0,3.0,0.01564,2.446181e-07
2026-10-06 17:33:30,1,17,33,12.516,3.0,3.0,0.01564,2.446181e-07
2026-10-06 17:34:00,1,17,34,11.7929,2.0,2.0,0.312805,9.8e-05
2026-10-06 17:34:30,1,17,34,3.4333,4.0,4.0,0.064516,4.162331e-06
2026-10-06 17:35:00,1,17,35,22.7701,4.0,4.0,0.014663,2.149964e-07
2026-10-06 17:35:30,1,17,35,13.2573,4.0,4.0,0.013685,1.872858e-07
2026-10-06 17:36:00,1,17,36,11.7723,2.0,2.0,0.013685,1.872858e-07
2026-10-06 17:36:30,1,17,36,15.4508,2.0,2.0,0.013685,1.872858e-07
2026-10-06 17:37:00,1,17,37,12.1602,4.0,4.0,0.013685,1.872858e-07
2026-10-06 17:37:30,1,17,37,3.2487,3.0,3.0,0.013685,1.872858e-07
2026-10-06 17:38:00,1,17,38,14.5312,3.0,3.0,0.0,0.0
2026-10-06 17:38:30,1,17,38,13.5812,3.0,3.0,0.481916,0.000232
2026-10-06 17:39:00,1,17,39,1.6138,3.0,3.0,0.013685,1.872858e-07
2026-10-06 17:39:30,1,17,39,4.4295,4.0,4.0,0.014663,2.149964e-07
2026-10-06 17:40:00,1,17,40,5.0969,1.0,1.0,0.012708,1.614862e-07
2026-10-06 17:40:30,1,17,40,1.0015,2.0,2.0,0.075269,5.665395e-06
2026-10-06 17:41:00,1,17,41,14.5312,3.0,3.0,0.082111,6.742288e-06
2026-10-06 17:41:30,1,17,41,9.3303,4.0,4.0,0.16911,2.9e-05
2026-10-06 17:42:00,1,17,42,5.119,1.0,1.0,0.013685,1.872858e-07
2026-10-06 17:42:30,1,17,42,6.1406,3.0,3.0,0.228739,5.2e-05
2026-10-06 17:43:00,1,17,43,14.3573,2.0,2.0,0.012708,1.614862e-07
2026-10-06 17:43:30,1,17,43,31.6089,3.0,3.0,0.048876,2.388849e-06
2026-10-06 17:44:00,1,17,44,1.5757,2.0,2.0,0.012708,1.614862e-07
2026-10-06 17:44:30,1,17,44,18.1129,3.0,3.0,0.175953,3.1e-05
2026-10-06 17:45:00,1,17,45,13.1791,2.0,2.0,0.0,0.0
2026-10-06 17:45:30,1,17,45,4.6173,1.0,1.0,0.0,0.0
2026-10-06 17:46:00,1,17,46,4.8737,1.0,1.0,0.014663,2.149964e-07
2026-10-06 17:46:30,1,17,46,7.0863,1.0,1.0,0.013685,1.872858e-07
2026-10-06 17:47:00,1,17,47,22.1346,2.0,2.0,0.013685,1.872858e-07
2026-10-06 17:47:30,1,17,47,15.3178,2.0,2.0,0.0,0.0
2026-10-06 17:48:00,1,17,48,9.6115,2.0,2.0,0.013685,1.872858e-07
2026-10-06 17:48:30,1,17,48,1.5469,3.0,3.0,0.332356,0.00011
2026-10-06 17:49:00,1,17,49,13.1753,3.0,3.0,0.017595,3.095949e-07
2026-10-06 17:49:30,1,17,49,13.9392,3.0,3.0,0.481916,0.000232
2026-10-06 17:50:00,1,17,50,6.6946,2.0,2.0,0.013685,1.872858e-07
2026-10-06 17:50:30,1,17,50,14.5312,3.0,3.0,0.101662,1e-05
2026-10-06 17:51:00,1,17,51,9.5309,1.0,1.0,0.014663,2.149964e-07
2026-10-06 17:51:30,1,17,51,13.7145,3.0,3.0,0.013685,1.872858e-07
2026-10-06 17:52:00,1,17,52,6.4049,2.0,2.0,0.093842,8.806253e-06
2026-10-06 17:52:30,1,17,52,4.8564,3.0,3.0,0.312805,9.8e-05
2026-10-06 17:53:00,1,17,53,8.3392,4.0,4.0,0.076246,5.813504e-06
2026-10-06 17:53:30,1,17,53,1.6341,2.0,2.0,0.013685,1.872858e-07
2026-10-06 17:54:00,1,17,54,3.0105,3.0,3.0,0.013685,1.872858e-07
2026-10-06 17:54:30,1,17,54,9.9776,2.0,2.0,0.01564,2.446181e-07
2026-10-06 17:55:00,1,17,55,17.0153,4.0,4.0,0.017595,3.095949e-07
2026-10-06 17:55:30,1,17,55,1.975,3.0,3.0,0.014663,2.149964e-07
2026-10-06 17:56:00,1,17,56,11.5932,2.0,2.0,0.013685,1.872858e-07
2026-10-06 17:56:30,1,17,56,3.2416,4.0,4.0,0.014663,2.149964e-07
2026-10-06 17:57:00,1,17,57,18.0109,5.0,5.0,0.013685,1.872858e-07
2026-10-06 17:57:30,1,17,57,10.1236,3.0,3.0,0.01564,2.446181e-07
2026-10-06 17:58:00,1,17,58,19.6078,4.0,4.0,0.253177,6.4e-05
2026-10-06 17:58:30,1,17,58,4.8282,3.0,3.0,0.006843,4.682144e-08
2026-10-06 17:59:00,1,17,59,6.2765,4.0,4.0,0.013685,1.872858e-07
2026-10-06 17:59:30,1,17,59,35.2564,2.0,2.0,0.103617,1.1e-05
2026-10-07 08:00:00,2,8,0,9.3605,4.0,4.0,0.265885,7.1e-05
2026-10-07 08:00:30,2,8,0,1.0998,4.0,4.0,0.194526,3.8e-05
2026-10-07 08:01:00,2,8,1,8.382,5.0,5.0,0.079179,6.269296e-06
2026-10-07 08:01:30,2,8,1,2.6587,3.0,3.0,0.067449,4.549325e-06
2026-10-07 08:02:00,2,8,2,1.9034,3.0,3.0,0.102639,1.1e-05
2026-10-07 08:02:30,2,8,2,3.0259,4.0,4.0,0.086999,7.568829e-06
2026-10-07 08:03:00,2,8,3,16.2463,4.0,4.0,0.093842,8.806253e-06
2026-10-07 08:03:30,2,8,3,20.7405,5.0,5.0,0.402737,0.000162
2026-10-07 08:04:00,2,8,4,1.9808,3.0,3.0,0.093842,8.806253e-06
2026-10-07 08:04:30,2,8,4,14.0128,3.0,3.0,0.248289,6.2e-05
2026-10-07 08:05:00,2,8,5,0.7179,5.0,5.0,0.358749,0.000129
2026-10-07 08:05:30,2,8,5,0.5697,5.0,5.0,0.087977,7.739871e-06
2026-10-07 08:06:00,2,8,6,2.7494,5.0,5.0,0.066471,4.418416e-06
2026-10-07 08:06:30,2,8,6,19.4687,4.0,4.0,0.084066,7.067172e-06
2026-10-07 08:07:00,2,8,7,3.1496,5.0,5.0,0.123167,1.5e-05
2026-10-07 08:07:30,2,8,7,7.9895,6.0,6.0,0.090909,8.264464e-06
2026-10-07 08:08:00,2,8,8,16.8019,4.0,4.0,0.070381,4.953518e-06
2026-10-07 08:08:30,2,8,8,4.876,4.0,4.0,0.241447,5.8e-05
2026-10-07 08:09:00,2,8,9,7.7687,3.0,3.0,0.194526,3.8e-05
2026-10-07 08:09:30,2,8,9,2.9232,4.0,4.0,0.049853,2.485359e-06
2026-10-07 08:10:00,2,8,10,1.7784,3.0,3.0,0.070381,4.953518e-06
2026-10-07 08:10:30,2,8,10,3.2848,4.0,4.0,0.460411,0.000212
2026-10-07 08:11:00,2,8,11,0.96,4.0,4.0,0.177908,3.2e-05
2026-10-07 08:11:30,2,8,11,1.9034,3.0,3.0,0.113392,1.3e-05
2026-10-07 08:12:00,2,8,12,3.9536,5.0,5.0,0.185728,3.4e-05
2026-10-07 08:12:30,2,8,12,8.944,5.0,5.0,0.134897,1.8e-05
2026-10-07 08:13:00,2,8,13,6.1743,6.0,6.0,0.071359,5.092071e-06
2026-10-07 08:13:30,2,8,13,16.0455,8.0,8.0,0.359726,0.000129
2026-10-07 08:14:00,2,8,14,3.4098,5.0,5.0,0.098729,9.747461e-06
2026-10-07 08:14:30,2,8,14,2.6159,4.0,4.0,0.095797,9.177003e-06
2026-10-07 08:15:00,2,8,15,2.7134,5.0,5.0,0.185728,3.4e-05
2026-10-07 08:15:30,2,8,15,22.9477,5.0,5.0,0.308895,9.5e-05
2026-10-07 08:16:00,2,8,16,32.0471,2.0,2.0,0.132942,1.8e-05
2026-10-07 08:16:30,2,8,16,8.4328,2.0,2.0,0.080156,6.425048e-06
2026-10-07 08:17:00,2,8,17,16.4179,3.0,3.0,0.013685,1.872858e-07
2026-10-07 08:17:30,2,8,17,11.5731,3.0,3.0,0.014663,2.149964e-07
2026-10-07 08:18:00,2,8,18,1.6341,2.0,2.0,0.018573,3.449499e-07
2026-10-07 08:18:30,2,8,18,1.5469,3.0,3.0,0.014663,2.149964e-07
2026-10-07 08:19:00,2,8,19,24.1142,4.0,4.0,0.014663,2.149964e-07
2026-10-07 08:19:30,2,8,19,5.8365,3.0,3.0,0.048876,2.388849e-06
2026-10-07 08:20:00,2,8,20,6.4049,2.0,2.0,0.381232,0.000145
2026-10-07 08:20:30,2,8,20,2.4682,2.0,2.0,0.01564,2.446181e-07
2026-10-07 08:21:00,2,8,21,16.2809,4.0,4.0,0.013685,1.872858e-07
2026-10-07 08:21:30,2,8,21,15.3419,2.0,2.0,0.0,0.0
2026-10-07 08:22:00,2,8,22,5.153,3.0,3.0,0.013685,1.872858e-07
2026-10-07 08:22:30,2,8,22,2.9072,1.0,1.0,0.082111,6.742288e-06
2026-10-07 08:23:00,2,8,23,8.3729,2.0,2.0,0.014663,2.149964e-07
2026-10-07 08:23:30,2,8,23,23.105,1.0,1.0,0.013685,1.872858e-07
2026-10-07 08:24:00,2,8,24,10.3783,2.0,2.0,0.014663,2.149964e-07
2026-10-07 08:24:30,2,8,24,13.7145,3.0,3.0,0.164223,2.7e-05
2026-10-07 08:25:00,2,8,25,11.0045,2.0,2.0,0.012708,1.614862e-07
2026-10-07 08:25:30,2,8,25,14.1137,4.0,4.0,0.013685,1.872858e-07
2026-10-07 08:26:00,2,8,26,9.9574,3.0,3.0,0.009775,9.555396e-08
2026-10-07 08:26:30,2,8,26,1.6341,2.0,2.0,0.076246,5.813504e-06
2026-10-07 08:27:00,2,8,27,20.4481,3.0,3.0,0.017595,3.095949e-07
2026-10-07 08:27:30,2,8,27,0.9513,2.0,2.0,0.0,0.0
2026-10-07 08:28:00,2,8,28,61.9991,2.0,2.0,0.013685,1.872858e-07
2026-10-07 08:28:30,2,8,28,1.9294,5.0,5.0,0.013685,1.872858e-07
2026-10-07 08:29:00,2,8,29,19.1572,4.0,4.0,0.013685,1.872858e-07
2026-10-07 08:29:30,2,8,29,7.0931,2.0,2.0,0.013685,1.872858e-07
2026-10-07 08:30:00,2,8,30,15.3419,2.0,2.0,0.012708,1.614862e-07
2026-10-07 08:30:30,2,8,30,3.4665,2.0,2.0,0.014663,2.149964e-07
2026-10-07 08:31:00,2,8,31,1.5469,3.0,3.0,0.000978,9.555396e-10
2026-10-07 08:31:30,2,8,31,21.9102,4.0,4.0,0.013685,1.872858e-07
2026-10-07 08:32:00,2,8,32,3.0105,3.0,3.0,0.082111,6.742288e-06
2026-10-07 08:32:30,2,8,32,7.9073,4.0,4.0,0.0,0.0
2026-10-07 08:33:00,2,8,33,3.4555,2.0,2.0,0.013685,1.872858e-07
2026-10-07 08:33:30,2,8,33,13.853,3.0,3.0,0.013685,1.872858e-07
2026-10-07 08:34:00,2,8,34,1.4885,5.0,5.0,0.014663,2.149964e-07
2026-10-07 08:34:30,2,8,34,8.3392,4.0,4.0,0.013685,1.872858e-07
2026-10-07 08:35:00,2,8,35,5.3718,1.0,1.0,0.0,0.0
2026-10-07 08:35:30,2,8,35,7.4875,5.0,5.0,0.013685,1.872858e-07
2026-10-07 08:36:00,2,8,36,6.3298,2.0,2.0,0.013685,1.872858e-07
2026-10-07 08:36:30,2,8,36,6.5266,3.0,3.0,0.068426,4.682145e-06
2026-10-07 08:37:00,2,8,37,2.7209,3.0,3.0,0.013685,1.872858e-07
2026-10-07 08:37:30,2,8,37,23.105,1.0,1.0,0.01564,2.446181e-07
2026-10-07 08:38:00,2,8,38,13.7145,3.0,3.0,0.075269,5.665395e-06
2026-10-07 08:38:30,2,8,38,32.56,2.0,2.0,0.0,0.0
2026-10-07 08:39:00,2,8,39,11.2365,2.0,2.0,0.005865,3.439943e-08
2026-10-07 08:39:30,2,8,39,3.2487,3.0,3.0,0.013685,1.872858e-07
2026-10-07 08:40:00,2,8,40,7.9073,4.0,4.0,0.006843,4.682144e-08
2026-10-07 08:40:30,2,8,40,4.6173,1.0,1.0,0.013685,1.872858e-07
2026-10-07 08:41:00,2,8,41,7.6683,2.0,2.0,0.231672,5.4e-05
2026-10-07 08:41:30,2,8,41,10.2855,3.0,3.0,0.640274,0.00041
2026-10-07 08:42:00,2,8,42,8.9729,4.0,4.0,0.013685,1.872858e-07
2026-10-07 08:42:30,2,8,42,30.9904,2.0,2.0,0.347996,0.000121
2026-10-07 08:43:00,2,8,43,3.861,3.0,3.0,0.013685,1.872858e-07
2026-10-07 08:43:30,2,8,43,5.8716,1.0,1.0,0.013685,1.872858e-07
2026-10-07 08:44:00,2,8,44,8.5776,2.0,2.0,0.013685,1.872858e-07
2026-10-07 08:44:30,2,8,44,9.9055,2.0,2.0,0.012708,1.614862e-07
2026-10-07 08:45:00,2,8,45,1.6922,2.0,2.0,0.013685,1.872858e-07
2026-10-07 08:45:30,2,8,45,15.4865,3.0,3.0,0.148583,2.2e-05
2026-10-07 08:46:00,2,8,46,32.0471,2.0,2.0,0.013685,1.872858e-07
2026-10-07 08:46:30,2,8,46,37.9702,3.0,3.0,0.252199,6.4e-05
2026-10-07 08:47:00,2,8,47,8.3502,3.0,3.0,0.013685,1.872858e-07
2026-10-07 08:47:30,2,8,47,12.3409,3.0,3.0,0.148583,2.2e-05
2026-10-07 08:48:00,2,8,48,8.602,4.0,4.0,0.013685,1.872858e-07
2026-10-07 08:48:30,2,8,48,11.1455,2.0,2.0,0.038123,1.453376e-06
2026-10-07 08:49:00,2,8,49,2.714,3.0,3.0,0.058651,3.439943e-06
2026-10-07 08:49:30,2,8,49,13.8257,2.0,2.0,0.013685,1.872858e-07
2026-10-07 08:50:00,2,8,50,13.4709,4.0,4.0,0.013685,1.872858e-07
2026-10-07 08:50:30,2,8,50,12.7048,3.0,3.0,0.075269,5.665395e-06
2026-10-07 08:51:00,2,8,51,9.9574,3.0,3.0,0.014663,2.149964e-07
2026-10-07 08:51:30,2,8,51,10.5663,2.0,2.0,0.593353,0.000352
2026-10-07 08:52:00,2,8,52,9.1658,3.0,3.0,0.012708,1.614862e-07
2026-10-07 08:52:30,2,8,52,5.8365,3.0,3.0,0.082111,6.742288e-06
2026-10-07 08:53:00,2,8,53,10.5103,3.0,3.0,0.100684,1e-05
2026-10-07 08:53:30,2,8,53,11.1455,2.0,2.0,0.013685,1.872858e-07
2026-10-07 08:54:00,2,8,54,14.9081,3.0,3.0,0.035191,1.238379e-06
2026-10-07 08:54:30,2,8,54,0.9324,3.0,3.0,0.013685,1.872858e-07
2026-10-07 08:55:00,2,8,55,10.476,2.0,2.0,0.41349,0.000171
2026-10-07 08:55:30,2,8,55,5.6807,3.0,3.0,0.018573,3.449499e-07
2026-10-07 08:56:00,2,8,56,4.8564,3.0,3.0,0.021505,4.624812e-07
2026-10-07 08:56:30,2,8,56,10.5602,5.0,5.0,0.27566,7.6e-05
2026-10-07 08:57:00,2,8,57,3.4555,2.0,2.0,0.013685,1.872858e-07
2026-10-07 08:57:30,2,8,57,4.7169,2.0,2.0,0.064516,4.162331e-06
2026-10-07 08:58:00,2,8,58,13.1109,2.0,2.0,0.088954,7.912824e-06
2026-10-07 08:58:30,2,8,58,41.0188,2.0,2.0,0.014663,2.149964e-07
2026-10-07 08:59:00,2,8,59,6.4526,2.0,2.0,0.005865,3.439943e-08
2026-10-07 08:59:30,2,8,59,2.4494,3.0,3.0,0.082111,6.742288e-06
2026-10-07 09:00:00,2,9,0,36.0461,1.0,1.0,0.080156,6.425048e-06
2026-10-07 09:00:30,2,9,0,59.5625,3.0,3.0,0.013685,1.872858e-07
2026-10-07 09:01:00,2,9,1,14.122,4.0,4.0,0.0,0.0
2026-10-07 09:01:30,2,9,1,7.6791,4.0,4.0,0.01564,2.446181e-07
2026-10-07 09:02:00,2,9,2,1.5071,2.0,2.0,0.013685,1.872858e-07
2026-10-07 09:02:30,2,9,2,30.9904,2.0,2.0,0.080156,6.425048e-06
2026-10-07 09:03:00,2,9,3,10.1392,4.0,4.0,0.013685,1.872858e-07
2026-10-07 09:03:30,2,9,3,17.853,4.0,4.0,0.014663,2.149964e-07
2026-10-07 09:04:00,2,9,4,5.6385,3.0,3.0,0.333333,0.000111
2026-10-07 09:04:30,2,9,4,7.0931,2.0,2.0,0.017595,3.095949e-07
2026-10-07 09:05:00,2,9,5,1.0015,2.0,2.0,0.013685,1.872858e-07
2026-10-07 09:05:30,2,9,5,3.2416,4.0,4.0,0.013685,1.872858e-07
2026-10-07 09:06:00,2,9,6,2.8701,2.0,2.0,0.013685,1.872858e-07
2026-10-07 09:06:30,2,9,6,6.2038,2.0,2.0,0.589443,0.000347
2026-10-07 09:07:00,2,9,7,2.9886,3.0,3.0,0.013685,1.872858e-07
2026-10-07 09:07:30,2,9,7,2.9696,0.0,0.0,0.013685,1.872858e-07
2026-10-07 09:08:00,2,9,8,33.1375,3.0,3.0,0.013685,1.872858e-07
2026-10-07 09:08:30,2,9,8,4.5562,3.0,3.0,0.082111,6.742288e-06
2026-10-07 09:09:00,2,9,9,14.9081,3.0,3.0,0.080156,6.425048e-06
2026-10-07 09:09:30,2,9,9,9.9055,2.0,2.0,0.013685,1.872858e-07
2026-10-07 09:10:00,2,9,10,10.0093,2.0,2.0,0.252199,6.4e-05
2026-10-07 09:10:30,2,9,10,15.1625,2.0,2.0,0.013685,1.872858e-07
2026-10-07 09:11:00,2,9,11,13.5812,3.0,3.0,0.044966,2.021922e-06
2026-10-07 09:11:30,2,9,11,33.1222,2.0,2.0,0.106549,1.1e-05
2026-10-07 09:12:00,2,9,12,12.1467,2.0,2.0,0.016618,2.76151e-07
2026-10-07 09:12:30,2,9,12,2.5131,1.0,1.0,0.013685,1.872858e-07
2026-10-07 09:13:00,2,9,13,10.0093,2.0,2.0,0.252199,6.4e-05
2026-10-07 09:13:30,2,9,13,3.2487,3.0,3.0,0.000978,9.555396e-10
2026-10-07 09:14:00,2,9,14,10.1247,2.0,2.0,0.01564,2.446181e-07
2026-10-07 09:14:30,2,9,14,10.1337,2.0,2.0,0.014663,2.149964e-07
2026-10-07 09:15:00,2,9,15,1.1754,2.0,2.0,0.017595,3.095949e-07
2026-10-07 09:15:30,2,9,15,10.4539,2.0,2.0,0.013685,1.872858e-07
2026-10-07 09:16:00,2,9,16,2.2886,1.0,1.0,0.014663,2.149964e-07
2026-10-07 09:16:30,2,9,16,3.8631,2.0,2.0,0.014663,2.149964e-07
2026-10-07 09:17:00,2,9,17,18.7861,4.0,4.0,0.160313,2.6e-05
2026-10-07 09:17:30,2,9,17,12.7452,1.0,1.0,0.013685,1.872858e-07
2026-10-07 09:18:00,2,9,18,33.1222,2.0,2.0,0.012708,1.614862e-07
2026-10-07 09:18:30,2,9,18,12.6128,3.0,3.0,0.063539,4.037155e-06
2026-10-07 09:19:00,2,9,19,4.33,1.0,1.0,0.27566,7.6e-05
2026-10-07 09:19:30,2,9,19,9.0853,2.0,2.0,0.589443,0.000347
2026-10-07 09:20:00,2,9,20,11.5217,2.0,2.0,0.071359,5.092071e-06
2026-10-07 09:20:30,2,9,20,15.3178,2.0,2.0,0.014663,2.149964e-07
2026-10-07 09:21:00,2,9,21,1.7464,3.0,3.0,0.075269,5.665395e-06
2026-10-07 09:21:30,2,9,21,11.1315,3.0,3.0,0.013685,1.872858e-07
2026-10-07 09:22:00,2,9,22,4.7597,3.0,3.0,0.048876,2.388849e-06
2026-10-07 09:22:30,2,9,22,65.5896,2.0,2.0,0.014663,2.149964e-07
2026-10-07 09:23:00,2,9,23,3.2163,2.0,2.0,0.014663,2.149964e-07
2026-10-07 09:23:30,2,9,23,13.7145,3.0,3.0,0.312805,9.8e-05
2026-10-07 09:24:00,2,9,24,24.1326,2.0,2.0,0.013685,1.872858e-07
2026-10-07 09:24:30,2,9,24,22.8143,3.0,3.0,0.013685,1.872858e-07
2026-10-07 09:25:00,2,9,25,13.4081,3.0,3.0,0.014663,2.149964e-07
2026-10-07 09:25:30,2,9,25,5.3853,1.0,1.0,0.013685,1.872858e-07
2026-10-07 09:26:00,2,9,26,11.2648,4.0,4.0,0.013685,1.872858e-07
2026-10-07 09:26:30,2,9,26,9.9776,2.0,2.0,0.093842,8.806253e-06
2026-10-07 09:27:00,2,9,27,8.6585,2.0,2.0,0.013685,1.872858e-07
2026-10-07 09:27:30,2,9,27,5.3718,1.0,1.0,0.236559,5.6e-05
2026-10-07 09:28:00,2,9,28,13.5812,3.0,3.0,0.095797,9.177003e-06
2026-10-07 09:28:30,2,9,28,1.6906,2.0,2.0,0.013685,1.872858e-07
2026-10-07 09:29:00,2,9,29,13.8257,2.0,2.0,0.013685,1.872858e-07
2026-10-07 09:29:30,2,9,29,1.5539,2.0,2.0,0.013685,1.872858e-07
2026-10-07 09:30:00,2,9,30,12.1602,4.0,4.0,0.013685,1.872858e-07
2026-10-07 09:30:30,2,9,30,13.7145,3.0,3.0,0.013685,1.872858e-07
2026-10-07 09:31:00,2,9,31,17.9777,4.0,4.0,0.013685,1.872858e-07
2026-10-07 09:31:30,2,9,31,3.6787,1.0,1.0,0.013685,1.872858e-07
2026-10-07 09:32:00,2,9,32,3.7144,3.0,3.0,0.41349,0.000171
2026-10-07 09:32:30,2,9,32,4.8686,2.0,2.0,0.012708,1.614862e-07
2026-10-07 09:33:00,2,9,33,11.1315,3.0,3.0,0.014663,2.149964e-07
2026-10-07 09:33:30,2,9,33,10.767,2.0,2.0,0.059629,3.555563e-06
2026-10-07 09:34:00,2,9,34,13.5713,3.0,3.0,0.14174,2e-05
2026-10-07 09:34:30,2,9,34,3.2416,4.0,4.0,0.099707,9.941436e-06
2026-10-07 09:35:00,2,9,35,1.9078,5.0,5.0,0.181818,3.3e-05
2026-10-07 09:35:30,2,9,35,9.9776,2.0,2.0,0.01564,2.446181e-07
2026-10-07 09:36:00,2,9,36,10.767,2.0,2.0,0.0,0.0
2026-10-07 09:36:30,2,9,36,18.2893,4.0,4.0,0.013685,1.872858e-07
2026-10-07 09:37:00,2,9,37,8.4218,3.0,3.0,0.013685,1.872858e-07
2026-10-07 09:37:30,2,9,37,65.5896,2.0,2.0,0.004888,2.388849e-08
2026-10-07 09:38:00,2,9,38,13.5812,3.0,3.0,0.012708,1.614862e-07
2026-10-07 09:38:30,2,9,38,14.1137,4.0,4.0,0.215054,4.6e-05
2026-10-07 09:39:00,2,9,39,4.8282,3.0,3.0,0.013685,1.872858e-07
2026-10-07 09:39:30,2,9,39,26.4596,2.0,2.0,0.014663,2.149964e-07
2026-10-07 09:40:00,2,9,40,3.2416,4.0,4.0,0.018573,3.449499e-07
2026-10-07 09:40:30,2,9,40,12.6581,3.0,3.0,0.013685,1.872858e-07
2026-10-07 09:41:00,2,9,41,5.7513,2.0,2.0,0.013685,1.872858e-07
2026-10-07 09:41:30,2,9,41,16.7937,4.0,4.0,0.014663,2.149964e-07
2026-10-07 09:42:00,2,9,42,0.9513,2.0,2.0,0.148583,2.2e-05
2026-10-07 09:42:30,2,9,42,1.0015,2.0,2.0,0.266862,7.1e-05
2026-10-07 09:43:00,2,9,43,7.6683,2.0,2.0,0.014663,2.149964e-07
2026-10-07 09:43:30,2,9,43,17.6369,3.0,3.0,0.013685,1.872858e-07
2026-10-07 09:44:00,2,9,44,17.6369,3.0,3.0,0.333333,0.000111
2026-10-07 09:44:30,2,9,44,17.6369,3.0,3.0,0.013685,1.872858e-07
2026-10-07 09:45:00,2,9,45,22.1346,2.0,2.0,0.013685,1.872858e-07
2026-10-07 09:45:30,2,9,45,10.1236,3.0,3.0,0.0,0.0
2026-10-07 09:46:00,2,9,46,21.4428,4.0,4.0,0.013685,1.872858e-07
2026-10-07 09:46:30,2,9,46,5.8365,3.0,3.0,0.013685,1.872858e-07
2026-10-07 09:47:00,2,9,47,11.2365,2.0,2.0,0.252199,6.4e-05
2026-10-07 09:47:30,2,9,47,9.2688,4.0,4.0,0.191593,3.7e-05
2026-10-07 09:48:00,2,9,48,11.3069,2.0,2.0,0.226784,5.1e-05
2026-10-07 09:48:30,2,9,48,10.4539,2.0,2.0,0.01955,3.822159e-07
2026-10-07 09:49:00,2,9,49,3.2566,2.0,2.0,0.013685,1.872858e-07
2026-10-07 09:49:30,2,9,49,15.1229,2.0,2.0,0.29521,8.7e-05
2026-10-07 09:50:00,2,9,50,1.9008,4.0,4.0,0.014663,2.149964e-07
2026-10-07 09:50:30,2,9,50,11.7929,2.0,2.0,0.016618,2.76151e-07
2026-10-07 09:51:00,2,9,51,2.7697,2.0,2.0,0.014663,2.149964e-07
2026-10-07 09:51:30,2,9,51,10.0748,4.0,4.0,0.013685,1.872858e-07
2026-10-07 09:52:00,2,9,52,33.1375,3.0,3.0,0.018573,3.449499e-07
2026-10-07 09:52:30,2,9,52,8.6127,4.0,4.0,0.013685,1.872858e-07
2026-10-07 09:53:00,2,9,53,2.7697,2.0,2.0,0.013685,1.872858e-07
2026-10-07 09:53:30,2,9,53,59.2468,3.0,3.0,0.013685,1.872858e-07
2026-10-07 09:54:00,2,9,54,22.8143,3.0,3.0,0.01564,2.446181e-07
2026-10-07 09:54:30,2,9,54,13.1109,2.0,2.0,0.016618,2.76151e-07
2026-10-07 09:55:00,2,9,55,11.0198,3.0,3.0,0.0,0.0
2026-10-07 09:55:30,2,9,55,1.233,4.0,4.0,0.013685,1.872858e-07
2026-10-07 09:56:00,2,9,56,18.7861,4.0,4.0,0.014663,2.149964e-07
2026-10-07 09:56:30,2,9,56,17.853,4.0,4.0,0.013685,1.872858e-07
2026-10-07 09:57:00,2,9,57,10.4539,2.0,2.0,0.005865,3.439943e-08
2026-10-07 09:57:30,2,9,57,4.5484,3.0,3.0,0.0,0.0
2026-10-07 09:58:00,2,9,58,7.0863,1.0,1.0,0.000978,9.555396e-10
2026-10-07 09:58:30,2,9,58,34.1251,2.0,2.0,0.184751,3.4e-05
2026-10-07 09:59:00,2,9,59,5.3136,4.0,4.0,0.183773,3.4e-05
2026-10-07 09:59:30,2,9,59,11.5217,2.0,2.0,0.01564,2.446181e-07
2026-10-07 10:00:00,2,10,0,3.1294,4.0,4.0,0.115347,1.3e-05
2026-10-07 10:00:30,2,10,0,10.1792,3.0,3.0,0.349951,0.000122
2026-10-07 10:01:00,2,10,1,11.728,7.0,7.0,0.108504,1.2e-05
2026-10-07 10:01:30,2,10,1,4.5948,6.0,6.0,0.16911,2.9e-05
2026-10-07 10:02:00,2,10,2,2.8347,5.0,5.0,0.095797,9.177003e-06
2026-10-07 10:02:30,2,10,2,1.1663,3.0,3.0,0.455523,0.000208
2026-10-07 10:03:00,2,10,3,1.1253,4.0,4.0,0.076246,5.813504e-06
2026-10-07 10:03:30,2,10,3,2.7721,4.0,4.0,0.312805,9.8e-05
2026-10-07 10:04:00,2,10,4,2.3226,4.0,4.0,0.185728,3.4e-05
2026-10-07 10:04:30,2,10,4,5.7015,4.0,4.0,0.41349,0.000171
2026-10-07 10:05:00,2,10,5,0.7666,4.0,4.0,0.086022,7.399699e-06
2026-10-07 10:05:30,2,10,5,1.8863,7.0,7.0,0.095797,9.177003e-06
2026-10-07 10:06:00,2,10,6,2.0744,4.0,4.0,0.058651,3.439943e-06
2026-10-07 10:06:30,2,10,6,4.8285,5.0,5.0,0.079179,6.269296e-06
2026-10-07 10:07:00,2,10,7,9.7428,4.0,4.0,0.41349,0.000171
2026-10-07 10:07:30,2,10,7,3.8562,4.0,4.0,0.115347,1.3e-05
2026-10-07 10:08:00,2,10,8,21.2434,4.0,4.0,0.418377,0.000175
2026-10-07 10:08:30,2,10,8,8.382,5.0,5.0,0.084066,7.067172e-06
2026-10-07 10:09:00,2,10,9,2.0171,6.0,6.0,0.300098,9e-05
2026-10-07 10:09:30,2,10,9,2.6159,4.0,4.0,0.213099,4.5e-05
2026-10-07 10:10:00,2,10,10,2.4958,6.0,6.0,0.115347,1.3e-05
2026-10-07 10:10:30,2,10,10,4.9926,6.0,6.0,0.13783,1.9e-05
2026-10-07 10:11:00,2,10,11,2.8489,4.0,4.0,0.078201,6.115454e-06
2026-10-07 10:11:30,2,10,11,4.2981,3.0,3.0,0.175953,3.1e-05
2026-10-07 10:12:00,2,10,12,10.0222,4.0,4.0,0.071359,5.092071e-06
2026-10-07 10:12:30,2,10,12,2.9441,4.0,4.0,0.073314,5.37491e-06
2026-10-07 10:13:00,2,10,13,0.7535,4.0,4.0,0.332356,0.00011
2026-10-07 10:13:30,2,10,13,0.5689,3.0,3.0,0.113392,1.3e-05
2026-10-07 10:14:00,2,10,14,0.7864,4.0,4.0,0.078201,6.115454e-06
2026-10-07 10:14:30,2,10,14,7.7018,5.0,5.0,0.086022,7.399699e-06
2026-10-07 10:15:00,2,10,15,2.9354,4.0,4.0,0.1261,1.6e-05
2026-10-07 10:15:30,2,10,15,1.1288,5.0,5.0,0.333333,0.000111
2026-10-07 10:16:00,2,10,16,61.9991,2.0,2.0,0.101662,1e-05
2026-10-07 10:16:30,2,10,16,13.5713,3.0,3.0,0.013685,1.872858e-07
2026-10-07 10:17:00,2,10,17,6.4049,2.0,2.0,0.013685,1.872858e-07
2026-10-07 10:17:30,2,10,17,5.3853,1.0,1.0,0.014663,2.149964e-07
2026-10-07 10:18:00,2,10,18,3.1503,5.0,5.0,0.013685,1.872858e-07
2026-10-07 10:18:30,2,10,18,15.243,2.0,2.0,0.051808,2.684111e-06
2026-10-07 10:19:00,2,10,19,11.3357,3.0,3.0,0.013685,1.872858e-07
2026-10-07 10:19:30,2,10,19,6.4244,2.0,2.0,0.051808,2.684111e-06
2026-10-07 10:20:00,2,10,20,12.7376,2.0,2.0,0.013685,1.872858e-07
2026-10-07 10:20:30,2,10,20,2.1545,2.0,2.0,0.013685,1.872858e-07
2026-10-07 10:21:00,2,10,21,12.6581,3.0,3.0,0.018573,3.449499e-07
2026-10-07 10:21:30,2,10,21,4.5562,3.0,3.0,0.080156,6.425048e-06
2026-10-07 10:22:00,2,10,22,1.4885,5.0,5.0,0.217986,4.8e-05
2026-10-07 10:22:30,2,10,22,11.5932,2.0,2.0,0.0,0.0
2026-10-07 10:23:00,2,10,23,12.1602,4.0,4.0,0.013685,1.872858e-07
2026-10-07 10:23:30,2,10,23,5.119,1.0,1.0,0.016618,2.76151e-07
2026-10-07 10:24:00,2,10,24,13.9392,3.0,3.0,0.014663,2.149964e-07
2026-10-07 10:24:30,2,10,24,21.4428,4.0,4.0,0.013685,1.872858e-07
2026-10-07 10:25:00,2,10,25,6.2803,2.0,2.0,0.013685,1.872858e-07
2026-10-07 10:25:30,2,10,25,67.8325,1.0,1.0,0.013685,1.872858e-07
2026-10-07 10:26:00,2,10,26,14.5312,3.0,3.0,0.012708,1.614862e-07
2026-10-07 10:26:30,2,10,26,17.0153,4.0,4.0,0.093842,8.806253e-06
2026-10-07 10:27:00,2,10,27,5.3407,1.0,1.0,0.0,0.0
2026-10-07 10:27:30,2,10,27,17.6369,3.0,3.0,0.090909,8.264464e-06
2026-10-07 10:28:00,2,10,28,9.1937,2.0,2.0,0.105572,1.1e-05
2026-10-07 10:28:30,2,10,28,11.2648,4.0,4.0,0.013685,1.872858e-07
2026-10-07 10:29:00,2,10,29,46.4662,2.0,2.0,0.068426,4.682145e-06
2026-10-07 10:29:30,2,10,29,14.2473,3.0,3.0,0.016618,2.76151e-07
2026-10-07 10:30:00,2,10,30,30.8126,2.0,2.0,0.099707,9.941436e-06
2026-10-07 10:30:30,2,10,30,2.0517,3.0,3.0,0.017595,3.095949e-07
2026-10-07 10:31:00,2,10,31,8.5596,4.0,4.0,0.021505,4.624812e-07
2026-10-07 10:31:30,2,10,31,7.0717,4.0,4.0,0.013685,1.872858e-07
2026-10-07 10:32:00,2,10,32,10.9198,3.0,3.0,0.01564,2.446181e-07
2026-10-07 10:32:30,2,10,32,14.5312,3.0,3.0,0.013685,1.872858e-07
2026-10-07 10:33:00,2,10,33,32.56,2.0,2.0,0.018573,3.449499e-07
2026-10-07 10:33:30,2,10,33,13.0649,5.0,5.0,0.013685,1.872858e-07
2026-10-07 10:34:00,2,10,34,12.3214,3.0,3.0,0.014663,2.149964e-07
2026-10-07 10:34:30,2,10,34,2.714,3.0,3.0,0.013685,1.872858e-07
2026-10-07 10:35:00,2,10,35,20.0409,3.0,3.0,0.055718,3.104548e-06
2026-10-07 10:35:30,2,10,35,7.2239,3.0,3.0,0.013685,1.872858e-07
2026-10-07 10:36:00,2,10,36,4.7067,3.0,3.0,0.013685,1.872858e-07
2026-10-07 10:36:30,2,10,36,10.0748,4.0,4.0,0.014663,2.149964e-07
2026-10-07 10:37:00,2,10,37,17.426,2.0,2.0,0.013685,1.872858e-07
2026-10-07 10:37:30,2,10,37,33.1222,2.0,2.0,0.013685,1.872858e-07
2026-10-07 10:38:00,2,10,38,4.5562,3.0,3.0,0.013685,1.872858e-07
2026-10-07 10:38:30,2,10,38,12.7182,3.0,3.0,0.013685,1.872858e-07
2026-10-07 10:39:00,2,10,39,6.2038,2.0,2.0,0.013685,1.872858e-07
2026-10-07 10:39:30,2,10,39,10.476,2.0,2.0,0.013685,1.872858e-07
2026-10-07 10:40:00,2,10,40,9.8418,3.0,3.0,0.013685,1.872858e-07
2026-10-07 10:40:30,2,10,40,2.2537,3.0,3.0,0.006843,4.682144e-08
2026-10-07 10:41:00,2,10,41,9.9306,2.0,2.0,0.013685,1.872858e-07
2026-10-07 10:41:30,2,10,41,11.5932,2.0,2.0,0.013685,1.872858e-07
2026-10-07 10:42:00,2,10,42,1.2616,3.0,3.0,0.067449,4.549325e-06
2026-10-07 10:42:30,2,10,42,6.9582,5.0,5.0,0.041056,1.685572e-06
2026-10-07 10:43:00,2,10,43,3.2163,2.0,2.0,0.014663,2.149964e-07
2026-10-07 10:43:30,2,10,43,19.3456,2.0,2.0,0.281525,7.9e-05
2026-10-07 10:44:00,2,10,44,11.1455,2.0,2.0,0.012708,1.614862e-07
2026-10-07 10:44:30,2,10,44,11.3097,2.0,2.0,0.013685,1.872858e-07
2026-10-07 10:45:00,2,10,45,46.4662,2.0,2.0,0.237537,5.6e-05
2026-10-07 10:45:30,2,10,45,5.3247,3.0,3.0,0.013685,1.872858e-07
2026-10-07 10:46:00,2,10,46,8.5713,3.0,3.0,0.013685,1.872858e-07
2026-10-07 10:46:30,2,10,46,4.0274,2.0,2.0,0.016618,2.76151e-07
2026-10-07 10:47:00,2,10,47,7.0717,4.0,4.0,0.013685,1.872858e-07
2026-10-07 10:47:30,2,10,47,10.476,2.0,2.0,0.013685,1.872858e-07
2026-10-07 10:48:00,2,10,48,1.932,2.0,2.0,0.012708,1.614862e-07
2026-10-07 10:48:30,2,10,48,6.2468,4.0,4.0,0.012708,1.614862e-07
2026-10-07 10:49:00,2,10,49,36.0461,1.0,1.0,0.0,0.0
2026-10-07 10:49:30,2,10,49,13.9392,3.0,3.0,0.013685,1.872858e-07
2026-10-07 10:50:00,2,10,50,9.0775,4.0,4.0,0.014663,2.149964e-07
2026-10-07 10:50:30,2,10,50,19.6078,4.0,4.0,0.013685,1.872858e-07
2026-10-07 10:51:00,2,10,51,4.6173,1.0,1.0,0.241447,5.8e-05
2026-10-07 10:51:30,2,10,51,10.8928,3.0,3.0,0.012708,1.614862e-07
2026-10-07 10:52:00,2,10,52,16.4179,3.0,3.0,0.013685,1.872858e-07
2026-10-07 10:52:30,2,10,52,13.5812,3.0,3.0,0.013685,1.872858e-07
2026-10-07 10:53:00,2,10,53,1.6922,2.0,2.0,0.359726,0.000129
2026-10-07 10:53:30,2,10,53,14.9081,3.0,3.0,0.013685,1.872858e-07
2026-10-07 10:54:00,2,10,54,1.9078,5.0,5.0,0.01955,3.822159e-07
2026-10-07 10:54:30,2,10,54,12.1602,4.0,4.0,0.014663,2.149964e-07
2026-10-07 10:55:00,2,10,55,19.9333,2.0,2.0,0.064516,4.162331e-06
2026-10-07 10:55:30,2,10,55,8.5596,4.0,4.0,0.013685,1.872858e-07
2026-10-07 10:56:00,2,10,56,3.2566,2.0,2.0,0.087977,7.739871e-06
2026-10-07 10:56:30,2,10,56,3.7144,3.0,3.0,0.013685,1.872858e-07
2026-10-07 10:57:00,2,10,57,13.5812,3.0,3.0,0.213099,4.5e-05
2026-10-07 10:57:30,2,10,57,12.1467,2.0,2.0,0.0,0.0
2026-10-07 10:58:00,2,10,58,12.4415,3.0,3.0,0.420332,0.000177
2026-10-07 10:58:30,2,10,58,14.3573,2.0,2.0,0.013685,1.872858e-07
2026-10-07 10:59:00,2,10,59,11.0198,3.0,3.0,0.038123,1.453376e-06
2026-10-07 10:59:30,2,10,59,13.7145,3.0,3.0,0.013685,1.872858e-07
2026-10-07 11:00:00,2,11,0,3.1261,3.0,3.0,0.013685,1.872858e-07
2026-10-07 11:00:30,2,11,0,1.5469,3.0,3.0,0.024438,5.972124e-07
2026-10-07 11:01:00,2,11,1,12.4173,3.0,3.0,0.013685,1.872858e-07
2026-10-07 11:01:30,2,11,1,23.105,1.0,1.0,0.0,0.0
2026-10-07 11:02:00,2,11,2,11.5217,2.0,2.0,0.016618,2.76151e-07
2026-10-07 11:02:30,2,11,2,12.516,3.0,3.0,0.014663,2.149964e-07
2026-10-07 11:03:00,2,11,3,1.3252,4.0,4.0,0.013685,1.872858e-07
2026-10-07 11:03:30,2,11,3,11.0045,2.0,2.0,0.013685,1.872858e-07
2026-10-07 11:04:00,2,11,4,11.5731,3.0,3.0,0.013685,1.872858e-07
2026-10-07 11:04:30,2,11,4,1.3252,4.0,4.0,0.205279,4.2e-05
2026-10-07 11:05:00,2,11,5,59.5625,3.0,3.0,0.01564,2.446181e-07
2026-10-07 11:05:30,2,11,5,18.7861,4.0,4.0,0.044966,2.021922e-06
2026-10-07 11:06:00,2,11,6,5.8716,1.0,1.0,0.013685,1.872858e-07
2026-10-07 11:06:30,2,11,6,15.243,2.0,2.0,0.012708,1.614862e-07
2026-10-07 11:07:00,2,11,7,5.6118,2.0,2.0,0.079179,6.269296e-06
2026-10-07 11:07:30,2,11,7,30.8126,2.0,2.0,0.051808,2.684111e-06
2026-10-07 11:08:00,2,11,8,6.2038,2.0,2.0,0.014663,2.149964e-07
2026-10-07 11:08:30,2,11,8,15.0411,2.0,2.0,0.00782,6.115454e-08
2026-10-07 11:09:00,2,11,9,21.6228,4.0,4.0,0.000978,9.555396e-10
2026-10-07 11:09:30,2,11,9,18.3526,3.0,3.0,0.0,0.0
2026-10-07 11:10:00,2,11,10,2.1703,3.0,3.0,0.481916,0.000232
2026-10-07 11:10:30,2,11,10,3.1261,3.0,3.0,0.244379,6e-05
2026-10-07 11:11:00,2,11,11,8.1988,2.0,2.0,0.063539,4.037155e-06
2026-10-07 11:11:30,2,11,11,10.1337,2.0,2.0,0.013685,1.872858e-07
2026-10-07 11:12:00,2,11,12,1.3252,4.0,4.0,0.013685,1.872858e-07
2026-10-07 11:12:30,2,11,12,1.5757,2.0,2.0,0.16911,2.9e-05
2026-10-07 11:13:00,2,11,13,9.8619,2.0,2.0,0.213099,4.5e-05
2026-10-07 11:13:30,2,11,13,1.8125,3.0,3.0,0.064516,4.162331e-06
2026-10-07 11:14:00,2,11,14,8.4328,2.0,2.0,0.014663,2.149964e-07
2026-10-07 11:14:30,2,11,14,9.9117,4.0,4.0,0.014663,2.149964e-07
2026-10-07 11:15:00,2,11,15,15.2381,3.0,3.0,0.013685,1.872858e-07
2026-10-07 11:15:30,2,11,15,4.7222,4.0,4.0,0.236559,5.6e-05
2026-10-07 11:16:00,2,11,16,5.6118,2.0,2.0,0.014663,2.149964e-07
2026-10-07 11:16:30,2,11,16,13.7145,3.0,3.0,0.013685,1.872858e-07
2026-10-07 11:17:00,2,11,17,12.1602,4.0,4.0,0.006843,4.682144e-08
2026-10-07 11:17:30,2,11,17,5.8365,3.0,3.0,0.168133,2.8e-05
2026-10-07 11:18:00,2,11,18,8.6677,4.0,4.0,0.013685,1.872858e-07
2026-10-07 11:18:30,2,11,18,2.0243,4.0,4.0,0.058651,3.439943e-06
2026-10-07 11:19:00,2,11,19,3.0105,3.0,3.0,0.064516,4.162331e-06
2026-10-07 11:19:30,2,11,19,11.5932,2.0,2.0,0.41349,0.000171
2026-10-07 11:20:00,2,11,20,12.3781,3.0,3.0,0.013685,1.872858e-07
2026-10-07 11:20:30,2,11,20,8.3502,3.0,3.0,0.013685,1.872858e-07
2026-10-07 11:21:00,2,11,21,12.197,3.0,3.0,0.15738,2.5e-05
2026-10-07 11:21:30,2,11,21,5.7815,3.0,3.0,0.013685,1.872858e-07
2026-10-07 11:22:00,2,11,22,8.5713,3.0,3.0,0.013685,1.872858e-07
2026-10-07 11:22:30,2,11,22,12.516,3.0,3.0,0.013685,1.872858e-07
2026-10-07 11:23:00,2,11,23,22.7701,4.0,4.0,0.044966,2.021922e-06
2026-10-07 11:23:30,2,11,23,24.1326,2.0,2.0,0.014663,2.149964e-07
2026-10-07 11:24:00,2,11,24,10.1337,2.0,2.0,0.013685,1.872858e-07
2026-10-07 11:24:30,2,11,24,5.1724,2.0,2.0,0.013685,1.872858e-07
2026-10-07 11:25:00,2,11,25,11.9275,3.0,3.0,0.014663,2.149964e-07
2026-10-07 11:25:30,2,11,25,10.3783,2.0,2.0,0.013685,1.872858e-07
2026-10-07 11:26:00,2,11,26,34.1251,2.0,2.0,0.167155,2.8e-05
2026-10-07 11:26:30,2,11,26,13.1791,2.0,2.0,0.013685,1.872858e-07
2026-10-07 11:27:00,2,11,27,16.4179,3.0,3.0,0.014663,2.149964e-07
2026-10-07 11:27:30,2,11,27,11.5932,2.0,2.0,0.253177,6.4e-05
2026-10-07 11:28:00,2,11,28,3.2566,2.0,2.0,0.013685,1.872858e-07
2026-10-07 11:28:30,2,11,28,10.5663,2.0,2.0,0.0,0.0
2026-10-07 11:29:00,2,11,29,4.5562,3.0,3.0,0.013685,1.872858e-07
2026-10-07 11:29:30,2,11,29,8.5776,2.0,2.0,0.226784,5.1e-05
2026-10-07 11:30:00,2,11,30,8.4218,3.0,3.0,0.012708,1.614862e-07
2026-10-07 11:30:30,2,11,30,8.5776,2.0,2.0,0.01173,1.375977e-07
2026-10-07 11:31:00,2,11,31,13.924,3.0,3.0,0.068426,4.682145e-06
2026-10-07 11:31:30,2,11,31,2.4494,3.0,3.0,0.013685,1.872858e-07
2026-10-07 11:32:00,2,11,32,1.0015,2.0,2.0,0.013685,1.872858e-07
2026-10-07 11:32:30,2,11,32,9.9776,2.0,2.0,0.013685,1.872858e-07
2026-10-07 11:33:00,2,11,33,8.3008,2.0,2.0,0.442815,0.000196
2026-10-07 11:33:30,2,11,33,4.8704,1.0,1.0,0.228739,5.2e-05
2026-10-07 11:34:00,2,11,34,24.8313,1.0,1.0,0.108504,1.2e-05
2026-10-07 11:34:30,2,11,34,5.5321,2.0,2.0,0.236559,5.6e-05
2026-10-07 11:35:00,2,11,35,10.1247,2.0,2.0,0.381232,0.000145
2026-10-07 11:35:30,2,11,35,9.8619,2.0,2.0,0.012708,1.614862e-07
2026-10-07 11:36:00,2,11,36,8.3392,4.0,4.0,0.013685,1.872858e-07
2026-10-07 11:36:30,2,11,36,8.3008,2.0,2.0,0.017595,3.095949e-07
2026-10-07 11:37:00,2,11,37,1.5757,2.0,2.0,0.014663,2.149964e-07
2026-10-07 11:37:30,2,11,37,19.6078,4.0,4.0,0.187683,3.5e-05
2026-10-07 11:38:00,2,11,38,6.3406,3.0,3.0,0.012708,1.614862e-07
2026-10-07 11:38:30,2,11,38,9.9776,2.0,2.0,0.013685,1.872858e-07
2026-10-07 11:39:00,2,11,39,1.975,3.0,3.0,0.013685,1.872858e-07
2026-10-07 11:39:30,2,11,39,7.9073,4.0,4.0,0.166178,2.8e-05
2026-10-07 11:40:00,2,11,40,7.0717,4.0,4.0,0.017595,3.095949e-07
2026-10-07 11:40:30,2,11,40,10.2855,3.0,3.0,0.080156,6.425048e-06
2026-10-07 11:41:00,2,11,41,9.1064,3.0,3.0,0.013685,1.872858e-07
2026-10-07 11:41:30,2,11,41,6.2803,2.0,2.0,0.01564,2.446181e-07
2026-10-07 11:42:00,2,11,42,3.8631,2.0,2.0,0.00391,1.528863e-08
2026-10-07 11:42:30,2,11,42,8.4218,3.0,3.0,0.0,0.0
2026-10-07 11:43:00,2,11,43,11.1315,3.0,3.0,0.013685,1.872858e-07
2026-10-07 11:43:30,2,11,43,12.516,3.0,3.0,0.192571,3.7e-05
2026-10-07 11:44:00,2,11,44,10.2811,2.0,2.0,0.013685,1.872858e-07
2026-10-07 11:44:30,2,11,44,15.1229,2.0,2.0,0.01955,3.822159e-07
2026-10-07 11:45:00,2,11,45,5.3207,3.0,3.0,0.269795,7.3e-05
2026-10-07 11:45:30,2,11,45,33.1222,2.0,2.0,0.013685,1.872858e-07
2026-10-07 11:46:00,2,11,46,3.1261,3.0,3.0,0.014663,2.149964e-07
2026-10-07 11:46:30,2,11,46,7.6683,2.0,2.0,0.040078,1.606262e-06
2026-10-07 11:47:00,2,11,47,11.1455,2.0,2.0,0.013685,1.872858e-07
2026-10-07 11:47:30,2,11,47,12.7048,3.0,3.0,0.013685,1.872858e-07
2026-10-07 11:48:00,2,11,48,6.5266,3.0,3.0,0.013685,1.872858e-07
2026-10-07 11:48:30,2,11,48,19.9333,2.0,2.0,0.075269,5.665395e-06
2026-10-07 11:49:00,2,11,49,4.1571,4.0,4.0,0.013685,1.872858e-07
2026-10-07 11:49:30,2,11,49,17.9777,4.0,4.0,0.012708,1.614862e-07
2026-10-07 11:50:00,2,11,50,5.119,1.0,1.0,0.252199,6.4e-05
2026-10-07 11:50:30,2,11,50,2.1545,2.0,2.0,0.317693,0.000101
2026-10-07 11:51:00,2,11,51,13.9392,3.0,3.0,0.014663,2.149964e-07
2026-10-07 11:51:30,2,11,51,7.0931,2.0,2.0,0.013685,1.872858e-07
2026-10-07 11:52:00,2,11,52,28.3003,2.0,2.0,0.013685,1.872858e-07
2026-10-07 11:52:30,2,11,52,2.714,3.0,3.0,0.013685,1.872858e-07
2026-10-07 11:53:00,2,11,53,1.0015,2.0,2.0,0.217986,4.8e-05
2026-10-07 11:53:30,2,11,53,14.9813,2.0,2.0,0.016618,2.76151e-07
2026-10-07 11:54:00,2,11,54,1.5757,2.0,2.0,0.013685,1.872858e-07
2026-10-07 11:54:30,2,11,54,14.5312,3.0,3.0,0.061584,3.792537e-06
2026-10-07 11:55:00,2,11,55,17.6369,3.0,3.0,0.013685,1.872858e-07
2026-10-07 11:55:30,2,11,55,8.1988,2.0,2.0,0.159335,2.5e-05
2026-10-07 11:56:00,2,11,56,13.1109,2.0,2.0,0.0,0.0
2026-10-07 11:56:30,2,11,56,10.1337,2.0,2.0,0.095797,9.177003e-06
2026-10-07 11:57:00,2,11,57,36.3411,2.0,2.0,0.068426,4.682145e-06
2026-10-07 11:57:30,2,11,57,15.243,2.0,2.0,0.00782,6.115454e-08
2026-10-07 11:58:00,2,11,58,3.5139,5.0,5.0,0.27566,7.6e-05
2026-10-07 11:58:30,2,11,58,33.5748,2.0,2.0,0.01564,2.446181e-07
2026-10-07 11:59:00,2,11,59,7.6791,4.0,4.0,0.013685,1.872858e-07
2026-10-07 11:59:30,2,11,59,21.6228,4.0,4.0,0.012708,1.614862e-07
2026-10-07 12:00:00,2,12,0,3.6059,4.0,4.0,0.181818,3.3e-05
2026-10-07 12:00:30,2,12,0,15.7035,1.0,2.0,0.061584,3.792537e-06
2026-10-07 12:01:00,2,12,1,0.6679,2.0,2.0,0.076246,5.813504e-06
2026-10-07 12:01:30,2,12,1,1.3707,3.0,3.0,0.102639,1.1e-05
2026-10-07 12:02:00,2,12,2,22.657,2.0,2.0,0.171065,2.9e-05
2026-10-07 12:02:30,2,12,2,16.3821,4.0,4.0,0.060606,3.673095e-06
2026-10-07 12:03:00,2,12,3,26.2154,5.0,5.0,0.358749,0.000129
2026-10-07 12:03:30,2,12,3,1.8595,3.0,3.0,0.080156,6.425048e-06
2026-10-07 12:04:00,2,12,4,21.1062,5.0,5.0,0.422287,0.000178
2026-10-07 12:04:30,2,12,4,2.4264,4.0,4.0,0.312805,9.8e-05
2026-10-07 12:05:00,2,12,5,24.619,3.0,3.0,0.086022,7.399699e-06
2026-10-07 12:05:30,2,12,5,14.1981,4.0,4.0,0.040078,1.606262e-06
2026-10-07 12:06:00,2,12,6,2.8746,4.0,4.0,0.090909,8.264464e-06
2026-10-07 12:06:30,2,12,6,1.3304,6.0,6.0,0.317693,0.000101
2026-10-07 12:07:00,2,12,7,8.0699,5.0,5.0,0.175953,3.1e-05
2026-10-07 12:07:30,2,12,7,1.1376,6.0,6.0,0.076246,5.813504e-06
2026-10-07 12:08:00,2,12,8,2.051,4.0,4.0,0.184751,3.4e-05
2026-10-07 12:08:30,2,12,8,12.2045,3.0,3.0,0.317693,0.000101
2026-10-07 12:09:00,2,12,9,12.7353,5.0,5.0,0.102639,1.1e-05
2026-10-07 12:09:30,2,12,9,1.4534,3.0,3.0,0.347996,0.000121
2026-10-07 12:10:00,2,12,10,25.0412,5.0,5.0,0.14174,2e-05
2026-10-07 12:10:30,2,12,10,15.7035,1.0,2.0,0.332356,0.00011
2026-10-07 12:11:00,2,12,11,0.8414,4.0,4.0,0.420332,0.000177
2026-10-07 12:11:30,2,12,11,12.7174,5.0,5.0,0.460411,0.000212
2026-10-07 12:12:00,2,12,12,20.7405,5.0,5.0,0.300098,9e-05
2026-10-07 12:12:30,2,12,12,7.8345,6.0,6.0,0.040078,1.606262e-06
2026-10-07 12:13:00,2,12,13,24.8243,5.0,5.0,0.218964,4.8e-05
2026-10-07 12:13:30,2,12,13,22.3526,5.0,5.0,0.106549,1.1e-05
2026-10-07 12:14:00,2,12,14,5.7017,4.0,4.0,0.185728,3.4e-05
2026-10-07 12:14:30,2,12,14,1.1663,3.0,3.0,0.175953,3.1e-05
2026-10-07 12:15:00,2,12,15,4.2646,5.0,5.0,0.308895,9.5e-05
2026-10-07 12:15:30,2,12,15,1.3936,6.0,6.0,0.194526,3.8e-05
2026-10-07 12:16:00,2,12,16,22.233,4.0,4.0,0.589443,0.000347
2026-10-07 12:16:30,2,12,16,3.1503,5.0,5.0,0.013685,1.872858e-07
2026-10-07 12:17:00,2,12,17,4.4295,4.0,4.0,0.013685,1.872858e-07
2026-10-07 12:17:30,2,12,17,1.8772,4.0,4.0,0.01564,2.446181e-07
2026-10-07 12:18:00,2,12,18,2.1703,3.0,3.0,0.013685,1.872858e-07
2026-10-07 12:18:30,2,12,18,2.7209,3.0,3.0,0.013685,1.872858e-07
2026-10-07 12:19:00,2,12,19,8.5596,4.0,4.0,0.096774,9.365243e-06
2026-10-07 12:19:30,2,12,19,6.9928,2.0,2.0,0.347019,0.00012
2026-10-07 12:20:00,2,12,20,7.0931,2.0,2.0,0.269795,7.3e-05
2026-10-07 12:20:30,2,12,20,12.4173,3.0,3.0,0.014663,2.149964e-07
2026-10-07 12:21:00,2,12,21,9.3957,4.0,4.0,0.058651,3.439943e-06
2026-10-07 12:21:30,2,12,21,31.6089,3.0,3.0,0.0,0.0
2026-10-07 12:22:00,2,12,22,10.8928,3.0,3.0,0.359726,0.000129
2026-10-07 12:22:30,2,12,22,13.4081,3.0,3.0,0.124145,1.5e-05
2026-10-07 12:23:00,2,12,23,7.845,4.0,4.0,0.051808,2.684111e-06
2026-10-07 12:23:30,2,12,23,2.0243,4.0,4.0,0.013685,1.872858e-07
2026-10-07 12:24:00,2,12,24,4.5562,3.0,3.0,0.014663,2.149964e-07
2026-10-07 12:24:30,2,12,24,14.122,4.0,4.0,0.381232,0.000145
2026-10-07 12:25:00,2,12,25,15.0121,4.0,4.0,0.00391,1.528863e-08
2026-10-07 12:25:30,2,12,25,21.4428,4.0,4.0,0.017595,3.095949e-07
2026-10-07 12:26:00,2,12,26,12.7293,4.0,4.0,0.0,0.0
2026-10-07 12:26:30,2,12,26,2.4125,2.0,2.0,0.391984,0.000154
2026-10-07 12:27:00,2,12,27,4.6173,1.0,1.0,0.01955,3.822159e-07
2026-10-07 12:27:30,2,12,27,2.2537,3.0,3.0,0.006843,4.682144e-08
2026-10-07 12:28:00,2,12,28,10.5663,2.0,2.0,0.013685,1.872858e-07
2026-10-07 12:28:30,2,12,28,33.1375,3.0,3.0,0.013685,1.872858e-07
2026-10-07 12:29:00,2,12,29,9.9117,4.0,4.0,0.014663,2.149964e-07
2026-10-07 12:29:30,2,12,29,3.4333,4.0,4.0,0.013685,1.872858e-07
2026-10-07 12:30:00,2,12,30,14.3573,2.0,2.0,0.013685,1.872858e-07
2026-10-07 12:30:30,2,12,30,1.975,3.0,3.0,0.012708,1.614862e-07
2026-10-07 12:31:00,2,12,31,22.8143,3.0,3.0,0.013685,1.872858e-07
2026-10-07 12:31:30,2,12,31,1.2089,3.0,3.0,0.371457,0.000138
2026-10-07 12:32:00,2,12,32,18.1129,3.0,3.0,0.082111,6.742288e-06
2026-10-07 12:32:30,2,12,32,2.7697,2.0,2.0,0.084066,7.067172e-06
2026-10-07 12:33:00,2,12,33,7.9065,3.0,3.0,0.000978,9.555396e-10
2026-10-07 12:33:30,2,12,33,3.2163,2.0,2.0,0.013685,1.872858e-07
2026-10-07 12:34:00,2,12,34,6.0478,4.0,4.0,0.013685,1.872858e-07
2026-10-07 12:34:30,2,12,34,10.767,2.0,2.0,0.013685,1.872858e-07
2026-10-07 12:35:00,2,12,35,26.4596,2.0,2.0,0.01564,2.446181e-07
2026-10-07 12:35:30,2,12,35,10.0144,2.0,2.0,0.014663,2.149964e-07
2026-10-07 12:36:00,2,12,36,4.5702,3.0,3.0,0.0,0.0
2026-10-07 12:36:30,2,12,36,20.0244,3.0,3.0,0.009775,9.555396e-08
2026-10-07 12:37:00,2,12,37,7.648,2.0,2.0,0.181818,3.3e-05
2026-10-07 12:37:30,2,12,37,11.8107,3.0,3.0,0.016618,2.76151e-07
2026-10-07 12:38:00,2,12,38,36.0461,1.0,1.0,0.060606,3.673095e-06
2026-10-07 12:38:30,2,12,38,28.987,2.0,2.0,0.014663,2.149964e-07
2026-10-07 12:39:00,2,12,39,19.6078,4.0,4.0,0.014663,2.149964e-07
2026-10-07 12:39:30,2,12,39,1.9242,5.0,5.0,0.013685,1.872858e-07
2026-10-07 12:40:00,2,12,40,15.2381,3.0,3.0,0.014663,2.149964e-07
2026-10-07 12:40:30,2,12,40,1.5469,3.0,3.0,0.065494,4.289418e-06
2026-10-07 12:41:00,2,12,41,7.9585,3.0,3.0,0.012708,1.614862e-07
2026-10-07 12:41:30,2,12,41,16.7937,4.0,4.0,0.014663,2.149964e-07
2026-10-07 12:42:00,2,12,42,20.4481,3.0,3.0,0.013685,1.872858e-07
2026-10-07 12:42:30,2,12,42,8.4199,3.0,3.0,0.0,0.0
2026-10-07 12:43:00,2,12,43,9.0853,2.0,2.0,0.112414,1.3e-05
2026-10-07 12:43:30,2,12,43,21.4428,4.0,4.0,0.013685,1.872858e-07
2026-10-07 12:44:00,2,12,44,5.8716,1.0,1.0,0.013685,1.872858e-07
2026-10-07 12:44:30,2,12,44,5.6807,3.0,3.0,0.088954,7.912824e-06
2026-10-07 12:45:00,2,12,45,13.3277,3.0,3.0,0.041056,1.685572e-06
2026-10-07 12:45:30,2,12,45,1.4885,5.0,5.0,0.012708,1.614862e-07
2026-10-07 12:46:00,2,12,46,3.5139,5.0,5.0,0.013685,1.872858e-07
2026-10-07 12:46:30,2,12,46,4.5231,2.0,2.0,0.096774,9.365243e-06
2026-10-07 12:47:00,2,12,47,1.5789,5.0,5.0,0.001955,3.822159e-09
2026-10-07 12:47:30,2,12,47,13.2636,3.0,3.0,0.27566,7.6e-05
2026-10-07 12:48:00,2,12,48,2.877,2.0,2.0,0.0,0.0
2026-10-07 12:48:30,2,12,48,9.9306,2.0,2.0,0.061584,3.792537e-06
2026-10-07 12:49:00,2,12,49,8.7134,2.0,2.0,0.0,0.0
2026-10-07 12:49:30,2,12,49,21.6228,4.0,4.0,0.014663,2.149964e-07
2026-10-07 12:50:00,2,12,50,4.8564,3.0,3.0,0.29521,8.7e-05
2026-10-07 12:50:30,2,12,50,1.5757,2.0,2.0,0.01564,2.446181e-07
2026-10-07 12:51:00,2,12,51,12.7346,3.0,3.0,0.012708,1.614862e-07
2026-10-07 12:51:30,2,12,51,8.5667,4.0,4.0,0.013685,1.872858e-07
2026-10-07 12:52:00,2,12,52,13.9392,3.0,3.0,0.013685,1.872858e-07
2026-10-07 12:52:30,2,12,52,9.0853,2.0,2.0,0.012708,1.614862e-07
2026-10-07 12:53:00,2,12,53,4.2808,4.0,4.0,0.013685,1.872858e-07
2026-10-07 12:53:30,2,12,53,9.1937,2.0,2.0,0.0,0.0
2026-10-07 12:54:00,2,12,54,5.119,1.0,1.0,0.379277,0.000144
2026-10-07 12:54:30,2,12,54,2.1703,3.0,3.0,0.013685,1.872858e-07
2026-10-07 12:55:00,2,12,55,17.0153,4.0,4.0,0.013685,1.872858e-07
2026-10-07 12:55:30,2,12,55,4.5484,3.0,3.0,0.012708,1.614862e-07
2026-10-07 12:56:00,2,12,56,1.3252,4.0,4.0,0.013685,1.872858e-07
2026-10-07 12:56:30,2,12,56,9.8619,2.0,2.0,0.014663,2.149964e-07
2026-10-07 12:57:00,2,12,57,13.1753,3.0,3.0,0.01564,2.446181e-07
2026-10-07 12:57:30,2,12,57,1.9242,5.0,5.0,0.0,0.0
2026-10-07 12:58:00,2,12,58,3.1503,5.0,5.0,0.181818,3.3e-05
2026-10-07 12:58:30,2,12,58,15.4865,3.0,3.0,0.349951,0.000122
2026-10-07 12:59:00,2,12,59,2.8361,2.0,2.0,0.061584,3.792537e-06
2026-10-07 12:59:30,2,12,59,2.9072,1.0,1.0,0.013685,1.872858e-07
2026-10-07 13:00:00,2,13,0,19.9333,2.0,2.0,0.014663,2.149964e-07
2026-10-07 13:00:30,2,13,0,7.9585,3.0,3.0,0.16911,2.9e-05
2026-10-07 13:01:00,2,13,1,2.877,2.0,2.0,0.013685,1.872858e-07
2026-10-07 13:01:30,2,13,1,8.602,4.0,4.0,0.000978,9.555396e-10
2026-10-07 13:02:00,2,13,2,2.7353,2.0,2.0,0.013685,1.872858e-07
2026-10-07 13:02:30,2,13,2,24.1326,2.0,2.0,0.013685,1.872858e-07
2026-10-07 13:03:00,2,13,3,13.2173,3.0,3.0,0.016618,2.76151e-07
2026-10-07 13:03:30,2,13,3,16.1821,2.0,2.0,0.096774,9.365243e-06
2026-10-07 13:04:00,2,13,4,1.7464,3.0,3.0,0.013685,1.872858e-07
2026-10-07 13:04:30,2,13,4,13.5713,3.0,3.0,0.013685,1.872858e-07
2026-10-07 13:05:00,2,13,5,1.745,3.0,3.0,0.014663,2.149964e-07
2026-10-07 13:05:30,2,13,5,13.9392,3.0,3.0,0.593353,0.000352
2026-10-07 13:06:00,2,13,6,8.4279,4.0,4.0,0.014663,2.149964e-07
2026-10-07 13:06:30,2,13,6,11.392,3.0,3.0,0.030303,9.182737e-07
2026-10-07 13:07:00,2,13,7,13.5812,3.0,3.0,0.236559,5.6e-05
2026-10-07 13:07:30,2,13,7,46.4662,2.0,2.0,0.014663,2.149964e-07
2026-10-07 13:08:00,2,13,8,1.5173,3.0,3.0,0.317693,0.000101
2026-10-07 13:08:30,2,13,8,6.6118,2.0,2.0,0.181818,3.3e-05
2026-10-07 13:09:00,2,13,9,5.119,1.0,1.0,0.080156,6.425048e-06
2026-10-07 13:09:30,2,13,9,11.2365,2.0,2.0,0.013685,1.872858e-07
2026-10-07 13:10:00,2,13,10,35.2564,2.0,2.0,0.051808,2.684111e-06
2026-10-07 13:10:30,2,13,10,7.4875,5.0,5.0,0.013685,1.872858e-07
2026-10-07 13:11:00,2,13,11,12.1467,2.0,2.0,0.013685,1.872858e-07
2026-10-07 13:11:30,2,13,11,3.2566,2.0,2.0,0.146628,2.1e-05
2026-10-07 13:12:00,2,13,12,2.2537,3.0,3.0,0.013685,1.872858e-07
2026-10-07 13:12:30,2,13,12,2.1703,3.0,3.0,0.0,0.0
2026-10-07 13:13:00,2,13,13,7.1094,3.0,3.0,0.067449,4.549325e-06
2026-10-07 13:13:30,2,13,13,4.5231,2.0,2.0,0.01173,1.375977e-07
2026-10-07 13:14:00,2,13,14,23.9717,3.0,3.0,0.013685,1.872858e-07
2026-10-07 13:14:30,2,13,14,4.5231,2.0,2.0,0.013685,1.872858e-07
2026-10-07 13:15:00,2,13,15,16.2809,4.0,4.0,0.000978,9.555396e-10
2026-10-07 13:15:30,2,13,15,11.392,3.0,3.0,0.070381,4.953518e-06
2026-10-07 13:16:00,2,13,16,30.8126,2.0,2.0,0.013685,1.872858e-07
2026-10-07 13:16:30,2,13,16,8.5776,2.0,2.0,0.013685,1.872858e-07
2026-10-07 13:17:00,2,13,17,7.6683,2.0,2.0,0.013685,1.872858e-07
2026-10-07 13:17:30,2,13,17,9.9109,3.0,3.0,0.093842,8.806253e-06
2026-10-07 13:18:00,2,13,18,12.4173,3.0,3.0,0.051808,2.684111e-06
2026-10-07 13:18:30,2,13,18,1.6922,2.0,2.0,0.013685,1.872858e-07
2026-10-07 13:19:00,2,13,19,12.6542,4.0,4.0,0.044966,2.021922e-06
2026-10-07 13:19:30,2,13,19,8.1988,2.0,2.0,0.29521,8.7e-05
2026-10-07 13:20:00,2,13,20,2.2537,3.0,3.0,0.014663,2.149964e-07
2026-10-07 13:20:30,2,13,20,13.2573,4.0,4.0,0.0,0.0
2026-10-07 13:21:00,2,13,21,7.9065,3.0,3.0,0.14174,2e-05
2026-10-07 13:21:30,2,13,21,4.7169,2.0,2.0,0.236559,5.6e-05
2026-10-07 13:22:00,2,13,22,6.9928,2.0,2.0,0.013685,1.872858e-07
2026-10-07 13:22:30,2,13,22,5.3207,3.0,3.0,0.0,0.0
2026-10-07 13:23:00,2,13,23,11.392,3.0,3.0,0.206256,4.3e-05
2026-10-07 13:23:30,2,13,23,12.3781,3.0,3.0,0.070381,4.953518e-06
2026-10-07 13:24:00,2,13,24,13.924,3.0,3.0,0.014663,2.149964e-07
2026-10-07 13:24:30,2,13,24,19.3456,2.0,2.0,0.391984,0.000154
2026-10-07 13:25:00,2,13,25,1.5173,3.0,3.0,0.012708,1.614862e-07
2026-10-07 13:25:30,2,13,25,15.3178,2.0,2.0,0.013685,1.872858e-07
2026-10-07 13:26:00,2,13,26,16.4179,3.0,3.0,0.067449,4.549325e-06
2026-10-07 13:26:30,2,13,26,2.0386,3.0,3.0,0.127077,1.6e-05
2026-10-07 13:27:00,2,13,27,11.3039,2.0,2.0,0.013685,1.872858e-07
2026-10-07 13:27:30,2,13,27,5.3207,3.0,3.0,0.013685,1.872858e-07
2026-10-07 13:28:00,2,13,28,4.7597,3.0,3.0,0.012708,1.614862e-07
2026-10-07 13:28:30,2,13,28,11.3039,2.0,2.0,0.013685,1.872858e-07
2026-10-07 13:29:00,2,13,29,9.8316,4.0,4.0,0.418377,0.000175
2026-10-07 13:29:30,2,13,29,5.7815,3.0,3.0,0.0,0.0
2026-10-07 13:30:00,2,13,30,3.6232,3.0,3.0,0.013685,1.872858e-07
2026-10-07 13:30:30,2,13,30,63.5098,4.0,4.0,0.013685,1.872858e-07
2026-10-07 13:31:00,2,13,31,2.877,2.0,2.0,0.013685,1.872858e-07
2026-10-07 13:31:30,2,13,31,36.0461,1.0,1.0,0.013685,1.872858e-07
2026-10-07 13:32:00,2,13,32,18.7861,4.0,4.0,0.281525,7.9e-05
2026-10-07 13:32:30,2,13,32,6.5266,3.0,3.0,0.013685,1.872858e-07
2026-10-07 13:33:00,2,13,33,5.0969,1.0,1.0,0.014663,2.149964e-07
2026-10-07 13:33:30,2,13,33,10.1236,3.0,3.0,0.014663,2.149964e-07
2026-10-07 13:34:00,2,13,34,5.1724,2.0,2.0,0.013685,1.872858e-07
2026-10-07 13:34:30,2,13,34,8.2695,2.0,2.0,0.082111,6.742288e-06
2026-10-07 13:35:00,2,13,35,11.8107,3.0,3.0,0.013685,1.872858e-07
2026-10-07 13:35:30,2,13,35,11.1315,3.0,3.0,0.013685,1.872858e-07
2026-10-07 13:36:00,2,13,36,11.0198,3.0,3.0,0.02346,5.503908e-07
2026-10-07 13:36:30,2,13,36,1.5469,3.0,3.0,0.402737,0.000162
2026-10-07 13:37:00,2,13,37,18.0109,5.0,5.0,0.012708,1.614862e-07
2026-10-07 13:37:30,2,13,37,5.153,3.0,3.0,0.068426,4.682145e-06
2026-10-07 13:38:00,2,13,38,3.861,3.0,3.0,0.084066,7.067172e-06
2026-10-07 13:38:30,2,13,38,26.8869,2.0,2.0,0.014663,2.149964e-07
2026-10-07 13:39:00,2,13,39,17.6369,3.0,3.0,0.013685,1.872858e-07
2026-10-07 13:39:30,2,13,39,8.4199,3.0,3.0,0.013685,1.872858e-07
2026-10-07 13:40:00,2,13,40,17.6956,4.0,4.0,0.012708,1.614862e-07
2026-10-07 13:40:30,2,13,40,6.6068,1.0,1.0,0.013685,1.872858e-07
2026-10-07 13:41:00,2,13,41,6.0478,4.0,4.0,0.01564,2.446181e-07
2026-10-07 13:41:30,2,13,41,5.5321,2.0,2.0,0.000978,9.555396e-10
2026-10-07 13:42:00,2,13,42,1.7583,4.0,4.0,0.148583,2.2e-05
2026-10-07 13:42:30,2,13,42,10.2855,3.0,3.0,0.000978,9.555396e-10
2026-10-07 13:43:00,2,13,43,1.9078,5.0,5.0,0.013685,1.872858e-07
2026-10-07 13:43:30,2,13,43,13.2636,3.0,3.0,0.013685,1.872858e-07
2026-10-07 13:44:00,2,13,44,8.8859,3.0,3.0,0.226784,5.1e-05
2026-10-07 13:44:30,2,13,44,15.8641,4.0,4.0,0.012708,1.614862e-07
2026-10-07 13:45:00,2,13,45,10.767,2.0,2.0,0.013685,1.872858e-07
2026-10-07 13:45:30,2,13,45,1.9008,4.0,4.0,0.013685,1.872858e-07
2026-10-07 13:46:00,2,13,46,4.0274,2.0,2.0,0.013685,1.872858e-07
2026-10-07 13:46:30,2,13,46,24.8313,1.0,1.0,0.013685,1.872858e-07
2026-10-07 13:47:00,2,13,47,20.0244,3.0,3.0,0.098729,9.747461e-06
2026-10-07 13:47:30,2,13,47,2.8361,2.0,2.0,0.013685,1.872858e-07
2026-10-07 13:48:00,2,13,48,8.602,4.0,4.0,0.171065,2.9e-05
2026-10-07 13:48:30,2,13,48,13.1753,3.0,3.0,0.013685,1.872858e-07
2026-10-07 13:49:00,2,13,49,8.602,4.0,4.0,0.016618,2.76151e-07
2026-10-07 13:49:30,2,13,49,12.1602,4.0,4.0,0.013685,1.872858e-07
2026-10-07 13:50:00,2,13,50,1.7374,3.0,3.0,0.01564,2.446181e-07
2026-10-07 13:50:30,2,13,50,1.7464,3.0,3.0,0.01564,2.446181e-07
2026-10-07 13:51:00,2,13,51,12.2792,4.0,4.0,0.016618,2.76151e-07
2026-10-07 13:51:30,2,13,51,9.8316,4.0,4.0,0.013685,1.872858e-07
2026-10-07 13:52:00,2,13,52,7.4709,2.0,2.0,0.0,0.0
2026-10-07 13:52:30,2,13,52,12.3407,2.0,2.0,0.01173,1.375977e-07
2026-10-07 13:53:00,2,13,53,12.7346,3.0,3.0,0.0,0.0
2026-10-07 13:53:30,2,13,53,14.2473,3.0,3.0,0.086022,7.399699e-06
2026-10-07 13:54:00,2,13,54,36.0461,1.0,1.0,0.127077,1.6e-05
2026-10-07 13:54:30,2,13,54,18.2893,4.0,4.0,0.080156,6.425048e-06
2026-10-07 13:55:00,2,13,55,14.5312,3.0,3.0,0.075269,5.665395e-06
2026-10-07 13:55:30,2,13,55,7.9073,4.0,4.0,0.29521,8.7e-05
2026-10-07 13:56:00,2,13,56,34.1251,2.0,2.0,0.15738,2.5e-05
2026-10-07 13:56:30,2,13,56,6.2468,4.0,4.0,0.013685,1.872858e-07
2026-10-07 13:57:00,2,13,57,7.0863,1.0,1.0,0.013685,1.872858e-07
2026-10-07 13:57:30,2,13,57,1.7374,3.0,3.0,0.013685,1.872858e-07
2026-10-07 13:58:00,2,13,58,9.9574,3.0,3.0,0.476051,0.000227
2026-10-07 13:58:30,2,13,58,63.5098,4.0,4.0,0.103617,1.1e-05
2026-10-07 13:59:00,2,13,59,12.1467,2.0,2.0,0.016618,2.76151e-07
2026-10-07 13:59:30,2,13,59,6.9582,5.0,5.0,0.004888,2.388849e-08
2026-10-07 14:00:00,2,14,0,1.4614,5.0,5.0,0.332356,0.00011
2026-10-07 14:00:30,2,14,0,0.6679,2.0,2.0,0.185728,3.4e-05
2026-10-07 14:01:00,2,14,1,1.8805,5.0,5.0,0.312805,9.8e-05
2026-10-07 14:01:30,2,14,1,1.2593,4.0,4.0,0.115347,1.3e-05
2026-10-07 14:02:00,2,14,2,10.3354,4.0,4.0,0.420332,0.000177
2026-10-07 14:02:30,2,14,2,8.1221,3.0,3.0,0.087977,7.739871e-06
2026-10-07 14:03:00,2,14,3,12.3439,4.0,4.0,0.308895,9.5e-05
2026-10-07 14:03:30,2,14,3,85.6694,4.0,4.0,0.058651,3.439943e-06
2026-10-07 14:04:00,2,14,4,3.5703,4.0,4.0,0.113392,1.3e-05
2026-10-07 14:04:30,2,14,4,18.1358,5.0,5.0,0.13783,1.9e-05
2026-10-07 14:05:00,2,14,5,1.245,4.0,4.0,0.422287,0.000178
2026-10-07 14:05:30,2,14,5,1.3055,3.0,3.0,0.080156,6.425048e-06
2026-10-07 14:06:00,2,14,6,5.105,3.0,3.0,0.100684,1e-05
2026-10-07 14:06:30,2,14,6,0.9835,3.0,3.0,0.213099,4.5e-05
2026-10-07 14:07:00,2,14,7,1.5466,4.0,4.0,0.073314,5.37491e-06
2026-10-07 14:07:30,2,14,7,19.6494,5.0,5.0,0.558162,0.000312
2026-10-07 14:08:00,2,14,8,2.5954,5.0,5.0,0.071359,5.092071e-06
2026-10-07 14:08:30,2,14,8,21.2312,5.0,5.0,0.134897,1.8e-05
2026-10-07 14:09:00,2,14,9,0.96,4.0,4.0,0.266862,7.1e-05
2026-10-07 14:09:30,2,14,9,2.0258,6.0,6.0,0.106549,1.1e-05
2026-10-07 14:10:00,2,14,10,2.7582,5.0,5.0,0.358749,0.000129
2026-10-07 14:10:30,2,14,10,4.8148,7.0,7.0,0.044966,2.021922e-06
2026-10-07 14:11:00,2,14,11,1.7996,5.0,5.0,0.127077,1.6e-05
2026-10-07 14:11:30,2,14,11,3.2348,5.0,5.0,0.076246,5.813504e-06
2026-10-07 14:12:00,2,14,12,2.8648,4.0,4.0,0.248289,6.2e-05
2026-10-07 14:12:30,2,14,12,7.9895,6.0,6.0,0.076246,5.813504e-06
2026-10-07 14:13:00,2,14,13,1.8474,3.0,3.0,0.14174,2e-05
2026-10-07 14:13:30,2,14,13,3.8562,4.0,4.0,0.061584,3.792537e-06
2026-10-07 14:14:00,2,14,14,3.7724,4.0,4.0,0.127077,1.6e-05
2026-10-07 14:14:30,2,14,14,4.4622,4.0,4.0,0.181818,3.3e-05
2026-10-07 14:15:00,2,14,15,18.3007,4.0,4.0,0.064516,4.162331e-06
2026-10-07 14:15:30,2,14,15,0.8808,4.0,4.0,0.16911,2.9e-05
2026-10-07 14:16:00,2,14,16,4.0831,1.0,1.0,0.013685,1.872858e-07
2026-10-07 14:16:30,2,14,16,7.5234,3.0,3.0,0.012708,1.614862e-07
2026-10-07 14:17:00,2,14,17,19.9333,2.0,2.0,0.013685,1.872858e-07
2026-10-07 14:17:30,2,14,17,3.1503,5.0,5.0,0.013685,1.872858e-07
2026-10-07 14:18:00,2,14,18,5.3407,1.0,1.0,0.002933,8.599857e-09
2026-10-07 14:18:30,2,14,18,12.7048,3.0,3.0,0.013685,1.872858e-07
2026-10-07 14:19:00,2,14,19,1.2616,3.0,3.0,0.082111,6.742288e-06
2026-10-07 14:19:30,2,14,19,9.3957,4.0,4.0,0.013685,1.872858e-07
2026-10-07 14:20:00,2,14,20,9.9055,2.0,2.0,0.013685,1.872858e-07
2026-10-07 14:20:30,2,14,20,11.5731,3.0,3.0,0.016618,2.76151e-07
2026-10-07 14:21:00,2,14,21,12.6649,3.0,3.0,0.013685,1.872858e-07
2026-10-07 14:21:30,2,14,21,11.2365,2.0,2.0,0.184751,3.4e-05
2026-10-07 14:22:00,2,14,22,1.5116,4.0,4.0,0.013685,1.872858e-07
2026-10-07 14:22:30,2,14,22,12.7376,2.0,2.0,0.061584,3.792537e-06
2026-10-07 14:23:00,2,14,23,1.5173,3.0,3.0,0.078201,6.115454e-06
2026-10-07 14:23:30,2,14,23,2.1681,4.0,4.0,0.252199,6.4e-05
2026-10-07 14:24:00,2,14,24,6.3298,2.0,2.0,0.013685,1.872858e-07
2026-10-07 14:24:30,2,14,24,20.0409,3.0,3.0,0.0,0.0
2026-10-07 14:25:00,2,14,25,14.3573,2.0,2.0,0.002933,8.599857e-09
2026-10-07 14:25:30,2,14,25,5.0969,1.0,1.0,0.345064,0.000119
2026-10-07 14:26:00,2,14,26,5.3853,1.0,1.0,0.0,0.0
2026-10-07 14:26:30,2,14,26,5.3718,1.0,1.0,0.236559,5.6e-05
2026-10-07 14:27:00,2,14,27,4.7222,4.0,4.0,0.196481,3.9e-05
2026-10-07 14:27:30,2,14,27,2.9072,1.0,1.0,0.0,0.0
2026-10-07 14:28:00,2,14,28,5.153,3.0,3.0,0.004888,2.388849e-08
2026-10-07 14:28:30,2,14,28,12.7346,3.0,3.0,0.013685,1.872858e-07
2026-10-07 14:29:00,2,14,29,4.4928,4.0,4.0,0.013685,1.872858e-07
2026-10-07 14:29:30,2,14,29,12.3781,3.0,3.0,0.013685,1.872858e-07
2026-10-07 14:30:00,2,14,30,11.877,3.0,3.0,0.013685,1.872858e-07
2026-10-07 14:30:30,2,14,30,11.5217,2.0,2.0,0.013685,1.872858e-07
2026-10-07 14:31:00,2,14,31,5.7513,2.0,2.0,0.013685,1.872858e-07
2026-10-07 14:31:30,2,14,31,11.5932,2.0,2.0,0.014663,2.149964e-07
2026-10-07 14:32:00,2,14,32,5.6118,2.0,2.0,0.013685,1.872858e-07
2026-10-07 14:32:30,2,14,32,18.1129,3.0,3.0,0.018573,3.449499e-07
2026-10-07 14:33:00,2,14,33,11.0688,3.0,3.0,0.0,0.0
2026-10-07 14:33:30,2,14,33,10.2855,3.0,3.0,0.101662,1e-05
2026-10-07 14:34:00,2,14,34,32.56,2.0,2.0,0.016618,2.76151e-07
2026-10-07 14:34:30,2,14,34,11.7723,2.0,2.0,0.051808,2.684111e-06
2026-10-07 14:35:00,2,14,35,6.5891,3.0,3.0,0.004888,2.388849e-08
2026-10-07 14:35:30,2,14,35,14.2473,3.0,3.0,0.01564,2.446181e-07
2026-10-07 14:36:00,2,14,36,11.8107,3.0,3.0,0.006843,4.682144e-08
2026-10-07 14:36:30,2,14,36,33.1375,3.0,3.0,0.035191,1.238379e-06
2026-10-07 14:37:00,2,14,37,11.7929,2.0,2.0,0.084066,7.067172e-06
2026-10-07 14:37:30,2,14,37,8.3392,4.0,4.0,0.000978,9.555396e-10
2026-10-07 14:38:00,2,14,38,2.714,3.0,3.0,0.013685,1.872858e-07
2026-10-07 14:38:30,2,14,38,4.2808,4.0,4.0,0.066471,4.418416e-06
2026-10-07 14:39:00,2,14,39,2.9072,1.0,1.0,0.014663,2.149964e-07
2026-10-07 14:39:30,2,14,39,1.1754,2.0,2.0,0.038123,1.453376e-06
2026-10-07 14:40:00,2,14,40,9.4948,4.0,4.0,0.013685,1.872858e-07
2026-10-07 14:40:30,2,14,40,10.1247,2.0,2.0,0.253177,6.4e-05
2026-10-07 14:41:00,2,14,41,24.1142,4.0,4.0,0.013685,1.872858e-07
2026-10-07 14:41:30,2,14,41,11.3039,2.0,2.0,0.013685,1.872858e-07
2026-10-07 14:42:00,2,14,42,2.1545,2.0,2.0,0.014663,2.149964e-07
2026-10-07 14:42:30,2,14,42,22.1346,2.0,2.0,0.013685,1.872858e-07
2026-10-07 14:43:00,2,14,43,8.2695,2.0,2.0,0.068426,4.682145e-06
2026-10-07 14:43:30,2,14,43,17.9777,4.0,4.0,0.013685,1.872858e-07
2026-10-07 14:44:00,2,14,44,11.3069,2.0,2.0,0.006843,4.682144e-08
2026-10-07 14:44:30,2,14,44,7.2938,4.0,4.0,0.312805,9.8e-05
2026-10-07 14:45:00,2,14,45,5.153,3.0,3.0,0.420332,0.000177
2026-10-07 14:45:30,2,14,45,2.6554,3.0,3.0,0.098729,9.747461e-06
2026-10-07 14:46:00,2,14,46,9.5153,3.0,3.0,0.226784,5.1e-05
2026-10-07 14:46:30,2,14,46,7.6683,2.0,2.0,0.013685,1.872858e-07
2026-10-07 14:47:00,2,14,47,17.6369,3.0,3.0,0.075269,5.665395e-06
2026-10-07 14:47:30,2,14,47,7.4875,5.0,5.0,0.0,0.0
2026-10-07 14:48:00,2,14,48,6.3406,3.0,3.0,0.0,0.0
2026-10-07 14:48:30,2,14,48,8.6585,2.0,2.0,0.013685,1.872858e-07
2026-10-07 14:49:00,2,14,49,1.9008,4.0,4.0,0.013685,1.872858e-07
2026-10-07 14:49:30,2,14,49,9.8619,2.0,2.0,0.013685,1.872858e-07
2026-10-07 14:50:00,2,14,50,9.5153,3.0,3.0,0.014663,2.149964e-07
2026-10-07 14:50:30,2,14,50,2.9696,0.0,0.0,0.101662,1e-05
2026-10-07 14:51:00,2,14,51,9.8316,4.0,4.0,0.391984,0.000154
2026-10-07 14:51:30,2,14,51,1.4885,5.0,5.0,0.0,0.0
2026-10-07 14:52:00,2,14,52,10.5602,5.0,5.0,0.013685,1.872858e-07
2026-10-07 14:52:30,2,14,52,2.5131,1.0,1.0,0.013685,1.872858e-07
2026-10-07 14:53:00,2,14,53,10.1337,2.0,2.0,0.085044,7.23248e-06
2026-10-07 14:53:30,2,14,53,10.3546,3.0,3.0,0.013685,1.872858e-07
2026-10-07 14:54:00,2,14,54,2.0243,4.0,4.0,0.0,0.0
2026-10-07 14:54:30,2,14,54,11.3069,2.0,2.0,0.0,0.0
2026-10-07 14:55:00,2,14,55,5.7815,3.0,3.0,0.013685,1.872858e-07
2026-10-07 14:55:30,2,14,55,9.3303,4.0,4.0,0.090909,8.264464e-06
2026-10-07 14:56:00,2,14,56,10.2811,2.0,2.0,0.013685,1.872858e-07
2026-10-07 14:56:30,2,14,56,6.6946,2.0,2.0,0.095797,9.177003e-06
2026-10-07 14:57:00,2,14,57,14.2473,3.0,3.0,0.013685,1.872858e-07
2026-10-07 14:57:30,2,14,57,6.4049,2.0,2.0,0.013685,1.872858e-07
2026-10-07 14:58:00,2,14,58,7.6219,4.0,4.0,0.013685,1.872858e-07
2026-10-07 14:58:30,2,14,58,65.5896,2.0,2.0,0.0,0.0
2026-10-07 14:59:00,2,14,59,1.5757,2.0,2.0,0.063539,4.037155e-06
2026-10-07 14:59:30,2,14,59,13.0649,5.0,5.0,0.013685,1.872858e-07
2026-10-07 15:00:00,2,15,0,4.2808,4.0,4.0,0.013685,1.872858e-07
2026-10-07 15:00:30,2,15,0,3.6787,1.0,1.0,0.013685,1.872858e-07
2026-10-07 15:01:00,2,15,1,9.3957,4.0,4.0,0.021505,4.624812e-07
2026-10-07 15:01:30,2,15,1,9.9109,3.0,3.0,0.013685,1.872858e-07
2026-10-07 15:02:00,2,15,2,4.0274,2.0,2.0,0.005865,3.439943e-08
2026-10-07 15:02:30,2,15,2,15.4508,2.0,2.0,0.146628,2.1e-05
2026-10-07 15:03:00,2,15,3,30.9904,2.0,2.0,0.020528,4.21393e-07
2026-10-07 15:03:30,2,15,3,13.1109,2.0,2.0,0.013685,1.872858e-07
2026-10-07 15:04:00,2,15,4,3.2566,2.0,2.0,0.013685,1.872858e-07
2026-10-07 15:04:30,2,15,4,5.6602,3.0,3.0,0.013685,1.872858e-07
2026-10-07 15:05:00,2,15,5,26.4596,2.0,2.0,0.013685,1.872858e-07
2026-10-07 15:05:30,2,15,5,0.9324,3.0,3.0,0.013685,1.872858e-07
2026-10-07 15:06:00,2,15,6,36.3411,2.0,2.0,0.013685,1.872858e-07
2026-10-07 15:06:30,2,15,6,12.7182,3.0,3.0,0.013685,1.872858e-07
2026-10-07 15:07:00,2,15,7,13.1753,3.0,3.0,0.0,0.0
2026-10-07 15:07:30,2,15,7,10.1337,2.0,2.0,0.0,0.0
2026-10-07 15:08:00,2,15,8,10.2811,2.0,2.0,0.013685,1.872858e-07
2026-10-07 15:08:30,2,15,8,1.5789,5.0,5.0,0.187683,3.5e-05
2026-10-07 15:09:00,2,15,9,1.932,2.0,2.0,0.013685,1.872858e-07
2026-10-07 15:09:30,2,15,9,8.602,4.0,4.0,0.013685,1.872858e-07
2026-10-07 15:10:00,2,15,10,6.2468,4.0,4.0,0.082111,6.742288e-06
2026-10-07 15:10:30,2,15,10,8.5776,2.0,2.0,0.068426,4.682145e-06
2026-10-07 15:11:00,2,15,11,4.8737,1.0,1.0,0.29521,8.7e-05
2026-10-07 15:11:30,2,15,11,7.4875,5.0,5.0,0.321603,0.000103
2026-10-07 15:12:00,2,15,12,31.6089,3.0,3.0,0.000978,9.555396e-10
2026-10-07 15:12:30,2,15,12,9.1658,3.0,3.0,0.359726,0.000129
2026-10-07 15:13:00,2,15,13,1.5116,4.0,4.0,0.0,0.0
2026-10-07 15:13:30,2,15,13,11.0688,3.0,3.0,0.013685,1.872858e-07
2026-10-07 15:14:00,2,15,14,1.2616,3.0,3.0,0.196481,3.9e-05
2026-10-07 15:14:30,2,15,14,5.6385,3.0,3.0,0.013685,1.872858e-07
2026-10-07 15:15:00,2,15,15,5.6807,3.0,3.0,0.112414,1.3e-05
2026-10-07 15:15:30,2,15,15,8.3729,2.0,2.0,0.013685,1.872858e-07
2026-10-07 15:16:00,2,15,16,5.3718,1.0,1.0,0.013685,1.872858e-07
2026-10-07 15:16:30,2,15,16,5.0969,1.0,1.0,0.0,0.0
2026-10-07 15:17:00,2,15,17,4.8564,3.0,3.0,0.013685,1.872858e-07
2026-10-07 15:17:30,2,15,17,4.7169,2.0,2.0,0.016618,2.76151e-07
2026-10-07 15:18:00,2,15,18,13.5812,3.0,3.0,0.013685,1.872858e-07
2026-10-07 15:18:30,2,15,18,41.0188,2.0,2.0,0.014663,2.149964e-07
2026-10-07 15:19:00,2,15,19,13.924,3.0,3.0,0.013685,1.872858e-07
2026-10-07 15:19:30,2,15,19,1.3252,4.0,4.0,0.077224,5.963523e-06
2026-10-07 15:20:00,2,15,20,14.1137,4.0,4.0,0.013685,1.872858e-07
2026-10-07 15:20:30,2,15,20,7.0717,4.0,4.0,0.028348,8.036089e-07
2026-10-07 15:21:00,2,15,21,8.8249,3.0,3.0,0.013685,1.872858e-07
2026-10-07 15:21:30,2,15,21,59.5625,3.0,3.0,0.14174,2e-05
2026-10-07 15:22:00,2,15,22,12.516,3.0,3.0,0.013685,1.872858e-07
2026-10-07 15:22:30,2,15,22,9.173,4.0,4.0,0.013685,1.872858e-07
2026-10-07 15:23:00,2,15,23,8.1988,2.0,2.0,0.016618,2.76151e-07
2026-10-07 15:23:30,2,15,23,3.4555,2.0,2.0,0.014663,2.149964e-07
2026-10-07 15:24:00,2,15,24,11.2648,4.0,4.0,0.013685,1.872858e-07
2026-10-07 15:24:30,2,15,24,67.3308,1.0,1.0,0.0,0.0
2026-10-07 15:25:00,2,15,25,14.5312,3.0,3.0,0.013685,1.872858e-07
2026-10-07 15:25:30,2,15,25,11.7929,2.0,2.0,0.013685,1.872858e-07
2026-10-07 15:26:00,2,15,26,14.8435,3.0,3.0,0.012708,1.614862e-07
2026-10-07 15:26:30,2,15,26,4.7169,2.0,2.0,0.018573,3.449499e-07
2026-10-07 15:27:00,2,15,27,21.4428,4.0,4.0,0.014663,2.149964e-07
2026-10-07 15:27:30,2,15,27,2.0386,3.0,3.0,0.0,0.0
2026-10-07 15:28:00,2,15,28,11.392,3.0,3.0,0.226784,5.1e-05
2026-10-07 15:28:30,2,15,28,0.9324,3.0,3.0,0.009775,9.555396e-08
2026-10-07 15:29:00,2,15,29,9.5309,1.0,1.0,0.014663,2.149964e-07
2026-10-07 15:29:30,2,15,29,6.9582,5.0,5.0,0.013685,1.872858e-07
2026-10-07 15:30:00,2,15,30,4.7067,3.0,3.0,0.013685,1.872858e-07
2026-10-07 15:30:30,2,15,30,2.6554,3.0,3.0,0.013685,1.872858e-07
2026-10-07 15:31:00,2,15,31,13.3918,2.0,2.0,0.013685,1.872858e-07
2026-10-07 15:31:30,2,15,31,12.4415,3.0,3.0,0.058651,3.439943e-06
2026-10-07 15:32:00,2,15,32,10.2811,2.0,2.0,0.012708,1.614862e-07
2026-10-07 15:32:30,2,15,32,32.7927,2.0,2.0,0.013685,1.872858e-07
2026-10-07 15:33:00,2,15,33,9.8316,4.0,4.0,0.0,0.0
2026-10-07 15:33:30,2,15,33,1.6341,2.0,2.0,0.013685,1.872858e-07
2026-10-07 15:34:00,2,15,34,2.7209,3.0,3.0,0.013685,1.872858e-07
2026-10-07 15:34:30,2,15,34,2.2537,3.0,3.0,0.012708,1.614862e-07
2026-10-07 15:35:00,2,15,35,20.0244,3.0,3.0,0.013685,1.872858e-07
2026-10-07 15:35:30,2,15,35,3.2566,2.0,2.0,0.01564,2.446181e-07
2026-10-07 15:36:00,2,15,36,23.9717,3.0,3.0,0.167155,2.8e-05
2026-10-07 15:36:30,2,15,36,9.8619,2.0,2.0,0.017595,3.095949e-07
2026-10-07 15:37:00,2,15,37,1.9078,5.0,5.0,0.021505,4.624812e-07
2026-10-07 15:37:30,2,15,37,1.7374,3.0,3.0,0.0,0.0
2026-10-07 15:38:00,2,15,38,32.56,2.0,2.0,0.013685,1.872858e-07
2026-10-07 15:38:30,2,15,38,16.1821,2.0,2.0,0.013685,1.872858e-07
2026-10-07 15:39:00,2,15,39,1.8394,3.0,3.0,0.470186,0.000221
2026-10-07 15:39:30,2,15,39,13.9392,3.0,3.0,0.013685,1.872858e-07
2026-10-07 15:40:00,2,15,40,67.8325,1.0,1.0,0.0,0.0
2026-10-07 15:40:30,2,15,40,15.0411,2.0,2.0,0.013685,1.872858e-07
2026-10-07 15:41:00,2,15,41,9.3303,4.0,4.0,0.013685,1.872858e-07
2026-10-07 15:41:30,2,15,41,9.7811,5.0,5.0,0.090909,8.264464e-06
2026-10-07 15:42:00,2,15,42,0.9513,2.0,2.0,0.112414,1.3e-05
2026-10-07 15:42:30,2,15,42,24.1326,2.0,2.0,0.013685,1.872858e-07
2026-10-07 15:43:00,2,15,43,3.7144,3.0,3.0,0.013685,1.872858e-07
2026-10-07 15:43:30,2,15,43,1.7464,3.0,3.0,0.27566,7.6e-05
2026-10-07 15:44:00,2,15,44,10.4539,2.0,2.0,0.014663,2.149964e-07
2026-10-07 15:44:30,2,15,44,15.4865,3.0,3.0,0.358749,0.000129
2026-10-07 15:45:00,2,15,45,18.0109,5.0,5.0,0.108504,1.2e-05
2026-10-07 15:45:30,2,15,45,1.2616,3.0,3.0,0.013685,1.872858e-07
2026-10-07 15:46:00,2,15,46,10.0748,4.0,4.0,0.013685,1.872858e-07
2026-10-07 15:46:30,2,15,46,13.924,3.0,3.0,0.014663,2.149964e-07
2026-10-07 15:47:00,2,15,47,37.9702,3.0,3.0,0.455523,0.000208
2026-10-07 15:47:30,2,15,47,21.6228,4.0,4.0,0.005865,3.439943e-08
2026-10-07 15:48:00,2,15,48,13.4081,3.0,3.0,0.317693,0.000101
2026-10-07 15:48:30,2,15,48,1.2616,3.0,3.0,0.013685,1.872858e-07
2026-10-07 15:49:00,2,15,49,13.0649,5.0,5.0,0.101662,1e-05
2026-10-07 15:49:30,2,15,49,14.122,4.0,4.0,0.095797,9.177003e-06
2026-10-07 15:50:00,2,15,50,13.1753,3.0,3.0,0.013685,1.872858e-07
2026-10-07 15:50:30,2,15,50,12.6128,3.0,3.0,0.013685,1.872858e-07
2026-10-07 15:51:00,2,15,51,32.0471,2.0,2.0,0.391984,0.000154
2026-10-07 15:51:30,2,15,51,5.119,1.0,1.0,0.013685,1.872858e-07
2026-10-07 15:52:00,2,15,52,1.747,2.0,2.0,0.016618,2.76151e-07
2026-10-07 15:52:30,2,15,52,1.5789,5.0,5.0,0.013685,1.872858e-07
2026-10-07 15:53:00,2,15,53,12.6649,3.0,3.0,0.013685,1.872858e-07
2026-10-07 15:53:30,2,15,53,2.877,2.0,2.0,0.013685,1.872858e-07
2026-10-07 15:54:00,2,15,54,1.5469,3.0,3.0,0.087977,7.739871e-06
2026-10-07 15:54:30,2,15,54,24.8313,1.0,1.0,0.218964,4.8e-05
2026-10-07 15:55:00,2,15,55,6.2765,4.0,4.0,0.017595,3.095949e-07
2026-10-07 15:55:30,2,15,55,35.2564,2.0,2.0,0.013685,1.872858e-07
2026-10-07 15:56:00,2,15,56,13.3918,2.0,2.0,0.013685,1.872858e-07
2026-10-07 15:56:30,2,15,56,6.5266,3.0,3.0,0.013685,1.872858e-07
2026-10-07 15:57:00,2,15,57,6.1406,3.0,3.0,0.013685,1.872858e-07
2026-10-07 15:57:30,2,15,57,8.4218,3.0,3.0,0.012708,1.614862e-07
2026-10-07 15:58:00,2,15,58,20.0409,3.0,3.0,0.012708,1.614862e-07
2026-10-07 15:58:30,2,15,58,2.714,3.0,3.0,0.013685,1.872858e-07
2026-10-07 15:59:00,2,15,59,17.853,4.0,4.0,0.013685,1.872858e-07
2026-10-07 15:59:30,2,15,59,7.648,2.0,2.0,0.013685,1.872858e-07
2026-10-07 16:00:00,2,16,0,6.9928,2.0,2.0,0.013685,1.872858e-07
2026-10-07 16:00:30,2,16,0,6.3298,2.0,2.0,0.013685,1.872858e-07
2026-10-07 16:01:00,2,16,1,13.9392,3.0,3.0,0.0,0.0
2026-10-07 16:01:30,2,16,1,33.1375,3.0,3.0,0.013685,1.872858e-07
2026-10-07 16:02:00,2,16,2,1.747,2.0,2.0,0.333333,0.000111
2026-10-07 16:02:30,2,16,2,19.1572,4.0,4.0,0.442815,0.000196
2026-10-07 16:03:00,2,16,3,3.5675,2.0,2.0,0.01564,2.446181e-07
2026-10-07 16:03:30,2,16,3,6.4049,2.0,2.0,0.014663,2.149964e-07
2026-10-07 16:04:00,2,16,4,1.8125,3.0,3.0,0.013685,1.872858e-07
2026-10-07 16:04:30,2,16,4,5.3247,3.0,3.0,0.058651,3.439943e-06
2026-10-07 16:05:00,2,16,5,2.4682,2.0,2.0,0.014663,2.149964e-07
2026-10-07 16:05:30,2,16,5,1.0015,2.0,2.0,0.095797,9.177003e-06
2026-10-07 16:06:00,2,16,6,7.1714,3.0,3.0,0.217986,4.8e-05
2026-10-07 16:06:30,2,16,6,8.3392,4.0,4.0,0.0,0.0
2026-10-07 16:07:00,2,16,7,21.9102,4.0,4.0,0.082111,6.742288e-06
2026-10-07 16:07:30,2,16,7,1.2996,2.0,2.0,0.014663,2.149964e-07
2026-10-07 16:08:00,2,16,8,11.0688,3.0,3.0,0.01564,2.446181e-07
2026-10-07 16:08:30,2,16,8,6.3406,3.0,3.0,0.013685,1.872858e-07
2026-10-07 16:09:00,2,16,9,22.8143,3.0,3.0,0.0,0.0
2026-10-07 16:09:30,2,16,9,61.9991,2.0,2.0,0.012708,1.614862e-07
2026-10-07 16:10:00,2,16,10,4.5484,3.0,3.0,0.012708,1.614862e-07
2026-10-07 16:10:30,2,16,10,6.9582,5.0,5.0,0.013685,1.872858e-07
2026-10-07 16:11:00,2,16,11,11.3544,4.0,4.0,0.206256,4.3e-05
2026-10-07 16:11:30,2,16,11,8.3008,2.0,2.0,0.014663,2.149964e-07
2026-10-07 16:12:00,2,16,12,6.1406,3.0,3.0,0.013685,1.872858e-07
2026-10-07 16:12:30,2,16,12,11.1315,3.0,3.0,0.044966,2.021922e-06
2026-10-07 16:13:00,2,16,13,13.2621,2.0,2.0,0.013685,1.872858e-07
2026-10-07 16:13:30,2,16,13,11.3908,4.0,4.0,0.075269,5.665395e-06
2026-10-07 16:14:00,2,16,14,4.4295,4.0,4.0,0.064516,4.162331e-06
2026-10-07 16:14:30,2,16,14,9.1658,3.0,3.0,0.01173,1.375977e-07
2026-10-07 16:15:00,2,16,15,1.9078,5.0,5.0,0.014663,2.149964e-07
2026-10-07 16:15:30,2,16,15,6.2803,2.0,2.0,0.013685,1.872858e-07
2026-10-07 16:16:00,2,16,16,1.8772,4.0,4.0,0.013685,1.872858e-07
2026-10-07 16:16:30,2,16,16,14.2473,3.0,3.0,0.068426,4.682145e-06
2026-10-07 16:17:00,2,16,17,21.4428,4.0,4.0,0.013685,1.872858e-07
2026-10-07 16:17:30,2,16,17,1.2211,2.0,2.0,0.084066,7.067172e-06
2026-10-07 16:18:00,2,16,18,9.4948,4.0,4.0,0.096774,9.365243e-06
2026-10-07 16:18:30,2,16,18,37.9702,3.0,3.0,0.012708,1.614862e-07
2026-10-07 16:19:00,2,16,19,19.9333,2.0,2.0,0.013685,1.872858e-07
2026-10-07 16:19:30,2,16,19,18.7861,4.0,4.0,0.30303,9.2e-05
2026-10-07 16:20:00,2,16,20,17.426,2.0,2.0,0.013685,1.872858e-07
2026-10-07 16:20:30,2,16,20,1.5173,3.0,3.0,0.013685,1.872858e-07
2026-10-07 16:21:00,2,16,21,15.0411,2.0,2.0,0.018573,3.449499e-07
2026-10-07 16:21:30,2,16,21,1.9078,5.0,5.0,0.002933,8.599857e-09
2026-10-07 16:22:00,2,16,22,2.4066,3.0,3.0,0.31085,9.7e-05
2026-10-07 16:22:30,2,16,22,12.516,3.0,3.0,0.013685,1.872858e-07
2026-10-07 16:23:00,2,16,23,9.7811,5.0,5.0,0.014663,2.149964e-07
2026-10-07 16:23:30,2,16,23,12.7376,2.0,2.0,0.016618,2.76151e-07
2026-10-07 16:24:00,2,16,24,3.2566,2.0,2.0,0.014663,2.149964e-07
2026-10-07 16:24:30,2,16,24,1.8772,4.0,4.0,0.013685,1.872858e-07
2026-10-07 16:25:00,2,16,25,9.9776,2.0,2.0,0.0,0.0
2026-10-07 16:25:30,2,16,25,7.9065,3.0,3.0,0.012708,1.614862e-07
2026-10-07 16:26:00,2,16,26,11.7929,2.0,2.0,0.013685,1.872858e-07
2026-10-07 16:26:30,2,16,26,10.3546,3.0,3.0,0.013685,1.872858e-07
2026-10-07 16:27:00,2,16,27,3.2566,2.0,2.0,0.017595,3.095949e-07
2026-10-07 16:27:30,2,16,27,14.8435,3.0,3.0,0.014663,2.149964e-07
2026-10-07 16:28:00,2,16,28,9.9306,2.0,2.0,0.205279,4.2e-05
2026-10-07 16:28:30,2,16,28,11.8541,2.0,2.0,0.013685,1.872858e-07
2026-10-07 16:29:00,2,16,29,32.0471,2.0,2.0,0.0,0.0
2026-10-07 16:29:30,2,16,29,4.5562,3.0,3.0,0.061584,3.792537e-06
2026-10-07 16:30:00,2,16,30,4.7067,3.0,3.0,0.013685,1.872858e-07
2026-10-07 16:30:30,2,16,30,33.1375,3.0,3.0,0.640274,0.00041
2026-10-07 16:31:00,2,16,31,33.5748,2.0,2.0,0.2913,8.5e-05
2026-10-07 16:31:30,2,16,31,5.3853,1.0,1.0,0.013685,1.872858e-07
2026-10-07 16:32:00,2,16,32,17.426,2.0,2.0,0.013685,1.872858e-07
2026-10-07 16:32:30,2,16,32,2.4494,3.0,3.0,0.013685,1.872858e-07
2026-10-07 16:33:00,2,16,33,10.5103,3.0,3.0,0.013685,1.872858e-07
2026-10-07 16:33:30,2,16,33,1.745,3.0,3.0,0.058651,3.439943e-06
2026-10-07 16:34:00,2,16,34,26.4596,2.0,2.0,0.014663,2.149964e-07
2026-10-07 16:34:30,2,16,34,17.0153,4.0,4.0,0.013685,1.872858e-07
2026-10-07 16:35:00,2,16,35,1.6138,3.0,3.0,0.073314,5.37491e-06
2026-10-07 16:35:30,2,16,35,2.5131,1.0,1.0,0.27566,7.6e-05
2026-10-07 16:36:00,2,16,36,6.3406,3.0,3.0,0.0,0.0
2026-10-07 16:36:30,2,16,36,9.1937,2.0,2.0,0.001955,3.822159e-09
2026-10-07 16:37:00,2,16,37,2.8701,2.0,2.0,0.29521,8.7e-05
2026-10-07 16:37:30,2,16,37,59.2468,3.0,3.0,0.002933,8.599857e-09
2026-10-07 16:38:00,2,16,38,11.3544,4.0,4.0,0.088954,7.912824e-06
2026-10-07 16:38:30,2,16,38,5.6602,3.0,3.0,0.014663,2.149964e-07
2026-10-07 16:39:00,2,16,39,10.0748,4.0,4.0,0.102639,1.1e-05
2026-10-07 16:39:30,2,16,39,36.3411,2.0,2.0,0.194526,3.8e-05
2026-10-07 16:40:00,2,16,40,11.5932,2.0,2.0,0.028348,8.036089e-07
2026-10-07 16:40:30,2,16,40,1.9294,5.0,5.0,0.248289,6.2e-05
2026-10-07 16:41:00,2,16,41,26.8869,2.0,2.0,0.013685,1.872858e-07
2026-10-07 16:41:30,2,16,41,11.0045,2.0,2.0,0.167155,2.8e-05
2026-10-07 16:42:00,2,16,42,21.6228,4.0,4.0,0.013685,1.872858e-07
2026-10-07 16:42:30,2,16,42,12.7182,3.0,3.0,0.013685,1.872858e-07
2026-10-07 16:43:00,2,16,43,15.2381,3.0,3.0,0.012708,1.614862e-07
2026-10-07 16:43:30,2,16,43,4.4928,4.0,4.0,0.013685,1.872858e-07
2026-10-07 16:44:00,2,16,44,2.714,3.0,3.0,0.001955,3.822159e-09
2026-10-07 16:44:30,2,16,44,10.1247,2.0,2.0,0.013685,1.872858e-07
2026-10-07 16:45:00,2,16,45,9.894,2.0,2.0,0.016618,2.76151e-07
2026-10-07 16:45:30,2,16,45,19.9333,2.0,2.0,0.105572,1.1e-05
2026-10-07 16:46:00,2,16,46,14.122,4.0,4.0,0.013685,1.872858e-07
2026-10-07 16:46:30,2,16,46,23.105,1.0,1.0,0.013685,1.872858e-07
2026-10-07 16:47:00,2,16,47,12.4415,3.0,3.0,0.0,0.0
2026-10-07 16:47:30,2,16,47,12.6649,3.0,3.0,0.079179,6.269296e-06
2026-10-07 16:48:00,2,16,48,14.1137,4.0,4.0,0.041056,1.685572e-06
2026-10-07 16:48:30,2,16,48,10.1392,4.0,4.0,0.090909,8.264464e-06
2026-10-07 16:49:00,2,16,49,13.924,3.0,3.0,0.012708,1.614862e-07
2026-10-07 16:49:30,2,16,49,18.2893,4.0,4.0,0.168133,2.8e-05
2026-10-07 16:50:00,2,16,50,7.9073,4.0,4.0,0.095797,9.177003e-06
2026-10-07 16:50:30,2,16,50,6.6068,1.0,1.0,0.016618,2.76151e-07
2026-10-07 16:51:00,2,16,51,16.7937,4.0,4.0,0.244379,6e-05
2026-10-07 16:51:30,2,16,51,1.6341,2.0,2.0,0.014663,2.149964e-07
2026-10-07 16:52:00,2,16,52,8.6677,4.0,4.0,0.013685,1.872858e-07
2026-10-07 16:52:30,2,16,52,3.5139,5.0,5.0,0.013685,1.872858e-07
2026-10-07 16:53:00,2,16,53,7.9854,2.0,2.0,0.013685,1.872858e-07
2026-10-07 16:53:30,2,16,53,20.0244,3.0,3.0,0.013685,1.872858e-07
2026-10-07 16:54:00,2,16,54,14.5312,3.0,3.0,0.014663,2.149964e-07
2026-10-07 16:54:30,2,16,54,11.1455,2.0,2.0,0.000978,9.555396e-10
2026-10-07 16:55:00,2,16,55,9.5153,3.0,3.0,0.013685,1.872858e-07
2026-10-07 16:55:30,2,16,55,4.4295,4.0,4.0,0.300098,9e-05
2026-10-07 16:56:00,2,16,56,8.602,4.0,4.0,0.098729,9.747461e-06
2026-10-07 16:56:30,2,16,56,9.9776,2.0,2.0,0.241447,5.8e-05
2026-10-07 16:57:00,2,16,57,18.7861,4.0,4.0,0.013685,1.872858e-07
2026-10-07 16:57:30,2,16,57,8.9891,4.0,4.0,0.207234,4.3e-05
2026-10-07 16:58:00,2,16,58,11.392,3.0,3.0,0.000978,9.555396e-10
2026-10-07 16:58:30,2,16,58,1.9211,3.0,3.0,0.101662,1e-05
2026-10-07 16:59:00,2,16,59,2.0517,3.0,3.0,0.013685,1.872858e-07
2026-10-07 16:59:30,2,16,59,22.7701,4.0,4.0,0.014663,2.149964e-07
2026-10-07 17:00:00,2,17,0,1.2996,2.0,2.0,0.013685,1.872858e-07
2026-10-07 17:00:30,2,17,0,9.3957,4.0,4.0,0.381232,0.000145
2026-10-07 17:01:00,2,17,1,4.5484,3.0,3.0,0.013685,1.872858e-07
2026-10-07 17:01:30,2,17,1,2.9696,0.0,0.0,0.0,0.0
2026-10-07 17:02:00,2,17,2,14.3573,2.0,2.0,0.013685,1.872858e-07
2026-10-07 17:02:30,2,17,2,21.6228,4.0,4.0,0.075269,5.665395e-06
2026-10-07 17:03:00,2,17,3,15.4508,2.0,2.0,0.013685,1.872858e-07
2026-10-07 17:03:30,2,17,3,4.7067,3.0,3.0,0.013685,1.872858e-07
2026-10-07 17:04:00,2,17,4,10.5103,3.0,3.0,0.012708,1.614862e-07
2026-10-07 17:04:30,2,17,4,1.8125,3.0,3.0,0.124145,1.5e-05
2026-10-07 17:05:00,2,17,5,13.3918,2.0,2.0,0.013685,1.872858e-07
2026-10-07 17:05:30,2,17,5,6.2803,2.0,2.0,0.013685,1.872858e-07
2026-10-07 17:06:00,2,17,6,10.1392,4.0,4.0,0.0,0.0
2026-10-07 17:06:30,2,17,6,3.861,3.0,3.0,0.014663,2.149964e-07
2026-10-07 17:07:00,2,17,7,2.5131,1.0,1.0,0.359726,0.000129
2026-10-07 17:07:30,2,17,7,1.2996,2.0,2.0,0.013685,1.872858e-07
2026-10-07 17:08:00,2,17,8,20.0244,3.0,3.0,0.048876,2.388849e-06
2026-10-07 17:08:30,2,17,8,1.6341,2.0,2.0,0.005865,3.439943e-08
2026-10-07 17:09:00,2,17,9,12.7452,1.0,1.0,0.332356,0.00011
2026-10-07 17:09:30,2,17,9,11.3357,3.0,3.0,0.075269,5.665395e-06
2026-10-07 17:10:00,2,17,10,9.4948,4.0,4.0,0.013685,1.872858e-07
2026-10-07 17:10:30,2,17,10,7.5234,3.0,3.0,0.041056,1.685572e-06
2026-10-07 17:11:00,2,17,11,7.4875,5.0,5.0,0.017595,3.095949e-07
2026-10-07 17:11:30,2,17,11,11.3357,3.0,3.0,0.013685,1.872858e-07
2026-10-07 17:12:00,2,17,12,6.2038,2.0,2.0,0.013685,1.872858e-07
2026-10-07 17:12:30,2,17,12,2.8361,2.0,2.0,0.420332,0.000177
2026-10-07 17:13:00,2,17,13,16.2809,4.0,4.0,0.013685,1.872858e-07
2026-10-07 17:13:30,2,17,13,2.4494,3.0,3.0,0.01564,2.446181e-07
2026-10-07 17:14:00,2,17,14,19.9333,2.0,2.0,0.017595,3.095949e-07
2026-10-07 17:14:30,2,17,14,9.9055,2.0,2.0,0.481916,0.000232
2026-10-07 17:15:00,2,17,15,9.7811,5.0,5.0,0.058651,3.439943e-06
2026-10-07 17:15:30,2,17,15,2.6554,3.0,3.0,0.261975,6.9e-05
2026-10-07 17:16:00,2,17,16,12.7452,1.0,1.0,0.064516,4.162331e-06
2026-10-07 17:16:30,2,17,16,11.5731,3.0,3.0,0.013685,1.872858e-07
2026-10-07 17:17:00,2,17,17,5.0969,1.0,1.0,0.013685,1.872858e-07
2026-10-07 17:17:30,2,17,17,3.1261,3.0,3.0,0.082111,6.742288e-06
2026-10-07 17:18:00,2,17,18,18.3526,3.0,3.0,0.231672,5.4e-05
2026-10-07 17:18:30,2,17,18,1.1754,2.0,2.0,0.0,0.0
2026-10-07 17:19:00,2,17,19,35.2564,2.0,2.0,0.013685,1.872858e-07
2026-10-07 17:19:30,2,17,19,11.1315,3.0,3.0,0.132942,1.8e-05
2026-10-07 17:20:00,2,17,20,9.3303,4.0,4.0,0.014663,2.149964e-07
2026-10-07 17:20:30,2,17,20,10.5795,3.0,3.0,0.0,0.0
2026-10-07 17:21:00,2,17,21,22.233,4.0,4.0,0.012708,1.614862e-07
2026-10-07 17:21:30,2,17,21,2.2886,1.0,1.0,0.345064,0.000119
2026-10-07 17:22:00,2,17,22,4.33,1.0,1.0,0.013685,1.872858e-07
2026-10-07 17:22:30,2,17,22,11.3908,4.0,4.0,0.001955,3.822159e-09
2026-10-07 17:23:00,2,17,23,12.6128,3.0,3.0,0.013685,1.872858e-07
2026-10-07 17:23:30,2,17,23,8.6585,2.0,2.0,0.252199,6.4e-05
2026-10-07 17:24:00,2,17,24,12.3214,3.0,3.0,0.014663,2.149964e-07
2026-10-07 17:24:30,2,17,24,7.2708,4.0,4.0,0.0,0.0
2026-10-07 17:25:00,2,17,25,25.2913,2.0,2.0,0.013685,1.872858e-07
2026-10-07 17:25:30,2,17,25,8.8249,3.0,3.0,0.0,0.0
2026-10-07 17:26:00,2,17,26,15.0121,4.0,4.0,0.013685,1.872858e-07
2026-10-07 17:26:30,2,17,26,12.3407,2.0,2.0,0.013685,1.872858e-07
2026-10-07 17:27:00,2,17,27,15.4508,2.0,2.0,0.27566,7.6e-05
2026-10-07 17:27:30,2,17,27,15.8641,4.0,4.0,0.014663,2.149964e-07
2026-10-07 17:28:00,2,17,28,1.7464,3.0,3.0,0.012708,1.614862e-07
2026-10-07 17:28:30,2,17,28,5.3215,3.0,3.0,0.01564,2.446181e-07
2026-10-07 17:29:00,2,17,29,6.0478,4.0,4.0,0.014663,2.149964e-07
2026-10-07 17:29:30,2,17,29,4.2808,4.0,4.0,0.013685,1.872858e-07
2026-10-07 17:30:00,2,17,30,5.6385,3.0,3.0,0.269795,7.3e-05
2026-10-07 17:30:30,2,17,30,3.6232,3.0,3.0,0.004888,2.388849e-08
2026-10-07 17:31:00,2,17,31,15.4865,3.0,3.0,0.013685,1.872858e-07
2026-10-07 17:31:30,2,17,31,2.0386,3.0,3.0,0.012708,1.614862e-07
2026-10-07 17:32:00,2,17,32,15.243,2.0,2.0,0.013685,1.872858e-07
2026-10-07 17:32:30,2,17,32,8.1988,2.0,2.0,0.013685,1.872858e-07
2026-10-07 17:33:00,2,17,33,7.1094,3.0,3.0,0.014663,2.149964e-07
2026-10-07 17:33:30,2,17,33,7.2239,3.0,3.0,0.000978,9.555396e-10
2026-10-07 17:34:00,2,17,34,9.173,4.0,4.0,0.013685,1.872858e-07
2026-10-07 17:34:30,2,17,34,4.5702,3.0,3.0,0.098729,9.747461e-06
2026-10-07 17:35:00,2,17,35,10.8928,3.0,3.0,0.096774,9.365243e-06
2026-10-07 17:35:30,2,17,35,10.1236,3.0,3.0,0.013685,1.872858e-07
2026-10-07 17:36:00,2,17,36,2.8701,2.0,2.0,0.098729,9.747461e-06
2026-10-07 17:36:30,2,17,36,3.4555,2.0,2.0,0.013685,1.872858e-07
2026-10-07 17:37:00,2,17,37,10.0135,4.0,4.0,0.013685,1.872858e-07
2026-10-07 17:37:30,2,17,37,67.3308,1.0,1.0,0.013685,1.872858e-07
2026-10-07 17:38:00,2,17,38,6.4049,2.0,2.0,0.013685,1.872858e-07
2026-10-07 17:38:30,2,17,38,11.2648,4.0,4.0,0.013685,1.872858e-07
2026-10-07 17:39:00,2,17,39,9.894,2.0,2.0,0.086022,7.399699e-06
2026-10-07 17:39:30,2,17,39,6.6068,1.0,1.0,0.01564,2.446181e-07
2026-10-07 17:40:00,2,17,40,7.6219,4.0,4.0,0.030303,9.182737e-07
2026-10-07 17:40:30,2,17,40,61.9991,2.0,2.0,0.214076,4.6e-05
2026-10-07 17:41:00,2,17,41,2.4494,3.0,3.0,0.0,0.0
2026-10-07 17:41:30,2,17,41,12.7452,1.0,1.0,0.014663,2.149964e-07
2026-10-07 17:42:00,2,17,42,40.3832,3.0,3.0,0.082111,6.742288e-06
2026-10-07 17:42:30,2,17,42,1.7374,3.0,3.0,0.317693,0.000101
2026-10-07 17:43:00,2,17,43,1.8394,3.0,3.0,0.347019,0.00012
2026-10-07 17:43:30,2,17,43,15.243,2.0,2.0,0.002933,8.599857e-09
2026-10-07 17:44:00,2,17,44,5.3215,3.0,3.0,0.013685,1.872858e-07
2026-10-07 17:44:30,2,17,44,13.0649,5.0,5.0,0.013685,1.872858e-07
2026-10-07 17:45:00,2,17,45,1.2616,3.0,3.0,0.013685,1.872858e-07
2026-10-07 17:45:30,2,17,45,7.2239,3.0,3.0,0.0,0.0
2026-10-07 17:46:00,2,17,46,22.8143,3.0,3.0,0.013685,1.872858e-07
2026-10-07 17:46:30,2,17,46,6.2038,2.0,2.0,0.013685,1.872858e-07
2026-10-07 17:47:00,2,17,47,26.8869,2.0,2.0,0.013685,1.872858e-07
2026-10-07 17:47:30,2,17,47,4.4518,1.0,1.0,0.012708,1.614862e-07
2026-10-07 17:48:00,2,17,48,61.9991,2.0,2.0,0.093842,8.806253e-06
2026-10-07 17:48:30,2,17,48,59.5625,3.0,3.0,0.013685,1.872858e-07
2026-10-07 17:49:00,2,17,49,1.5539,2.0,2.0,0.005865,3.439943e-08
2026-10-07 17:49:30,2,17,49,33.1375,3.0,3.0,0.02346,5.503908e-07
2026-10-07 17:50:00,2,17,50,1.2211,2.0,2.0,0.017595,3.095949e-07
2026-10-07 17:50:30,2,17,50,5.6602,3.0,3.0,0.115347,1.3e-05
2026-10-07 17:51:00,2,17,51,7.9073,4.0,4.0,0.013685,1.872858e-07
2026-10-07 17:51:30,2,17,51,10.9198,3.0,3.0,0.476051,0.000227
2026-10-07 17:52:00,2,17,52,11.3357,3.0,3.0,0.014663,2.149964e-07
2026-10-07 17:52:30,2,17,52,1.6341,2.0,2.0,0.077224,5.963523e-06
2026-10-07 17:53:00,2,17,53,13.9392,3.0,3.0,0.013685,1.872858e-07
2026-10-07 17:53:30,2,17,53,8.2695,2.0,2.0,0.41349,0.000171
2026-10-07 17:54:00,2,17,54,7.9585,3.0,3.0,0.017595,3.095949e-07
2026-10-07 17:54:30,2,17,54,15.4865,3.0,3.0,0.078201,6.115454e-06
2026-10-07 17:55:00,2,17,55,9.8619,2.0,2.0,0.013685,1.872858e-07
2026-10-07 17:55:30,2,17,55,9.0853,2.0,2.0,0.013685,1.872858e-07
2026-10-07 17:56:00,2,17,56,12.7293,4.0,4.0,0.093842,8.806253e-06
2026-10-07 17:56:30,2,17,56,11.0198,3.0,3.0,0.014663,2.149964e-07
2026-10-07 17:57:00,2,17,57,5.3853,1.0,1.0,0.013685,1.872858e-07
2026-10-07 17:57:30,2,17,57,2.4125,2.0,2.0,0.29521,8.7e-05
2026-10-07 17:58:00,2,17,58,3.0105,3.0,3.0,0.013685,1.872858e-07
2026-10-07 17:58:30,2,17,58,4.8737,1.0,1.0,0.442815,0.000196
2026-10-07 17:59:00,2,17,59,11.5731,3.0,3.0,0.013685,1.872858e-07
2026-10-07 17:59:30,2,17,59,10.4539,2.0,2.0,0.014663,2.149964e-07
2026-10-08 08:00:00,3,8,0,1.2715,5.0,5.0,0.185728,3.4e-05
2026-10-08 08:00:30,3,8,0,1.4534,3.0,3.0,0.071359,5.092071e-06
2026-10-08 08:01:00,3,8,1,4.1055,3.0,3.0,0.179863,3.2e-05
2026-10-08 08:01:30,3,8,1,29.0578,5.0,5.0,0.558162,0.000312
2026-10-08 08:02:00,3,8,2,4.0083,6.0,6.0,0.252199,6.4e-05
2026-10-08 08:02:30,3,8,2,3.4098,5.0,5.0,0.086999,7.568829e-06
2026-10-08 08:03:00,3,8,3,1.1615,4.0,4.0,0.049853,2.485359e-06
2026-10-08 08:03:30,3,8,3,1.1288,5.0,5.0,0.41349,0.000171
2026-10-08 08:04:00,3,8,4,1.2384,4.0,4.0,0.071359,5.092071e-06
2026-10-08 08:04:30,3,8,4,3.2527,6.0,6.0,0.177908,3.2e-05
2026-10-08 08:05:00,3,8,5,2.0392,4.0,4.0,0.426197,0.000182
2026-10-08 08:05:30,3,8,5,5.0101,4.0,4.0,0.184751,3.4e-05
2026-10-08 08:06:00,3,8,6,2.4308,4.0,4.0,0.379277,0.000144
2026-10-08 08:06:30,3,8,6,13.6058,5.0,5.0,0.217986,4.8e-05
2026-10-08 08:07:00,3,8,7,28.6354,5.0,5.0,0.079179,6.269296e-06
2026-10-08 08:07:30,3,8,7,15.5042,4.0,4.0,0.134897,1.8e-05
2026-10-08 08:08:00,3,8,8,2.4356,3.0,3.0,0.184751,3.4e-05
2026-10-08 08:08:30,3,8,8,0.7666,4.0,4.0,0.27957,7.8e-05
2026-10-08 08:09:00,3,8,9,21.2312,5.0,5.0,0.080156,6.425048e-06
2026-10-08 08:09:30,3,8,9,2.7761,4.0,4.0,0.080156,6.425048e-06
2026-10-08 08:10:00,3,8,10,16.5645,5.0,5.0,0.087977,7.739871e-06
2026-10-08 08:10:30,3,8,10,3.6818,5.0,5.0,0.085044,7.23248e-06
2026-10-08 08:11:00,3,8,11,4.8711,4.0,4.0,0.040078,1.606262e-06
2026-10-08 08:11:30,3,8,11,1.1778,4.0,4.0,0.266862,7.1e-05
2026-10-08 08:12:00,3,8,12,0.9835,3.0,3.0,0.076246,5.813504e-06
2026-10-08 08:12:30,3,8,12,0.8432,4.0,4.0,0.132942,1.8e-05
2026-10-08 08:13:00,3,8,13,1.4534,3.0,3.0,0.087977,7.739871e-06
2026-10-08 08:13:30,3,8,13,15.7035,1.0,2.0,0.071359,5.092071e-06
2026-10-08 08:14:00,3,8,14,24.9829,4.0,4.0,0.095797,9.177003e-06
2026-10-08 08:14:30,3,8,14,0.8704,6.0,6.0,0.079179,6.269296e-06
2026-10-08 08:15:00,3,8,15,4.8711,4.0,4.0,0.379277,0.000144
2026-10-08 08:15:30,3,8,15,16.3821,4.0,4.0,0.127077,1.6e-05
2026-10-08 08:16:00,3,8,16,3.1503,5.0,5.0,0.017595,3.095949e-07
2026-10-08 08:16:30,3,8,16,4.7067,3.0,3.0,0.068426,4.682145e-06
2026-10-08 08:17:00,3,8,17,12.6542,4.0,4.0,0.013685,1.872858e-07
2026-10-08 08:17:30,3,8,17,2.4066,3.0,3.0,0.013685,1.872858e-07
2026-10-08 08:18:00,3,8,18,3.6602,2.0,2.0,0.265885,7.1e-05
2026-10-08 08:18:30,3,8,18,9.0853,2.0,2.0,0.013685,1.872858e-07
2026-10-08 08:19:00,3,8,19,0.9324,3.0,3.0,0.013685,1.872858e-07
2026-10-08 08:19:30,3,8,19,4.5702,3.0,3.0,0.0,0.0
2026-10-08 08:20:00,3,8,20,5.2382,4.0,4.0,0.014663,2.149964e-07
2026-10-08 08:20:30,3,8,20,3.6787,1.0,1.0,0.002933,8.599857e-09
2026-10-08 08:21:00,3,8,21,10.9254,3.0,3.0,0.013685,1.872858e-07
2026-10-08 08:21:30,3,8,21,2.714,3.0,3.0,0.058651,3.439943e-06
2026-10-08 08:22:00,3,8,22,4.7222,4.0,4.0,0.014663,2.149964e-07
2026-10-08 08:22:30,3,8,22,8.6127,4.0,4.0,0.013685,1.872858e-07
2026-10-08 08:23:00,3,8,23,24.1326,2.0,2.0,0.0,0.0
2026-10-08 08:23:30,3,8,23,11.0045,2.0,2.0,0.013685,1.872858e-07
2026-10-08 08:24:00,3,8,24,12.197,3.0,3.0,0.0,0.0
2026-10-08 08:24:30,3,8,24,6.6946,2.0,2.0,0.013685,1.872858e-07
2026-10-08 08:25:00,3,8,25,1.745,3.0,3.0,0.013685,1.872858e-07
2026-10-08 08:25:30,3,8,25,32.0471,2.0,2.0,0.014663,2.149964e-07
2026-10-08 08:26:00,3,8,26,4.5321,5.0,5.0,0.171065,2.9e-05
2026-10-08 08:26:30,3,8,26,10.9254,3.0,3.0,0.082111,6.742288e-06
2026-10-08 08:27:00,3,8,27,2.4125,2.0,2.0,0.013685,1.872858e-07
2026-10-08 08:27:30,3,8,27,6.3406,3.0,3.0,0.167155,2.8e-05
2026-10-08 08:28:00,3,8,28,35.2564,2.0,2.0,0.016618,2.76151e-07
2026-10-08 08:28:30,3,8,28,13.4709,4.0,4.0,0.064516,4.162331e-06
2026-10-08 08:29:00,3,8,29,21.6228,4.0,4.0,0.084066,7.067172e-06
2026-10-08 08:29:30,3,8,29,8.6585,2.0,2.0,0.013685,1.872858e-07
2026-10-08 08:30:00,3,8,30,5.2382,4.0,4.0,0.013685,1.872858e-07
2026-10-08 08:30:30,3,8,30,7.4709,2.0,2.0,0.013685,1.872858e-07
2026-10-08 08:31:00,3,8,31,8.5125,3.0,3.0,0.030303,9.182737e-07
2026-10-08 08:31:30,3,8,31,10.5663,2.0,2.0,0.079179,6.269296e-06
2026-10-08 08:32:00,3,8,32,30.9904,2.0,2.0,0.013685,1.872858e-07
2026-10-08 08:32:30,3,8,32,4.0274,2.0,2.0,0.27566,7.6e-05
2026-10-08 08:33:00,3,8,33,12.7182,3.0,3.0,0.013685,1.872858e-07
2026-10-08 08:33:30,3,8,33,10.0144,2.0,2.0,0.004888,2.388849e-08
2026-10-08 08:34:00,3,8,34,8.5125,3.0,3.0,0.002933,8.599857e-09
2026-10-08 08:34:30,3,8,34,13.2636,3.0,3.0,0.013685,1.872858e-07
2026-10-08 08:35:00,3,8,35,21.9102,4.0,4.0,0.00391,1.528863e-08
2026-10-08 08:35:30,3,8,35,7.648,2.0,2.0,0.105572,1.1e-05
2026-10-08 08:36:00,3,8,36,10.1236,3.0,3.0,0.020528,4.21393e-07
2026-10-08 08:36:30,3,8,36,11.5731,3.0,3.0,0.013685,1.872858e-07
2026-10-08 08:37:00,3,8,37,6.4526,2.0,2.0,0.15738,2.5e-05
2026-10-08 08:37:30,3,8,37,12.6649,3.0,3.0,0.013685,1.872858e-07
2026-10-08 08:38:00,3,8,38,30.9904,2.0,2.0,0.035191,1.238379e-06
2026-10-08 08:38:30,3,8,38,9.7482,5.0,5.0,0.013685,1.872858e-07
2026-10-08 08:39:00,3,8,39,15.4508,2.0,2.0,0.059629,3.555563e-06
2026-10-08 08:39:30,3,8,39,6.5266,3.0,3.0,0.013685,1.872858e-07
2026-10-08 08:40:00,3,8,40,7.2239,3.0,3.0,0.014663,2.149964e-07
2026-10-08 08:40:30,3,8,40,6.5266,3.0,3.0,0.013685,1.872858e-07
2026-10-08 08:41:00,3,8,41,16.2809,4.0,4.0,0.013685,1.872858e-07
2026-10-08 08:41:30,3,8,41,2.9072,1.0,1.0,0.01564,2.446181e-07
2026-10-08 08:42:00,3,8,42,9.0853,2.0,2.0,0.048876,2.388849e-06
2026-10-08 08:42:30,3,8,42,11.0045,2.0,2.0,0.014663,2.149964e-07
2026-10-08 08:43:00,3,8,43,13.2173,3.0,3.0,0.006843,4.682144e-08
2026-10-08 08:43:30,3,8,43,4.7222,4.0,4.0,0.252199,6.4e-05
2026-10-08 08:44:00,3,8,44,8.6127,4.0,4.0,0.640274,0.00041
2026-10-08 08:44:30,3,8,44,8.3392,4.0,4.0,0.002933,8.599857e-09
2026-10-08 08:45:00,3,8,45,6.2803,2.0,2.0,0.013685,1.872858e-07
2026-10-08 08:45:30,3,8,45,1.745,3.0,3.0,0.013685,1.872858e-07
2026-10-08 08:46:00,3,8,46,7.0863,1.0,1.0,0.252199,6.4e-05
2026-10-08 08:46:30,3,8,46,19.9333,2.0,2.0,0.160313,2.6e-05
2026-10-08 08:47:00,3,8,47,10.476,2.0,2.0,0.013685,1.872858e-07
2026-10-08 08:47:30,3,8,47,20.0244,3.0,3.0,0.014663,2.149964e-07
2026-10-08 08:48:00,3,8,48,18.2893,4.0,4.0,0.013685,1.872858e-07
2026-10-08 08:48:30,3,8,48,15.4508,2.0,2.0,0.041056,1.685572e-06
2026-10-08 08:49:00,3,8,49,21.9102,4.0,4.0,0.013685,1.872858e-07
2026-10-08 08:49:30,3,8,49,5.6602,3.0,3.0,0.0,0.0
2026-10-08 08:50:00,3,8,50,3.4333,4.0,4.0,0.013685,1.872858e-07
2026-10-08 08:50:30,3,8,50,11.1455,2.0,2.0,0.014663,2.149964e-07
2026-10-08 08:51:00,3,8,51,4.5321,5.0,5.0,0.0,0.0
2026-10-08 08:51:30,3,8,51,18.2893,4.0,4.0,0.300098,9e-05
2026-10-08 08:52:00,3,8,52,12.7346,3.0,3.0,0.082111,6.742288e-06
2026-10-08 08:52:30,3,8,52,61.9991,2.0,2.0,0.014663,2.149964e-07
2026-10-08 08:53:00,3,8,53,1.7374,3.0,3.0,0.013685,1.872858e-07
2026-10-08 08:53:30,3,8,53,15.4508,2.0,2.0,0.058651,3.439943e-06
2026-10-08 08:54:00,3,8,54,9.0853,2.0,2.0,0.014663,2.149964e-07
2026-10-08 08:54:30,3,8,54,1.9242,5.0,5.0,0.014663,2.149964e-07
2026-10-08 08:55:00,3,8,55,4.4295,4.0,4.0,0.013685,1.872858e-07
2026-10-08 08:55:30,3,8,55,3.2416,4.0,4.0,0.014663,2.149964e-07
2026-10-08 08:56:00,3,8,56,11.1315,3.0,3.0,0.0,0.0
2026-10-08 08:56:30,3,8,56,15.3419,2.0,2.0,0.058651,3.439943e-06
2026-10-08 08:57:00,3,8,57,12.3214,3.0,3.0,0.021505,4.624812e-07
2026-10-08 08:57:30,3,8,57,10.9254,3.0,3.0,0.115347,1.3e-05
2026-10-08 08:58:00,3,8,58,11.5731,3.0,3.0,0.0,0.0
2026-10-08 08:58:30,3,8,58,13.2621,2.0,2.0,0.048876,2.388849e-06
2026-10-08 08:59:00,3,8,59,4.8686,2.0,2.0,0.014663,2.149964e-07
2026-10-08 08:59:30,3,8,59,12.899,2.0,2.0,0.0,0.0
2026-10-08 09:00:00,3,9,0,7.0863,1.0,1.0,0.042033,1.766793e-06
2026-10-08 09:00:30,3,9,0,10.2811,2.0,2.0,0.012708,1.614862e-07
2026-10-08 09:01:00,3,9,1,20.4481,3.0,3.0,0.061584,3.792537e-06
2026-10-08 09:01:30,3,9,1,6.4049,2.0,2.0,0.013685,1.872858e-07
2026-10-08 09:02:00,3,9,2,6.8611,3.0,3.0,0.187683,3.5e-05
2026-10-08 09:02:30,3,9,2,33.1375,3.0,3.0,0.14174,2e-05
2026-10-08 09:03:00,3,9,3,61.9991,2.0,2.0,0.013685,1.872858e-07
2026-10-08 09:03:30,3,9,3,11.3069,2.0,2.0,0.013685,1.872858e-07
2026-10-08 09:04:00,3,9,4,10.3546,3.0,3.0,0.336266,0.000113
2026-10-08 09:04:30,3,9,4,5.5321,2.0,2.0,0.0,0.0
2026-10-08 09:05:00,3,9,5,12.2792,4.0,4.0,0.014663,2.149964e-07
2026-10-08 09:05:30,3,9,5,6.6118,2.0,2.0,0.27566,7.6e-05
2026-10-08 09:06:00,3,9,6,6.2765,4.0,4.0,0.30303,9.2e-05
2026-10-08 09:06:30,3,9,6,14.5312,3.0,3.0,0.108504,1.2e-05
2026-10-08 09:07:00,3,9,7,7.2938,4.0,4.0,0.0,0.0
2026-10-08 09:07:30,3,9,7,14.1137,4.0,4.0,0.0,0.0
2026-10-08 09:08:00,3,9,8,1.3252,4.0,4.0,0.013685,1.872858e-07
2026-10-08 09:08:30,3,9,8,5.3136,4.0,4.0,0.093842,8.806253e-06
2026-10-08 09:09:00,3,9,9,4.5231,2.0,2.0,0.018573,3.449499e-07
2026-10-08 09:09:30,3,9,9,14.3573,2.0,2.0,0.013685,1.872858e-07
2026-10-08 09:10:00,3,9,10,21.9102,4.0,4.0,0.014663,2.149964e-07
2026-10-08 09:10:30,3,9,10,5.3853,1.0,1.0,0.013685,1.872858e-07
2026-10-08 09:11:00,3,9,11,1.745,3.0,3.0,0.0,0.0
2026-10-08 09:11:30,3,9,11,4.0831,1.0,1.0,0.013685,1.872858e-07
2026-10-08 09:12:00,3,9,12,1.9294,5.0,5.0,0.135875,1.8e-05
2026-10-08 09:12:30,3,9,12,9.3303,4.0,4.0,0.013685,1.872858e-07
2026-10-08 09:13:00,3,9,13,6.2803,2.0,2.0,0.013685,1.872858e-07
2026-10-08 09:13:30,3,9,13,10.4539,2.0,2.0,0.001955,3.822159e-09
2026-10-08 09:14:00,3,9,14,7.1714,3.0,3.0,0.15738,2.5e-05
2026-10-08 09:14:30,3,9,14,1.2089,3.0,3.0,0.013685,1.872858e-07
2026-10-08 09:15:00,3,9,15,7.0717,4.0,4.0,0.055718,3.104548e-06
2026-10-08 09:15:30,3,9,15,9.894,2.0,2.0,0.017595,3.095949e-07
2026-10-08 09:16:00,3,9,16,3.7144,3.0,3.0,0.012708,1.614862e-07
2026-10-08 09:16:30,3,9,16,1.5789,5.0,5.0,0.014663,2.149964e-07
2026-10-08 09:17:00,3,9,17,7.1094,3.0,3.0,0.076246,5.813504e-06
2026-10-08 09:17:30,3,9,17,11.3069,2.0,2.0,0.013685,1.872858e-07
2026-10-08 09:18:00,3,9,18,17.6956,4.0,4.0,0.164223,2.7e-05
2026-10-08 09:18:30,3,9,18,2.4066,3.0,3.0,0.0,0.0
2026-10-08 09:19:00,3,9,19,14.122,4.0,4.0,0.002933,8.599857e-09
2026-10-08 09:19:30,3,9,19,8.1988,2.0,2.0,0.018573,3.449499e-07
2026-10-08 09:20:00,3,9,20,13.4709,4.0,4.0,0.013685,1.872858e-07
2026-10-08 09:20:30,3,9,20,2.2886,1.0,1.0,0.013685,1.872858e-07
2026-10-08 09:21:00,3,9,21,33.1375,3.0,3.0,0.0,0.0
2026-10-08 09:21:30,3,9,21,10.0144,2.0,2.0,0.013685,1.872858e-07
2026-10-08 09:22:00,3,9,22,7.1714,3.0,3.0,0.41349,0.000171
2026-10-08 09:22:30,3,9,22,32.7927,2.0,2.0,0.013685,1.872858e-07
2026-10-08 09:23:00,3,9,23,7.915,4.0,4.0,0.013685,1.872858e-07
2026-10-08 09:23:30,3,9,23,15.8641,4.0,4.0,0.013685,1.872858e-07
2026-10-08 09:24:00,3,9,24,59.2468,3.0,3.0,0.071359,5.092071e-06
2026-10-08 09:24:30,3,9,24,3.1261,3.0,3.0,0.481916,0.000232
2026-10-08 09:25:00,3,9,25,17.0153,4.0,4.0,0.013685,1.872858e-07
2026-10-08 09:25:30,3,9,25,1.975,3.0,3.0,0.013685,1.872858e-07
2026-10-08 09:26:00,3,9,26,13.4709,4.0,4.0,0.093842,8.806253e-06
2026-10-08 09:26:30,3,9,26,2.8361,2.0,2.0,0.0,0.0
2026-10-08 09:27:00,3,9,27,5.3718,1.0,1.0,0.013685,1.872858e-07
2026-10-08 09:27:30,3,9,27,7.2938,4.0,4.0,0.013685,1.872858e-07
2026-10-08 09:28:00,3,9,28,12.1602,4.0,4.0,0.248289,6.2e-05
2026-10-08 09:28:30,3,9,28,5.6118,2.0,2.0,0.269795,7.3e-05
2026-10-08 09:29:00,3,9,29,15.3419,2.0,2.0,0.123167,1.5e-05
2026-10-08 09:29:30,3,9,29,3.5675,2.0,2.0,0.024438,5.972124e-07
2026-10-08 09:30:00,3,9,30,15.3615,0.0,0.0,0.269795,7.3e-05
2026-10-08 09:30:30,3,9,30,19.3456,2.0,2.0,0.014663,2.149964e-07
2026-10-08 09:31:00,3,9,31,16.1821,2.0,2.0,0.013685,1.872858e-07
2026-10-08 09:31:30,3,9,31,11.3357,3.0,3.0,0.013685,1.872858e-07
2026-10-08 09:32:00,3,9,32,13.2173,3.0,3.0,0.013685,1.872858e-07
2026-10-08 09:32:30,3,9,32,20.4481,3.0,3.0,0.012708,1.614862e-07
2026-10-08 09:33:00,3,9,33,59.2468,3.0,3.0,0.016618,2.76151e-07
2026-10-08 09:33:30,3,9,33,22.8143,3.0,3.0,0.014663,2.149964e-07
2026-10-08 09:34:00,3,9,34,12.1602,4.0,4.0,0.020528,4.21393e-07
2026-10-08 09:34:30,3,9,34,2.1681,4.0,4.0,0.084066,7.067172e-06
2026-10-08 09:35:00,3,9,35,5.3718,1.0,1.0,0.095797,9.177003e-06
2026-10-08 09:35:30,3,9,35,17.426,2.0,2.0,0.013685,1.872858e-07
2026-10-08 09:36:00,3,9,36,28.3003,2.0,2.0,0.252199,6.4e-05
2026-10-08 09:36:30,3,9,36,15.4508,2.0,2.0,0.012708,1.614862e-07
2026-10-08 09:37:00,3,9,37,4.7597,3.0,3.0,0.013685,1.872858e-07
2026-10-08 09:37:30,3,9,37,1.0015,2.0,2.0,0.085044,7.23248e-06
2026-10-08 09:38:00,3,9,38,12.2792,4.0,4.0,0.134897,1.8e-05
2026-10-08 09:38:30,3,9,38,9.1937,2.0,2.0,0.087977,7.739871e-06
2026-10-08 09:39:00,3,9,39,4.1571,4.0,4.0,0.012708,1.614862e-07
2026-10-08 09:39:30,3,9,39,14.8435,3.0,3.0,0.013685,1.872858e-07
2026-10-08 09:40:00,3,9,40,7.2938,4.0,4.0,0.0,0.0
2026-10-08 09:40:30,3,9,40,9.7811,5.0,5.0,0.442815,0.000196
2026-10-08 09:41:00,3,9,41,4.1571,4.0,4.0,0.041056,1.685572e-06
2026-10-08 09:41:30,3,9,41,7.6683,2.0,2.0,0.265885,7.1e-05
2026-10-08 09:42:00,3,9,42,61.9991,2.0,2.0,0.0,0.0
2026-10-08 09:42:30,3,9,42,6.4526,2.0,2.0,0.013685,1.872858e-07
2026-10-08 09:43:00,3,9,43,15.0411,2.0,2.0,0.01564,2.446181e-07
2026-10-08 09:43:30,3,9,43,21.9102,4.0,4.0,0.01955,3.822159e-07
2026-10-08 09:44:00,3,9,44,1.7374,3.0,3.0,0.013685,1.872858e-07
2026-10-08 09:44:30,3,9,44,1.8394,3.0,3.0,0.068426,4.682145e-06
2026-10-08 09:45:00,3,9,45,11.8107,3.0,3.0,0.044966,2.021922e-06
2026-10-08 09:45:30,3,9,45,13.0649,5.0,5.0,0.080156,6.425048e-06
2026-10-08 09:46:00,3,9,46,1.8772,4.0,4.0,0.065494,4.289418e-06
2026-10-08 09:46:30,3,9,46,11.7929,2.0,2.0,0.014663,2.149964e-07
2026-10-08 09:47:00,3,9,47,4.0831,1.0,1.0,0.0,0.0
2026-10-08 09:47:30,3,9,47,14.4321,1.0,1.0,0.013685,1.872858e-07
2026-10-08 09:48:00,3,9,48,9.8418,3.0,3.0,0.014663,2.149964e-07
2026-10-08 09:48:30,3,9,48,12.4415,3.0,3.0,0.016618,2.76151e-07
2026-10-08 09:49:00,3,9,49,33.5748,2.0,2.0,0.253177,6.4e-05
2026-10-08 09:49:30,3,9,49,9.2688,4.0,4.0,0.013685,1.872858e-07
2026-10-08 09:50:00,3,9,50,16.1821,2.0,2.0,0.013685,1.872858e-07
2026-10-08 09:50:30,3,9,50,6.2803,2.0,2.0,0.013685,1.872858e-07
2026-10-08 09:51:00,3,9,51,1.0015,2.0,2.0,0.265885,7.1e-05
2026-10-08 09:51:30,3,9,51,5.153,3.0,3.0,0.063539,4.037155e-06
2026-10-08 09:52:00,3,9,52,10.5602,5.0,5.0,0.084066,7.067172e-06
2026-10-08 09:52:30,3,9,52,12.3407,2.0,2.0,0.014663,2.149964e-07
2026-10-08 09:53:00,3,9,53,2.3473,5.0,5.0,0.013685,1.872858e-07
2026-10-08 09:53:30,3,9,53,4.8282,3.0,3.0,0.014663,2.149964e-07
2026-10-08 09:54:00,3,9,54,13.853,3.0,3.0,0.006843,4.682144e-08
2026-10-08 09:54:30,3,9,54,1.7374,3.0,3.0,0.009775,9.555396e-08
2026-10-08 09:55:00,3,9,55,8.6127,4.0,4.0,0.013685,1.872858e-07
2026-10-08 09:55:30,3,9,55,2.7209,3.0,3.0,0.013685,1.872858e-07
2026-10-08 09:56:00,3,9,56,2.8701,2.0,2.0,0.01564,2.446181e-07
2026-10-08 09:56:30,3,9,56,22.8143,3.0,3.0,0.012708,1.614862e-07
2026-10-08 09:57:00,3,9,57,9.0775,4.0,4.0,0.29521,8.7e-05
2026-10-08 09:57:30,3,9,57,4.3659,5.0,5.0,0.013685,1.872858e-07
2026-10-08 09:58:00,3,9,58,30.8126,2.0,2.0,0.29521,8.7e-05
2026-10-08 09:58:30,3,9,58,67.8325,1.0,1.0,0.013685,1.872858e-07
2026-10-08 09:59:00,3,9,59,5.153,3.0,3.0,0.27957,7.8e-05
2026-10-08 09:59:30,3,9,59,4.6173,1.0,1.0,0.013685,1.872858e-07
2026-10-08 10:00:00,3,10,0,1.4534,3.0,3.0,0.115347,1.3e-05
2026-10-08 10:00:30,3,10,0,3.409,6.0,6.0,0.084066,7.067172e-06
2026-10-08 10:01:00,3,10,1,19.7884,3.0,3.0,0.379277,0.000144
2026-10-08 10:01:30,3,10,1,1.9545,3.0,3.0,0.067449,4.549325e-06
2026-10-08 10:02:00,3,10,2,9.7428,4.0,4.0,0.229717,5.3e-05
2026-10-08 10:02:30,3,10,2,3.9555,5.0,5.0,0.402737,0.000162
2026-10-08 10:03:00,3,10,3,2.7761,4.0,4.0,0.27957,7.8e-05
2026-10-08 10:03:30,3,10,3,4.1959,4.0,4.0,0.056696,3.214436e-06
2026-10-08 10:04:00,3,10,4,3.9425,4.0,4.0,0.086022,7.399699e-06
2026-10-08 10:04:30,3,10,4,1.9545,3.0,3.0,0.358749,0.000129
2026-10-08 10:05:00,3,10,5,1.8435,3.0,3.0,0.062561,3.91389e-06
2026-10-08 10:05:30,3,10,5,4.8224,5.0,5.0,0.31085,9.7e-05
2026-10-08 10:06:00,3,10,6,3.5703,4.0,4.0,0.076246,5.813504e-06
2026-10-08 10:06:30,3,10,6,0.6679,2.0,2.0,0.134897,1.8e-05
2026-10-08 10:07:00,3,10,7,3.1942,3.0,3.0,0.117302,1.4e-05
2026-10-08 10:07:30,3,10,7,0.419,5.0,5.0,0.426197,0.000182
2026-10-08 10:08:00,3,10,8,7.1382,4.0,4.0,0.16911,2.9e-05
2026-10-08 10:08:30,3,10,8,1.7996,5.0,5.0,0.217986,4.8e-05
2026-10-08 10:09:00,3,10,9,7.4707,2.0,2.0,0.076246,5.813504e-06
2026-10-08 10:09:30,3,10,9,7.4707,2.0,2.0,0.134897,1.8e-05
2026-10-08 10:10:00,3,10,10,23.007,4.0,4.0,0.418377,0.000175
2026-10-08 10:10:30,3,10,10,3.5528,5.0,5.0,0.098729,9.747461e-06
2026-10-08 10:11:00,3,10,11,3.151,5.0,5.0,0.244379,6e-05
2026-10-08 10:11:30,3,10,11,4.2718,5.0,5.0,0.135875,1.8e-05
2026-10-08 10:12:00,3,10,12,1.3304,6.0,6.0,0.108504,1.2e-05
2026-10-08 10:12:30,3,10,12,2.2579,4.0,4.0,0.115347,1.3e-05
2026-10-08 10:13:00,3,10,13,67.7132,4.0,4.0,0.213099,4.5e-05
2026-10-08 10:13:30,3,10,13,2.7327,6.0,6.0,0.098729,9.747461e-06
2026-10-08 10:14:00,3,10,14,22.9477,5.0,5.0,0.134897,1.8e-05
2026-10-08 10:14:30,3,10,14,4.7545,4.0,4.0,0.088954,7.912824e-06
2026-10-08 10:15:00,3,10,15,4.0083,6.0,6.0,0.177908,3.2e-05
2026-10-08 10:15:30,3,10,15,1.9065,4.0,4.0,0.213099,4.5e-05
2026-10-08 10:16:00,3,10,16,8.3502,3.0,3.0,0.27566,7.6e-05
2026-10-08 10:16:30,3,10,16,10.3546,3.0,3.0,0.013685,1.872858e-07
2026-10-08 10:17:00,3,10,17,9.9306,2.0,2.0,0.013685,1.872858e-07
2026-10-08 10:17:30,3,10,17,3.2416,4.0,4.0,0.124145,1.5e-05
2026-10-08 10:18:00,3,10,18,36.3411,2.0,2.0,0.000978,9.555396e-10
2026-10-08 10:18:30,3,10,18,23.105,1.0,1.0,0.0,0.0
2026-10-08 10:19:00,3,10,19,2.1681,4.0,4.0,0.013685,1.872858e-07
2026-10-08 10:19:30,3,10,19,1.3252,4.0,4.0,0.013685,1.872858e-07
2026-10-08 10:20:00,3,10,20,11.0045,2.0,2.0,0.013685,1.872858e-07
2026-10-08 10:20:30,3,10,20,9.173,4.0,4.0,0.093842,8.806253e-06
2026-10-08 10:21:00,3,10,21,7.9585,3.0,3.0,0.013685,1.872858e-07
2026-10-08 10:21:30,3,10,21,4.5321,5.0,5.0,0.0,0.0
2026-10-08 10:22:00,3,10,22,2.2886,1.0,1.0,0.006843,4.682144e-08
2026-10-08 10:22:30,3,10,22,6.2468,4.0,4.0,0.082111,6.742288e-06
2026-10-08 10:23:00,3,10,23,2.7209,3.0,3.0,0.013685,1.872858e-07
2026-10-08 10:23:30,3,10,23,9.9117,4.0,4.0,0.0,0.0
2026-10-08 10:24:00,3,10,24,4.0831,1.0,1.0,0.013685,1.872858e-07
2026-10-08 10:24:30,3,10,24,28.987,2.0,2.0,0.013685,1.872858e-07
2026-10-08 10:25:00,3,10,25,11.3069,2.0,2.0,0.261975,6.9e-05
2026-10-08 10:25:30,3,10,25,6.2765,4.0,4.0,0.013685,1.872858e-07
2026-10-08 10:26:00,3,10,26,12.3407,2.0,2.0,0.013685,1.872858e-07
2026-10-08 10:26:30,3,10,26,1.0015,2.0,2.0,0.124145,1.5e-05
2026-10-08 10:27:00,3,10,27,8.5776,2.0,2.0,0.01564,2.446181e-07
2026-10-08 10:27:30,3,10,27,7.6219,4.0,4.0,0.012708,1.614862e-07
2026-10-08 10:28:00,3,10,28,32.7927,2.0,2.0,0.016618,2.76151e-07
2026-10-08 10:28:30,3,10,28,2.6554,3.0,3.0,0.013685,1.872858e-07
2026-10-08 10:29:00,3,10,29,59.5625,3.0,3.0,0.013685,1.872858e-07
2026-10-08 10:29:30,3,10,29,8.602,4.0,4.0,0.013685,1.872858e-07
2026-10-08 10:30:00,3,10,30,11.1455,2.0,2.0,0.013685,1.872858e-07
2026-10-08 10:30:30,3,10,30,5.1724,2.0,2.0,0.013685,1.872858e-07
2026-10-08 10:31:00,3,10,31,15.3178,2.0,2.0,0.177908,3.2e-05
2026-10-08 10:31:30,3,10,31,5.153,3.0,3.0,0.420332,0.000177
2026-10-08 10:32:00,3,10,32,5.3247,3.0,3.0,0.044966,2.021922e-06
2026-10-08 10:32:30,3,10,32,15.2381,3.0,3.0,0.016618,2.76151e-07
2026-10-08 10:33:00,3,10,33,12.197,3.0,3.0,0.014663,2.149964e-07
2026-10-08 10:33:30,3,10,33,11.3544,4.0,4.0,0.013685,1.872858e-07
2026-10-08 10:34:00,3,10,34,11.3544,4.0,4.0,0.018573,3.449499e-07
2026-10-08 10:34:30,3,10,34,9.1937,2.0,2.0,0.016618,2.76151e-07
2026-10-08 10:35:00,3,10,35,10.476,2.0,2.0,0.30303,9.2e-05
2026-10-08 10:35:30,3,10,35,4.5562,3.0,3.0,0.085044,7.23248e-06
2026-10-08 10:36:00,3,10,36,1.7374,3.0,3.0,0.177908,3.2e-05
2026-10-08 10:36:30,3,10,36,23.9717,3.0,3.0,0.226784,5.1e-05
2026-10-08 10:37:00,3,10,37,1.6341,2.0,2.0,0.058651,3.439943e-06
2026-10-08 10:37:30,3,10,37,5.7815,3.0,3.0,0.005865,3.439943e-08
2026-10-08 10:38:00,3,10,38,1.2089,3.0,3.0,0.123167,1.5e-05
2026-10-08 10:38:30,3,10,38,12.0665,2.0,2.0,0.013685,1.872858e-07
2026-10-08 10:39:00,3,10,39,9.2688,4.0,4.0,0.014663,2.149964e-07
2026-10-08 10:39:30,3,10,39,32.0471,2.0,2.0,0.013685,1.872858e-07
2026-10-08 10:40:00,3,10,40,4.8704,1.0,1.0,0.205279,4.2e-05
2026-10-08 10:40:30,3,10,40,9.8619,2.0,2.0,0.013685,1.872858e-07
2026-10-08 10:41:00,3,10,41,10.3782,3.0,3.0,0.013685,1.872858e-07
2026-10-08 10:41:30,3,10,41,10.0093,2.0,2.0,0.013685,1.872858e-07
2026-10-08 10:42:00,3,10,42,11.1455,2.0,2.0,0.013685,1.872858e-07
2026-10-08 10:42:30,3,10,42,10.3783,2.0,2.0,0.269795,7.3e-05
2026-10-08 10:43:00,3,10,43,5.5321,2.0,2.0,0.000978,9.555396e-10
2026-10-08 10:43:30,3,10,43,32.56,2.0,2.0,0.202346,4.1e-05
2026-10-08 10:44:00,3,10,44,6.2038,2.0,2.0,0.013685,1.872858e-07
2026-10-08 10:44:30,3,10,44,8.9729,4.0,4.0,0.013685,1.872858e-07
2026-10-08 10:45:00,3,10,45,1.5757,2.0,2.0,0.005865,3.439943e-08
2026-10-08 10:45:30,3,10,45,67.3308,1.0,1.0,0.013685,1.872858e-07
2026-10-08 10:46:00,3,10,46,10.767,2.0,2.0,0.013685,1.872858e-07
2026-10-08 10:46:30,3,10,46,6.3406,3.0,3.0,0.16911,2.9e-05
2026-10-08 10:47:00,3,10,47,17.6956,4.0,4.0,0.196481,3.9e-05
2026-10-08 10:47:30,3,10,47,8.6585,2.0,2.0,0.014663,2.149964e-07
2026-10-08 10:48:00,3,10,48,22.233,4.0,4.0,0.013685,1.872858e-07
2026-10-08 10:48:30,3,10,48,5.1724,2.0,2.0,0.013685,1.872858e-07
2026-10-08 10:49:00,3,10,49,5.7513,2.0,2.0,0.013685,1.872858e-07
2026-10-08 10:49:30,3,10,49,10.5602,5.0,5.0,0.013685,1.872858e-07
2026-10-08 10:50:00,3,10,50,15.3419,2.0,2.0,0.014663,2.149964e-07
2026-10-08 10:50:30,3,10,50,17.9777,4.0,4.0,0.018573,3.449499e-07
2026-10-08 10:51:00,3,10,51,26.4596,2.0,2.0,0.013685,1.872858e-07
2026-10-08 10:51:30,3,10,51,10.476,2.0,2.0,0.013685,1.872858e-07
2026-10-08 10:52:00,3,10,52,4.6173,1.0,1.0,0.106549,1.1e-05
2026-10-08 10:52:30,3,10,52,1.9078,5.0,5.0,0.013685,1.872858e-07
2026-10-08 10:53:00,3,10,53,7.5234,3.0,3.0,0.013685,1.872858e-07
2026-10-08 10:53:30,3,10,53,2.8361,2.0,2.0,0.013685,1.872858e-07
2026-10-08 10:54:00,3,10,54,15.0121,4.0,4.0,0.013685,1.872858e-07
2026-10-08 10:54:30,3,10,54,0.9324,3.0,3.0,0.481916,0.000232
2026-10-08 10:55:00,3,10,55,3.7144,3.0,3.0,0.014663,2.149964e-07
2026-10-08 10:55:30,3,10,55,6.5891,3.0,3.0,0.135875,1.8e-05
2026-10-08 10:56:00,3,10,56,17.6369,3.0,3.0,0.087977,7.739871e-06
2026-10-08 10:56:30,3,10,56,2.714,3.0,3.0,0.013685,1.872858e-07
2026-10-08 10:57:00,3,10,57,32.7927,2.0,2.0,0.028348,8.036089e-07
2026-10-08 10:57:30,3,10,57,12.899,2.0,2.0,0.308895,9.5e-05
2026-10-08 10:58:00,3,10,58,15.1229,2.0,2.0,0.013685,1.872858e-07
2026-10-08 10:58:30,3,10,58,5.3718,1.0,1.0,0.01564,2.446181e-07
2026-10-08 10:59:00,3,10,59,2.1703,3.0,3.0,0.16911,2.9e-05
2026-10-08 10:59:30,3,10,59,3.4555,2.0,2.0,0.013685,1.872858e-07
2026-10-08 11:00:00,3,11,0,33.1222,2.0,2.0,0.012708,1.614862e-07
2026-10-08 11:00:30,3,11,0,5.3718,1.0,1.0,0.013685,1.872858e-07
2026-10-08 11:01:00,3,11,1,10.3783,2.0,2.0,0.255132,6.5e-05
2026-10-08 11:01:30,3,11,1,7.1714,3.0,3.0,0.013685,1.872858e-07
2026-10-08 11:02:00,3,11,2,2.7209,3.0,3.0,0.017595,3.095949e-07
2026-10-08 11:02:30,3,11,2,6.4773,3.0,3.0,0.0,0.0
2026-10-08 11:03:00,3,11,3,10.3546,3.0,3.0,0.496579,0.000247
2026-10-08 11:03:30,3,11,3,15.0411,2.0,2.0,0.013685,1.872858e-07
2026-10-08 11:04:00,3,11,4,14.5312,3.0,3.0,0.359726,0.000129
2026-10-08 11:04:30,3,11,4,12.3214,3.0,3.0,0.014663,2.149964e-07
2026-10-08 11:05:00,3,11,5,6.9928,2.0,2.0,0.0,0.0
2026-10-08 11:05:30,3,11,5,9.9055,2.0,2.0,0.146628,2.1e-05
2026-10-08 11:06:00,3,11,6,17.426,2.0,2.0,0.013685,1.872858e-07
2026-10-08 11:06:30,3,11,6,6.4049,2.0,2.0,0.075269,5.665395e-06
2026-10-08 11:07:00,3,11,7,8.4199,3.0,3.0,0.013685,1.872858e-07
2026-10-08 11:07:30,3,11,7,12.4173,3.0,3.0,0.013685,1.872858e-07
2026-10-08 11:08:00,3,11,8,20.0244,3.0,3.0,0.013685,1.872858e-07
2026-10-08 11:08:30,3,11,8,6.6068,1.0,1.0,0.01564,2.446181e-07
2026-10-08 11:09:00,3,11,9,4.2808,4.0,4.0,0.014663,2.149964e-07
2026-10-08 11:09:30,3,11,9,5.8365,3.0,3.0,0.013685,1.872858e-07
2026-10-08 11:10:00,3,11,10,11.1455,2.0,2.0,0.063539,4.037155e-06
2026-10-08 11:10:30,3,11,10,22.7701,4.0,4.0,0.01955,3.822159e-07
2026-10-08 11:11:00,3,11,11,11.3357,3.0,3.0,0.005865,3.439943e-08
2026-10-08 11:11:30,3,11,11,33.5748,2.0,2.0,0.640274,0.00041
2026-10-08 11:12:00,3,11,12,12.6581,3.0,3.0,0.093842,8.806253e-06
2026-10-08 11:12:30,3,11,12,15.1625,2.0,2.0,0.01564,2.446181e-07
2026-10-08 11:13:00,3,11,13,7.0931,2.0,2.0,0.013685,1.872858e-07
2026-10-08 11:13:30,3,11,13,6.3406,3.0,3.0,0.013685,1.872858e-07
2026-10-08 11:14:00,3,11,14,1.2211,2.0,2.0,0.112414,1.3e-05
2026-10-08 11:14:30,3,11,14,6.8611,3.0,3.0,0.01564,2.446181e-07
2026-10-08 11:15:00,3,11,15,13.2621,2.0,2.0,0.15738,2.5e-05
2026-10-08 11:15:30,3,11,15,3.7144,3.0,3.0,0.076246,5.813504e-06
2026-10-08 11:16:00,3,11,16,12.3409,3.0,3.0,0.167155,2.8e-05
2026-10-08 11:16:30,3,11,16,14.5312,3.0,3.0,0.01564,2.446181e-07
2026-10-08 11:17:00,3,11,17,0.9324,3.0,3.0,0.044966,2.021922e-06
2026-10-08 11:17:30,3,11,17,1.9008,4.0,4.0,0.013685,1.872858e-07
2026-10-08 11:18:00,3,11,18,1.5071,2.0,2.0,0.013685,1.872858e-07
2026-10-08 11:18:30,3,11,18,9.2688,4.0,4.0,0.013685,1.872858e-07
2026-10-08 11:19:00,3,11,19,7.9854,2.0,2.0,0.016618,2.76151e-07
2026-10-08 11:19:30,3,11,19,18.3526,3.0,3.0,0.013685,1.872858e-07
2026-10-08 11:20:00,3,11,20,6.2803,2.0,2.0,0.014663,2.149964e-07
2026-10-08 11:20:30,3,11,20,3.2487,3.0,3.0,0.0,0.0
2026-10-08 11:21:00,3,11,21,8.7668,3.0,3.0,0.071359,5.092071e-06
2026-10-08 11:21:30,3,11,21,1.5469,3.0,3.0,0.090909,8.264464e-06
2026-10-08 11:22:00,3,11,22,11.3544,4.0,4.0,0.088954,7.912824e-06
2026-10-08 11:22:30,3,11,22,11.3039,2.0,2.0,0.115347,1.3e-05
2026-10-08 11:23:00,3,11,23,17.0153,4.0,4.0,0.252199,6.4e-05
2026-10-08 11:23:30,3,11,23,3.2416,4.0,4.0,0.013685,1.872858e-07
2026-10-08 11:24:00,3,11,24,16.4464,3.0,3.0,0.013685,1.872858e-07
2026-10-08 11:24:30,3,11,24,12.0665,2.0,2.0,0.013685,1.872858e-07
2026-10-08 11:25:00,3,11,25,11.2365,2.0,2.0,0.0,0.0
2026-10-08 11:25:30,3,11,25,19.3456,2.0,2.0,0.41349,0.000171
2026-10-08 11:26:00,3,11,26,12.7182,3.0,3.0,0.0,0.0
2026-10-08 11:26:30,3,11,26,9.9776,2.0,2.0,0.014663,2.149964e-07
2026-10-08 11:27:00,3,11,27,1.8394,3.0,3.0,0.061584,3.792537e-06
2026-10-08 11:27:30,3,11,27,6.3406,3.0,3.0,0.085044,7.23248e-06
2026-10-08 11:28:00,3,11,28,7.0863,1.0,1.0,0.013685,1.872858e-07
2026-10-08 11:28:30,3,11,28,6.6946,2.0,2.0,0.013685,1.872858e-07
2026-10-08 11:29:00,3,11,29,18.7861,4.0,4.0,0.013685,1.872858e-07
2026-10-08 11:29:30,3,11,29,13.1753,3.0,3.0,0.01564,2.446181e-07
2026-10-08 11:30:00,3,11,30,59.2468,3.0,3.0,0.164223,2.7e-05
2026-10-08 11:30:30,3,11,30,1.7374,3.0,3.0,0.013685,1.872858e-07
2026-10-08 11:31:00,3,11,31,15.3419,2.0,2.0,0.013685,1.872858e-07
2026-10-08 11:31:30,3,11,31,18.2893,4.0,4.0,0.191593,3.7e-05
2026-10-08 11:32:00,3,11,32,7.6791,4.0,4.0,0.108504,1.2e-05
2026-10-08 11:32:30,3,11,32,6.2468,4.0,4.0,0.196481,3.9e-05
2026-10-08 11:33:00,3,11,33,7.6219,4.0,4.0,0.0,0.0
2026-10-08 11:33:30,3,11,33,11.392,3.0,3.0,0.013685,1.872858e-07
2026-10-08 11:34:00,3,11,34,13.0649,5.0,5.0,0.0,0.0
2026-10-08 11:34:30,3,11,34,14.9813,2.0,2.0,0.035191,1.238379e-06
2026-10-08 11:35:00,3,11,35,9.9776,2.0,2.0,0.013685,1.872858e-07
2026-10-08 11:35:30,3,11,35,20.0409,3.0,3.0,0.013685,1.872858e-07
2026-10-08 11:36:00,3,11,36,5.7513,2.0,2.0,0.076246,5.813504e-06
2026-10-08 11:36:30,3,11,36,9.0853,2.0,2.0,0.300098,9e-05
2026-10-08 11:37:00,3,11,37,19.9333,2.0,2.0,0.00782,6.115454e-08
2026-10-08 11:37:30,3,11,37,32.7927,2.0,2.0,0.013685,1.872858e-07
2026-10-08 11:38:00,3,11,38,6.6946,2.0,2.0,0.013685,1.872858e-07
2026-10-08 11:38:30,3,11,38,20.0409,3.0,3.0,0.013685,1.872858e-07
2026-10-08 11:39:00,3,11,39,10.1392,4.0,4.0,0.013685,1.872858e-07
2026-10-08 11:39:30,3,11,39,2.1681,4.0,4.0,0.593353,0.000352
2026-10-08 11:40:00,3,11,40,10.4539,2.0,2.0,0.030303,9.182737e-07
2026-10-08 11:40:30,3,11,40,33.1222,2.0,2.0,0.281525,7.9e-05
2026-10-08 11:41:00,3,11,41,3.4333,4.0,4.0,0.013685,1.872858e-07
2026-10-08 11:41:30,3,11,41,11.3097,2.0,2.0,0.063539,4.037155e-06
2026-10-08 11:42:00,3,11,42,1.8125,3.0,3.0,0.241447,5.8e-05
2026-10-08 11:42:30,3,11,42,2.2537,3.0,3.0,0.013685,1.872858e-07
2026-10-08 11:43:00,3,11,43,9.0853,2.0,2.0,0.014663,2.149964e-07
2026-10-08 11:43:30,3,11,43,4.8737,1.0,1.0,0.035191,1.238379e-06
2026-10-08 11:44:00,3,11,44,9.3303,4.0,4.0,0.0,0.0
2026-10-08 11:44:30,3,11,44,1.233,4.0,4.0,0.013685,1.872858e-07
2026-10-08 11:45:00,3,11,45,17.6956,4.0,4.0,0.168133,2.8e-05
2026-10-08 11:45:30,3,11,45,9.9574,3.0,3.0,0.013685,1.872858e-07
2026-10-08 11:46:00,3,11,46,2.1545,2.0,2.0,0.359726,0.000129
2026-10-08 11:46:30,3,11,46,3.5675,2.0,2.0,0.016618,2.76151e-07
2026-10-08 11:47:00,3,11,47,19.3456,2.0,2.0,0.014663,2.149964e-07
2026-10-08 11:47:30,3,11,47,22.8143,3.0,3.0,0.084066,7.067172e-06
2026-10-08 11:48:00,3,11,48,7.0863,1.0,1.0,0.013685,1.872858e-07
2026-10-08 11:48:30,3,11,48,1.745,3.0,3.0,0.014663,2.149964e-07
2026-10-08 11:49:00,3,11,49,12.1602,4.0,4.0,0.012708,1.614862e-07
2026-10-08 11:49:30,3,11,49,2.4682,2.0,2.0,0.0,0.0
2026-10-08 11:50:00,3,11,50,18.7861,4.0,4.0,0.085044,7.23248e-06
2026-10-08 11:50:30,3,11,50,2.4494,3.0,3.0,0.013685,1.872858e-07
2026-10-08 11:51:00,3,11,51,8.7668,3.0,3.0,0.086022,7.399699e-06
2026-10-08 11:51:30,3,11,51,40.3832,3.0,3.0,0.146628,2.1e-05
2026-10-08 11:52:00,3,11,52,22.7701,4.0,4.0,0.244379,6e-05
2026-10-08 11:52:30,3,11,52,10.1337,2.0,2.0,0.017595,3.095949e-07
2026-10-08 11:53:00,3,11,53,7.4709,2.0,2.0,0.065494,4.289418e-06
2026-10-08 11:53:30,3,11,53,11.1455,2.0,2.0,0.013685,1.872858e-07
2026-10-08 11:54:00,3,11,54,3.2163,2.0,2.0,0.205279,4.2e-05
2026-10-08 11:54:30,3,11,54,17.6956,4.0,4.0,0.051808,2.684111e-06
2026-10-08 11:55:00,3,11,55,5.3718,1.0,1.0,0.013685,1.872858e-07
2026-10-08 11:55:30,3,11,55,6.5266,3.0,3.0,0.014663,2.149964e-07
2026-10-08 11:56:00,3,11,56,2.714,3.0,3.0,0.0,0.0
2026-10-08 11:56:30,3,11,56,11.5217,2.0,2.0,0.013685,1.872858e-07
2026-10-08 11:57:00,3,11,57,9.1064,3.0,3.0,0.013685,1.872858e-07
2026-10-08 11:57:30,3,11,57,4.4928,4.0,4.0,0.013685,1.872858e-07
2026-10-08 11:58:00,3,11,58,18.2893,4.0,4.0,0.013685,1.872858e-07
2026-10-08 11:58:30,3,11,58,13.5713,3.0,3.0,0.013685,1.872858e-07
2026-10-08 11:59:00,3,11,59,10.1236,3.0,3.0,0.016618,2.76151e-07
2026-10-08 11:59:30,3,11,59,2.0243,4.0,4.0,0.358749,0.000129
2026-10-08 12:00:00,3,12,0,1.0814,5.0,5.0,0.558162,0.000312
2026-10-08 12:00:30,3,12,0,1.9805,4.0,4.0,0.181818,3.3e-05
2026-10-08 12:01:00,3,12,1,24.2942,5.0,5.0,0.098729,9.747461e-06
2026-10-08 12:01:30,3,12,1,6.3225,4.0,4.0,0.332356,0.00011
2026-10-08 12:02:00,3,12,2,2.9625,4.0,4.0,0.087977,7.739871e-06
2026-10-08 12:02:30,3,12,2,0.419,5.0,5.0,0.215054,4.6e-05
2026-10-08 12:03:00,3,12,3,6.5119,4.0,4.0,0.086022,7.399699e-06
2026-10-08 12:03:30,3,12,3,3.5962,5.0,5.0,0.117302,1.4e-05
2026-10-08 12:04:00,3,12,4,6.6434,5.0,5.0,0.317693,0.000101
2026-10-08 12:04:30,3,12,4,8.9891,3.0,3.0,0.308895,9.5e-05
2026-10-08 12:05:00,3,12,5,3.8196,4.0,4.0,0.347996,0.000121
2026-10-08 12:05:30,3,12,5,4.876,4.0,4.0,0.134897,1.8e-05
2026-10-08 12:06:00,3,12,6,67.7132,4.0,4.0,0.076246,5.813504e-06
2026-10-08 12:06:30,3,12,6,2.7327,6.0,6.0,0.088954,7.912824e-06
2026-10-08 12:07:00,3,12,7,4.5377,4.0,4.0,0.090909,8.264464e-06
2026-10-08 12:07:30,3,12,7,5.3606,4.0,4.0,0.215054,4.6e-05
2026-10-08 12:08:00,3,12,8,1.24,4.0,4.0,0.16911,2.9e-05
2026-10-08 12:08:30,3,12,8,2.1091,3.0,3.0,0.086022,7.399699e-06
2026-10-08 12:09:00,3,12,9,3.9536,5.0,5.0,0.379277,0.000144
2026-10-08 12:09:30,3,12,9,21.2434,4.0,4.0,0.086999,7.568829e-06
2026-10-08 12:10:00,3,12,10,5.105,3.0,3.0,0.086022,7.399699e-06
2026-10-08 12:10:30,3,12,10,3.6394,4.0,4.0,0.062561,3.91389e-06
2026-10-08 12:11:00,3,12,11,12.1541,3.0,3.0,0.067449,4.549325e-06
2026-10-08 12:11:30,3,12,11,2.2642,4.0,4.0,0.460411,0.000212
2026-10-08 12:12:00,3,12,12,85.6694,4.0,4.0,0.185728,3.4e-05
2026-10-08 12:12:30,3,12,12,2.4356,3.0,3.0,0.379277,0.000144
2026-10-08 12:13:00,3,12,13,0.873,3.0,3.0,0.347996,0.000121
2026-10-08 12:13:30,3,12,13,2.729,4.0,4.0,0.044966,2.021922e-06
2026-10-08 12:14:00,3,12,14,12.7353,5.0,5.0,0.321603,0.000103
2026-10-08 12:14:30,3,12,14,2.3635,3.0,3.0,0.14956,2.2e-05
2026-10-08 12:15:00,3,12,15,4.8711,4.0,4.0,0.086999,7.568829e-06
2026-10-08 12:15:30,3,12,15,4.2981,3.0,3.0,0.159335,2.5e-05
2026-10-08 12:16:00,3,12,16,13.4709,4.0,4.0,0.191593,3.7e-05
2026-10-08 12:16:30,3,12,16,8.3392,4.0,4.0,0.000978,9.555396e-10
2026-10-08 12:17:00,3,12,17,19.6078,4.0,4.0,0.018573,3.449499e-07
2026-10-08 12:17:30,3,12,17,15.1229,2.0,2.0,0.014663,2.149964e-07
2026-10-08 12:18:00,3,12,18,2.2537,3.0,3.0,0.068426,4.682145e-06
2026-10-08 12:18:30,3,12,18,4.8282,3.0,3.0,0.013685,1.872858e-07
2026-10-08 12:19:00,3,12,19,9.0853,2.0,2.0,0.253177,6.4e-05
2026-10-08 12:19:30,3,12,19,6.4049,2.0,2.0,0.013685,1.872858e-07
2026-10-08 12:20:00,3,12,20,8.5713,3.0,3.0,0.179863,3.2e-05
2026-10-08 12:20:30,3,12,20,7.9854,2.0,2.0,0.000978,9.555396e-10
2026-10-08 12:21:00,3,12,21,9.6115,2.0,2.0,0.012708,1.614862e-07
2026-10-08 12:21:30,3,12,21,41.0188,2.0,2.0,0.014663,2.149964e-07
2026-10-08 12:22:00,3,12,22,12.3409,3.0,3.0,0.014663,2.149964e-07
2026-10-08 12:22:30,3,12,22,14.4321,1.0,1.0,0.013685,1.872858e-07
2026-10-08 12:23:00,3,12,23,1.5469,3.0,3.0,0.640274,0.00041
2026-10-08 12:23:30,3,12,23,12.1602,4.0,4.0,0.013685,1.872858e-07
2026-10-08 12:24:00,3,12,24,10.5663,2.0,2.0,0.013685,1.872858e-07
2026-10-08 12:24:30,3,12,24,13.1753,3.0,3.0,0.317693,0.000101
2026-10-08 12:25:00,3,12,25,2.0517,3.0,3.0,0.013685,1.872858e-07
2026-10-08 12:25:30,3,12,25,1.932,2.0,2.0,0.096774,9.365243e-06
2026-10-08 12:26:00,3,12,26,8.5667,4.0,4.0,0.013685,1.872858e-07
2026-10-08 12:26:30,3,12,26,3.2566,2.0,2.0,0.013685,1.872858e-07
2026-10-08 12:27:00,3,12,27,2.1703,3.0,3.0,0.075269,5.665395e-06
2026-10-08 12:27:30,3,12,27,15.4865,3.0,3.0,0.0,0.0
2026-10-08 12:28:00,3,12,28,7.5234,3.0,3.0,0.442815,0.000196
2026-10-08 12:28:30,3,12,28,1.6922,2.0,2.0,0.420332,0.000177
2026-10-08 12:29:00,3,12,29,10.9254,3.0,3.0,0.640274,0.00041
2026-10-08 12:29:30,3,12,29,8.3008,2.0,2.0,0.0,0.0
2026-10-08 12:30:00,3,12,30,3.8631,2.0,2.0,0.013685,1.872858e-07
2026-10-08 12:30:30,3,12,30,8.6127,4.0,4.0,0.090909,8.264464e-06
2026-10-08 12:31:00,3,12,31,5.8365,3.0,3.0,0.063539,4.037155e-06
2026-10-08 12:31:30,3,12,31,8.5776,2.0,2.0,0.02346,5.503908e-07
2026-10-08 12:32:00,3,12,32,40.3832,3.0,3.0,0.013685,1.872858e-07
2026-10-08 12:32:30,3,12,32,14.9813,2.0,2.0,0.014663,2.149964e-07
2026-10-08 12:33:00,3,12,33,8.9729,4.0,4.0,0.300098,9e-05
2026-10-08 12:33:30,3,12,33,17.6369,3.0,3.0,0.01564,2.446181e-07
2026-10-08 12:34:00,3,12,34,7.6219,4.0,4.0,0.228739,5.2e-05
2026-10-08 12:34:30,3,12,34,6.4773,3.0,3.0,0.370479,0.000137
2026-10-08 12:35:00,3,12,35,11.7723,2.0,2.0,0.088954,7.912824e-06
2026-10-08 12:35:30,3,12,35,3.2487,3.0,3.0,0.013685,1.872858e-07
2026-10-08 12:36:00,3,12,36,10.0748,4.0,4.0,0.044966,2.021922e-06
2026-10-08 12:36:30,3,12,36,32.7927,2.0,2.0,0.01564,2.446181e-07
2026-10-08 12:37:00,3,12,37,15.2381,3.0,3.0,0.044966,2.021922e-06
2026-10-08 12:37:30,3,12,37,1.2996,2.0,2.0,0.0,0.0
2026-10-08 12:38:00,3,12,38,25.2913,2.0,2.0,0.41349,0.000171
2026-10-08 12:38:30,3,12,38,14.5312,3.0,3.0,0.013685,1.872858e-07
2026-10-08 12:39:00,3,12,39,3.5139,5.0,5.0,0.013685,1.872858e-07
2026-10-08 12:39:30,3,12,39,3.6232,3.0,3.0,0.058651,3.439943e-06
2026-10-08 12:40:00,3,12,40,12.899,2.0,2.0,0.013685,1.872858e-07
2026-10-08 12:40:30,3,12,40,10.9254,3.0,3.0,0.014663,2.149964e-07
2026-10-08 12:41:00,3,12,41,11.392,3.0,3.0,0.013685,1.872858e-07
2026-10-08 12:41:30,3,12,41,67.3308,1.0,1.0,0.166178,2.8e-05
2026-10-08 12:42:00,3,12,42,16.4179,3.0,3.0,0.014663,2.149964e-07
2026-10-08 12:42:30,3,12,42,14.122,4.0,4.0,0.012708,1.614862e-07
2026-10-08 12:43:00,3,12,43,13.2573,4.0,4.0,0.013685,1.872858e-07
2026-10-08 12:43:30,3,12,43,5.6385,3.0,3.0,0.0,0.0
2026-10-08 12:44:00,3,12,44,1.9211,3.0,3.0,0.013685,1.872858e-07
2026-10-08 12:44:30,3,12,44,2.6554,3.0,3.0,0.192571,3.7e-05
2026-10-08 12:45:00,3,12,45,2.2886,1.0,1.0,0.01564,2.446181e-07
2026-10-08 12:45:30,3,12,45,2.0386,3.0,3.0,0.063539,4.037155e-06
2026-10-08 12:46:00,3,12,46,8.3729,2.0,2.0,0.041056,1.685572e-06
2026-10-08 12:46:30,3,12,46,59.5625,3.0,3.0,0.014663,2.149964e-07
2026-10-08 12:47:00,3,12,47,8.4218,3.0,3.0,0.013685,1.872858e-07
2026-10-08 12:47:30,3,12,47,7.6219,4.0,4.0,0.013685,1.872858e-07
2026-10-08 12:48:00,3,12,48,4.0274,2.0,2.0,0.012708,1.614862e-07
2026-10-08 12:48:30,3,12,48,8.4328,2.0,2.0,0.013685,1.872858e-07
2026-10-08 12:49:00,3,12,49,11.3097,2.0,2.0,0.012708,1.614862e-07
2026-10-08 12:49:30,3,12,49,2.4494,3.0,3.0,0.013685,1.872858e-07
2026-10-08 12:50:00,3,12,50,6.6068,1.0,1.0,0.014663,2.149964e-07
2026-10-08 12:50:30,3,12,50,6.6946,2.0,2.0,0.265885,7.1e-05
2026-10-08 12:51:00,3,12,51,8.5713,3.0,3.0,0.013685,1.872858e-07
2026-10-08 12:51:30,3,12,51,31.6089,3.0,3.0,0.013685,1.872858e-07
2026-10-08 12:52:00,3,12,52,8.3392,4.0,4.0,0.080156,6.425048e-06
2026-10-08 12:52:30,3,12,52,8.3267,4.0,4.0,0.095797,9.177003e-06
2026-10-08 12:53:00,3,12,53,4.9176,3.0,3.0,0.160313,2.6e-05
2026-10-08 12:53:30,3,12,53,9.0775,4.0,4.0,0.30303,9.2e-05
2026-10-08 12:54:00,3,12,54,1.4605,5.0,5.0,0.0,0.0
2026-10-08 12:54:30,3,12,54,10.3782,3.0,3.0,0.013685,1.872858e-07
2026-10-08 12:55:00,3,12,55,9.894,2.0,2.0,0.021505,4.624812e-07
2026-10-08 12:55:30,3,12,55,5.3136,4.0,4.0,0.0,0.0
2026-10-08 12:56:00,3,12,56,5.7815,3.0,3.0,0.001955,3.822159e-09
2026-10-08 12:56:30,3,12,56,7.648,2.0,2.0,0.016618,2.76151e-07
2026-10-08 12:57:00,3,12,57,11.1455,2.0,2.0,0.013685,1.872858e-07
2026-10-08 12:57:30,3,12,57,5.6118,2.0,2.0,0.013685,1.872858e-07
2026-10-08 12:58:00,3,12,58,6.2765,4.0,4.0,0.014663,2.149964e-07
2026-10-08 12:58:30,3,12,58,1.5539,2.0,2.0,0.481916,0.000232
2026-10-08 12:59:00,3,12,59,4.2808,4.0,4.0,0.082111,6.742288e-06
2026-10-08 12:59:30,3,12,59,9.4948,4.0,4.0,0.0,0.0
2026-10-08 13:00:00,3,13,0,12.3781,3.0,3.0,0.013685,1.872858e-07
2026-10-08 13:00:30,3,13,0,10.3782,3.0,3.0,0.021505,4.624812e-07
2026-10-08 13:01:00,3,13,1,18.2893,4.0,4.0,0.079179,6.269296e-06
2026-10-08 13:01:30,3,13,1,8.602,4.0,4.0,0.013685,1.872858e-07
2026-10-08 13:02:00,3,13,2,4.5562,3.0,3.0,0.017595,3.095949e-07
2026-10-08 13:02:30,3,13,2,12.7452,1.0,1.0,0.070381,4.953518e-06
2026-10-08 13:03:00,3,13,3,1.9242,5.0,5.0,0.013685,1.872858e-07
2026-10-08 13:03:30,3,13,3,8.3392,4.0,4.0,0.14956,2.2e-05
2026-10-08 13:04:00,3,13,4,4.8737,1.0,1.0,0.016618,2.76151e-07
2026-10-08 13:04:30,3,13,4,11.0045,2.0,2.0,0.0,0.0
2026-10-08 13:05:00,3,13,5,8.4199,3.0,3.0,0.41349,0.000171
2026-10-08 13:05:30,3,13,5,9.7482,5.0,5.0,0.013685,1.872858e-07
2026-10-08 13:06:00,3,13,6,6.0478,4.0,4.0,0.013685,1.872858e-07
2026-10-08 13:06:30,3,13,6,4.8737,1.0,1.0,0.080156,6.425048e-06
2026-10-08 13:07:00,3,13,7,8.3729,2.0,2.0,0.014663,2.149964e-07
2026-10-08 13:07:30,3,13,7,61.9991,2.0,2.0,0.012708,1.614862e-07
2026-10-08 13:08:00,3,13,8,2.8701,2.0,2.0,0.0,0.0
2026-10-08 13:08:30,3,13,8,8.1988,2.0,2.0,0.013685,1.872858e-07
2026-10-08 13:09:00,3,13,9,11.3908,4.0,4.0,0.014663,2.149964e-07
2026-10-08 13:09:30,3,13,9,8.4199,3.0,3.0,0.014663,2.149964e-07
2026-10-08 13:10:00,3,13,10,9.3957,4.0,4.0,0.0,0.0
2026-10-08 13:10:30,3,13,10,12.3409,3.0,3.0,0.0,0.0
2026-10-08 13:11:00,3,13,11,2.1681,4.0,4.0,0.013685,1.872858e-07
2026-10-08 13:11:30,3,13,11,3.2416,4.0,4.0,0.117302,1.4e-05
2026-10-08 13:12:00,3,13,12,5.6807,3.0,3.0,0.0,0.0
2026-10-08 13:12:30,3,13,12,20.4481,3.0,3.0,0.27566,7.6e-05
2026-10-08 13:13:00,3,13,13,4.5702,3.0,3.0,0.2913,8.5e-05
2026-10-08 13:13:30,3,13,13,10.1236,3.0,3.0,0.300098,9e-05
2026-10-08 13:14:00,3,13,14,19.1572,4.0,4.0,0.0,0.0
2026-10-08 13:14:30,3,13,14,1.9294,5.0,5.0,0.0,0.0
2026-10-08 13:15:00,3,13,15,2.8701,2.0,2.0,0.055718,3.104548e-06
2026-10-08 13:15:30,3,13,15,5.0969,1.0,1.0,0.160313,2.6e-05
2026-10-08 13:16:00,3,13,16,20.4481,3.0,3.0,0.016618,2.76151e-07
2026-10-08 13:16:30,3,13,16,1.6906,2.0,2.0,0.237537,5.6e-05
2026-10-08 13:17:00,3,13,17,2.0517,3.0,3.0,0.013685,1.872858e-07
2026-10-08 13:17:30,3,13,17,11.3908,4.0,4.0,0.013685,1.872858e-07
2026-10-08 13:18:00,3,13,18,3.8631,2.0,2.0,0.001955,3.822159e-09
2026-10-08 13:18:30,3,13,18,2.1681,4.0,4.0,0.013685,1.872858e-07
2026-10-08 13:19:00,3,13,19,17.6956,4.0,4.0,0.075269,5.665395e-06
2026-10-08 13:19:30,3,13,19,28.987,2.0,2.0,0.244379,6e-05
2026-10-08 13:20:00,3,13,20,15.8641,4.0,4.0,0.168133,2.8e-05
2026-10-08 13:20:30,3,13,20,13.3277,3.0,3.0,0.009775,9.555396e-08
2026-10-08 13:21:00,3,13,21,10.1236,3.0,3.0,0.013685,1.872858e-07
2026-10-08 13:21:30,3,13,21,11.2648,4.0,4.0,0.013685,1.872858e-07
2026-10-08 13:22:00,3,13,22,6.8611,3.0,3.0,0.012708,1.614862e-07
2026-10-08 13:22:30,3,13,22,6.6068,1.0,1.0,0.013685,1.872858e-07
2026-10-08 13:23:00,3,13,23,2.4494,3.0,3.0,0.090909,8.264464e-06
2026-10-08 13:23:30,3,13,23,12.1602,4.0,4.0,0.013685,1.872858e-07
2026-10-08 13:24:00,3,13,24,12.3214,3.0,3.0,0.013685,1.872858e-07
2026-10-08 13:24:30,3,13,24,9.4948,4.0,4.0,0.093842,8.806253e-06
2026-10-08 13:25:00,3,13,25,21.9102,4.0,4.0,0.228739,5.2e-05
2026-10-08 13:25:30,3,13,25,10.2811,2.0,2.0,0.01564,2.446181e-07
2026-10-08 13:26:00,3,13,26,13.1753,3.0,3.0,0.013685,1.872858e-07
2026-10-08 13:26:30,3,13,26,11.0198,3.0,3.0,0.088954,7.912824e-06
2026-10-08 13:27:00,3,13,27,11.5217,2.0,2.0,0.013685,1.872858e-07
2026-10-08 13:27:30,3,13,27,4.5321,5.0,5.0,0.101662,1e-05
2026-10-08 13:28:00,3,13,28,9.3303,4.0,4.0,0.079179,6.269296e-06
2026-10-08 13:28:30,3,13,28,18.7861,4.0,4.0,0.558162,0.000312
2026-10-08 13:29:00,3,13,29,15.4865,3.0,3.0,0.014663,2.149964e-07
2026-10-08 13:29:30,3,13,29,9.2688,4.0,4.0,0.088954,7.912824e-06
2026-10-08 13:30:00,3,13,30,8.8453,3.0,3.0,0.014663,2.149964e-07
2026-10-08 13:30:30,3,13,30,13.4081,3.0,3.0,0.080156,6.425048e-06
2026-10-08 13:31:00,3,13,31,10.1392,4.0,4.0,0.01564,2.446181e-07
2026-10-08 13:31:30,3,13,31,10.1392,4.0,4.0,0.0,0.0
2026-10-08 13:32:00,3,13,32,41.0188,2.0,2.0,0.0,0.0
2026-10-08 13:32:30,3,13,32,9.5309,1.0,1.0,0.013685,1.872858e-07
2026-10-08 13:33:00,3,13,33,8.3729,2.0,2.0,0.013685,1.872858e-07
2026-10-08 13:33:30,3,13,33,9.2688,4.0,4.0,0.012708,1.614862e-07
2026-10-08 13:34:00,3,13,34,1.9008,4.0,4.0,0.013685,1.872858e-07
2026-10-08 13:34:30,3,13,34,1.2211,2.0,2.0,0.013685,1.872858e-07
2026-10-08 13:35:00,3,13,35,16.4464,3.0,3.0,0.013685,1.872858e-07
2026-10-08 13:35:30,3,13,35,19.9333,2.0,2.0,0.135875,1.8e-05
2026-10-08 13:36:00,3,13,36,10.5602,5.0,5.0,0.013685,1.872858e-07
2026-10-08 13:36:30,3,13,36,10.767,2.0,2.0,0.013685,1.872858e-07
2026-10-08 13:37:00,3,13,37,7.9065,3.0,3.0,0.418377,0.000175
2026-10-08 13:37:30,3,13,37,10.476,2.0,2.0,0.0,0.0
2026-10-08 13:38:00,3,13,38,13.2573,4.0,4.0,0.187683,3.5e-05
2026-10-08 13:38:30,3,13,38,2.2886,1.0,1.0,0.013685,1.872858e-07
2026-10-08 13:39:00,3,13,39,3.5139,5.0,5.0,0.02346,5.503908e-07
2026-10-08 13:39:30,3,13,39,11.5217,2.0,2.0,0.051808,2.684111e-06
2026-10-08 13:40:00,3,13,40,13.4081,3.0,3.0,0.41349,0.000171
2026-10-08 13:40:30,3,13,40,12.6649,3.0,3.0,0.013685,1.872858e-07
2026-10-08 13:41:00,3,13,41,6.9582,5.0,5.0,0.013685,1.872858e-07
2026-10-08 13:41:30,3,13,41,18.0109,5.0,5.0,0.013685,1.872858e-07
2026-10-08 13:42:00,3,13,42,12.4173,3.0,3.0,0.082111,6.742288e-06
2026-10-08 13:42:30,3,13,42,10.1236,3.0,3.0,0.213099,4.5e-05
2026-10-08 13:43:00,3,13,43,4.8564,3.0,3.0,0.013685,1.872858e-07
2026-10-08 13:43:30,3,13,43,33.1222,2.0,2.0,0.076246,5.813504e-06
2026-10-08 13:44:00,3,13,44,7.2708,4.0,4.0,0.044966,2.021922e-06
2026-10-08 13:44:30,3,13,44,8.9891,4.0,4.0,0.30303,9.2e-05
2026-10-08 13:45:00,3,13,45,15.4865,3.0,3.0,0.013685,1.872858e-07
2026-10-08 13:45:30,3,13,45,9.1658,3.0,3.0,0.01564,2.446181e-07
2026-10-08 13:46:00,3,13,46,6.4526,2.0,2.0,0.0,0.0
2026-10-08 13:46:30,3,13,46,1.9294,5.0,5.0,0.248289,6.2e-05
2026-10-08 13:47:00,3,13,47,13.1791,2.0,2.0,0.016618,2.76151e-07
2026-10-08 13:47:30,3,13,47,23.9717,3.0,3.0,0.051808,2.684111e-06
2026-10-08 13:48:00,3,13,48,9.1658,3.0,3.0,0.008798,7.739872e-08
2026-10-08 13:48:30,3,13,48,1.5071,2.0,2.0,0.001955,3.822159e-09
2026-10-08 13:49:00,3,13,49,16.1821,2.0,2.0,0.014663,2.149964e-07
2026-10-08 13:49:30,3,13,49,3.6232,3.0,3.0,0.127077,1.6e-05
2026-10-08 13:50:00,3,13,50,24.8313,1.0,1.0,0.017595,3.095949e-07
2026-10-08 13:50:30,3,13,50,8.3502,3.0,3.0,0.013685,1.872858e-07
2026-10-08 13:51:00,3,13,51,2.8701,2.0,2.0,0.013685,1.872858e-07
2026-10-08 13:51:30,3,13,51,5.0969,1.0,1.0,0.0,0.0
2026-10-08 13:52:00,3,13,52,8.5667,4.0,4.0,0.013685,1.872858e-07
2026-10-08 13:52:30,3,13,52,18.0109,5.0,5.0,0.345064,0.000119
2026-10-08 13:53:00,3,13,53,7.0717,4.0,4.0,0.013685,1.872858e-07
2026-10-08 13:53:30,3,13,53,7.9073,4.0,4.0,0.265885,7.1e-05
2026-10-08 13:54:00,3,13,54,10.3782,3.0,3.0,0.308895,9.5e-05
2026-10-08 13:54:30,3,13,54,10.1247,2.0,2.0,0.01955,3.822159e-07
2026-10-08 13:55:00,3,13,55,8.4199,3.0,3.0,0.002933,8.599857e-09
2026-10-08 13:55:30,3,13,55,4.5702,3.0,3.0,0.013685,1.872858e-07
2026-10-08 13:56:00,3,13,56,3.4665,2.0,2.0,0.070381,4.953518e-06
2026-10-08 13:56:30,3,13,56,3.6232,3.0,3.0,0.016618,2.76151e-07
2026-10-08 13:57:00,3,13,57,12.899,2.0,2.0,0.067449,4.549325e-06
2026-10-08 13:57:30,3,13,57,4.9176,3.0,3.0,0.013685,1.872858e-07
2026-10-08 13:58:00,3,13,58,8.6677,4.0,4.0,0.0,0.0
2026-10-08 13:58:30,3,13,58,3.2416,4.0,4.0,0.013685,1.872858e-07
2026-10-08 13:59:00,3,13,59,3.0105,3.0,3.0,0.117302,1.4e-05
2026-10-08 13:59:30,3,13,59,13.3918,2.0,2.0,0.041056,1.685572e-06
2026-10-08 14:00:00,3,14,0,20.9305,2.0,2.0,0.079179,6.269296e-06
2026-10-08 14:00:30,3,14,0,1.8805,5.0,5.0,0.255132,6.5e-05
2026-10-08 14:01:00,3,14,1,2.7216,4.0,4.0,0.061584,3.792537e-06
2026-10-08 14:01:30,3,14,1,19.4687,4.0,4.0,0.070381,4.953518e-06
2026-10-08 14:02:00,3,14,2,2.3635,3.0,3.0,0.073314,5.37491e-06
2026-10-08 14:02:30,3,14,2,12.7174,5.0,5.0,0.359726,0.000129
2026-10-08 14:03:00,3,14,3,0.7661,7.0,7.0,0.086022,7.399699e-06
2026-10-08 14:03:30,3,14,3,12.1541,3.0,3.0,0.058651,3.439943e-06
2026-10-08 14:04:00,3,14,4,3.1425,7.0,7.0,0.090909,8.264464e-06
2026-10-08 14:04:30,3,14,4,0.5108,6.0,6.0,0.076246,5.813504e-06
2026-10-08 14:05:00,3,14,5,1.7784,3.0,3.0,0.184751,3.4e-05
2026-10-08 14:05:30,3,14,5,3.9425,4.0,4.0,0.358749,0.000129
2026-10-08 14:06:00,3,14,6,24.5203,5.0,5.0,0.14174,2e-05
2026-10-08 14:06:30,3,14,6,2.7736,4.0,4.0,0.229717,5.3e-05
2026-10-08 14:07:00,3,14,7,2.7509,4.0,4.0,0.090909,8.264464e-06
2026-10-08 14:07:30,3,14,7,2.2752,4.0,4.0,0.080156,6.425048e-06
2026-10-08 14:08:00,3,14,8,4.6912,6.0,6.0,0.217986,4.8e-05
2026-10-08 14:08:30,3,14,8,4.3196,5.0,5.0,0.255132,6.5e-05
2026-10-08 14:09:00,3,14,9,12.6446,3.0,3.0,0.102639,1.1e-05
2026-10-08 14:09:30,3,14,9,16.3821,4.0,4.0,0.266862,7.1e-05
2026-10-08 14:10:00,3,14,10,16.2463,4.0,4.0,0.300098,9e-05
2026-10-08 14:10:30,3,14,10,15.5042,4.0,4.0,0.095797,9.177003e-06
2026-10-08 14:11:00,3,14,11,3.7724,4.0,4.0,0.135875,1.8e-05
2026-10-08 14:11:30,3,14,11,24.9829,4.0,4.0,0.308895,9.5e-05
2026-10-08 14:12:00,3,14,12,3.0717,3.0,3.0,0.31085,9.7e-05
2026-10-08 14:12:30,3,14,12,1.3055,3.0,3.0,0.056696,3.214436e-06
2026-10-08 14:13:00,3,14,13,2.8648,4.0,4.0,0.349951,0.000122
2026-10-08 14:13:30,3,14,13,0.6434,3.0,3.0,0.420332,0.000177
2026-10-08 14:14:00,3,14,14,1.7172,4.0,4.0,0.106549,1.1e-05
2026-10-08 14:14:30,3,14,14,24.8243,5.0,5.0,0.266862,7.1e-05
2026-10-08 14:15:00,3,14,15,1.6643,4.0,4.0,0.078201,6.115454e-06
2026-10-08 14:15:30,3,14,15,10.9744,4.0,4.0,0.135875,1.8e-05
2026-10-08 14:16:00,3,14,16,8.602,4.0,4.0,0.196481,3.9e-05
2026-10-08 14:16:30,3,14,16,2.2886,1.0,1.0,0.013685,1.872858e-07
2026-10-08 14:17:00,3,14,17,6.9928,2.0,2.0,0.016618,2.76151e-07
2026-10-08 14:17:30,3,14,17,9.8619,2.0,2.0,0.013685,1.872858e-07
2026-10-08 14:18:00,3,14,18,4.1571,4.0,4.0,0.218964,4.8e-05
2026-10-08 14:18:30,3,14,18,6.4773,3.0,3.0,0.014663,2.149964e-07
2026-10-08 14:19:00,3,14,19,6.5891,3.0,3.0,0.41349,0.000171
2026-10-08 14:19:30,3,14,19,15.243,2.0,2.0,0.030303,9.182737e-07
2026-10-08 14:20:00,3,14,20,14.9081,3.0,3.0,0.013685,1.872858e-07
2026-10-08 14:20:30,3,14,20,3.4665,2.0,2.0,0.228739,5.2e-05
2026-10-08 14:21:00,3,14,21,12.197,3.0,3.0,0.082111,6.742288e-06
2026-10-08 14:21:30,3,14,21,4.8704,1.0,1.0,0.002933,8.599857e-09
2026-10-08 14:22:00,3,14,22,6.1406,3.0,3.0,0.013685,1.872858e-07
2026-10-08 14:22:30,3,14,22,9.7811,5.0,5.0,0.009775,9.555396e-08
2026-10-08 14:23:00,3,14,23,9.894,2.0,2.0,0.013685,1.872858e-07
2026-10-08 14:23:30,3,14,23,9.3957,4.0,4.0,0.0,0.0
2026-10-08 14:24:00,3,14,24,3.8631,2.0,2.0,0.013685,1.872858e-07
2026-10-08 14:24:30,3,14,24,18.2893,4.0,4.0,0.017595,3.095949e-07
2026-10-08 14:25:00,3,14,25,1.5539,2.0,2.0,0.013685,1.872858e-07
2026-10-08 14:25:30,3,14,25,6.3298,2.0,2.0,0.312805,9.8e-05
2026-10-08 14:26:00,3,14,26,12.3214,3.0,3.0,0.014663,2.149964e-07
2026-10-08 14:26:30,3,14,26,5.7815,3.0,3.0,0.00782,6.115454e-08
2026-10-08 14:27:00,3,14,27,2.7353,2.0,2.0,0.013685,1.872858e-07
2026-10-08 14:27:30,3,14,27,2.9696,0.0,0.0,0.013685,1.872858e-07
2026-10-08 14:28:00,3,14,28,6.3298,2.0,2.0,0.013685,1.872858e-07
2026-10-08 14:28:30,3,14,28,12.0665,2.0,2.0,0.347019,0.00012
2026-10-08 14:29:00,3,14,29,4.5562,3.0,3.0,0.000978,9.555396e-10
2026-10-08 14:29:30,3,14,29,26.4596,2.0,2.0,0.013685,1.872858e-07
2026-10-08 14:30:00,3,14,30,3.5675,2.0,2.0,0.055718,3.104548e-06
2026-10-08 14:30:30,3,14,30,10.1392,4.0,4.0,0.013685,1.872858e-07
2026-10-08 14:31:00,3,14,31,3.1503,5.0,5.0,0.269795,7.3e-05
2026-10-08 14:31:30,3,14,31,31.6089,3.0,3.0,0.068426,4.682145e-06
2026-10-08 14:32:00,3,14,32,1.2996,2.0,2.0,0.013685,1.872858e-07
2026-10-08 14:32:30,3,14,32,10.5795,3.0,3.0,0.29521,8.7e-05
2026-10-08 14:33:00,3,14,33,11.0688,3.0,3.0,0.024438,5.972124e-07
2026-10-08 14:33:30,3,14,33,19.1572,4.0,4.0,0.014663,2.149964e-07
2026-10-08 14:34:00,3,14,34,16.7937,4.0,4.0,0.013685,1.872858e-07
2026-10-08 14:34:30,3,14,34,5.3247,3.0,3.0,0.01564,2.446181e-07
2026-10-08 14:35:00,3,14,35,12.4415,3.0,3.0,0.100684,1e-05
2026-10-08 14:35:30,3,14,35,2.1703,3.0,3.0,0.013685,1.872858e-07
2026-10-08 14:36:00,3,14,36,11.0198,3.0,3.0,0.281525,7.9e-05
2026-10-08 14:36:30,3,14,36,2.9886,3.0,3.0,0.124145,1.5e-05
2026-10-08 14:37:00,3,14,37,1.5757,2.0,2.0,0.0,0.0
2026-10-08 14:37:30,3,14,37,14.8435,3.0,3.0,0.070381,4.953518e-06
2026-10-08 14:38:00,3,14,38,15.3615,0.0,0.0,0.051808,2.684111e-06
2026-10-08 14:38:30,3,14,38,2.8701,2.0,2.0,0.009775,9.555396e-08
2026-10-08 14:39:00,3,14,39,8.3729,2.0,2.0,0.086022,7.399699e-06
2026-10-08 14:39:30,3,14,39,0.9324,3.0,3.0,0.002933,8.599857e-09
2026-10-08 14:40:00,3,14,40,7.9065,3.0,3.0,0.300098,9e-05
2026-10-08 14:40:30,3,14,40,63.5098,4.0,4.0,0.012708,1.614862e-07
2026-10-08 14:41:00,3,14,41,10.8928,3.0,3.0,0.012708,1.614862e-07
2026-10-08 14:41:30,3,14,41,10.3546,3.0,3.0,0.0,0.0
2026-10-08 14:42:00,3,14,42,12.0665,2.0,2.0,0.124145,1.5e-05
2026-10-08 14:42:30,3,14,42,11.8107,3.0,3.0,0.013685,1.872858e-07
2026-10-08 14:43:00,3,14,43,15.4865,3.0,3.0,0.008798,7.739872e-08
2026-10-08 14:43:30,3,14,43,5.7815,3.0,3.0,0.013685,1.872858e-07
2026-10-08 14:44:00,3,14,44,11.2648,4.0,4.0,0.014663,2.149964e-07
2026-10-08 14:44:30,3,14,44,9.1937,2.0,2.0,0.01564,2.446181e-07
2026-10-08 14:45:00,3,14,45,6.6068,1.0,1.0,0.013685,1.872858e-07
2026-10-08 14:45:30,3,14,45,5.153,3.0,3.0,0.041056,1.685572e-06
2026-10-08 14:46:00,3,14,46,13.3277,3.0,3.0,0.013685,1.872858e-07
2026-10-08 14:46:30,3,14,46,7.6791,4.0,4.0,0.402737,0.000162
2026-10-08 14:47:00,3,14,47,1.6341,2.0,2.0,0.013685,1.872858e-07
2026-10-08 14:47:30,3,14,47,11.8541,2.0,2.0,0.0,0.0
2026-10-08 14:48:00,3,14,48,17.426,2.0,2.0,0.470186,0.000221
2026-10-08 14:48:30,3,14,48,6.0478,4.0,4.0,0.042033,1.766793e-06
2026-10-08 14:49:00,3,14,49,5.3207,3.0,3.0,0.008798,7.739872e-08
2026-10-08 14:49:30,3,14,49,4.9176,3.0,3.0,0.082111,6.742288e-06
2026-10-08 14:50:00,3,14,50,11.3908,4.0,4.0,0.061584,3.792537e-06
2026-10-08 14:50:30,3,14,50,12.899,2.0,2.0,0.0,0.0
2026-10-08 14:51:00,3,14,51,1.8125,3.0,3.0,0.01564,2.446181e-07
2026-10-08 14:51:30,3,14,51,10.9198,3.0,3.0,0.013685,1.872858e-07
2026-10-08 14:52:00,3,14,52,12.3409,3.0,3.0,0.013685,1.872858e-07
2026-10-08 14:52:30,3,14,52,7.6219,4.0,4.0,0.013685,1.872858e-07
2026-10-08 14:53:00,3,14,53,2.7697,2.0,2.0,0.095797,9.177003e-06
2026-10-08 14:53:30,3,14,53,2.2886,1.0,1.0,0.013685,1.872858e-07
2026-10-08 14:54:00,3,14,54,15.0121,4.0,4.0,0.080156,6.425048e-06
2026-10-08 14:54:30,3,14,54,7.5234,3.0,3.0,0.206256,4.3e-05
2026-10-08 14:55:00,3,14,55,15.4508,2.0,2.0,0.082111,6.742288e-06
2026-10-08 14:55:30,3,14,55,15.3178,2.0,2.0,0.470186,0.000221
2026-10-08 14:56:00,3,14,56,33.5748,2.0,2.0,0.082111,6.742288e-06
2026-10-08 14:56:30,3,14,56,12.3407,2.0,2.0,0.005865,3.439943e-08
2026-10-08 14:57:00,3,14,57,18.0109,5.0,5.0,0.000978,9.555396e-10
2026-10-08 14:57:30,3,14,57,2.0386,3.0,3.0,0.013685,1.872858e-07
2026-10-08 14:58:00,3,14,58,4.5562,3.0,3.0,0.236559,5.6e-05
2026-10-08 14:58:30,3,14,58,9.0775,4.0,4.0,0.076246,5.813504e-06
2026-10-08 14:59:00,3,14,59,2.9886,3.0,3.0,0.013685,1.872858e-07
2026-10-08 14:59:30,3,14,59,17.6369,3.0,3.0,0.214076,4.6e-05
2026-10-08 15:00:00,3,15,0,6.6946,2.0,2.0,0.229717,5.3e-05
2026-10-08 15:00:30,3,15,0,6.3406,3.0,3.0,0.0,0.0
2026-10-08 15:01:00,3,15,1,1.5757,2.0,2.0,0.013685,1.872858e-07
2026-10-08 15:01:30,3,15,1,10.3783,2.0,2.0,0.051808,2.684111e-06
2026-10-08 15:02:00,3,15,2,4.5562,3.0,3.0,0.013685,1.872858e-07
2026-10-08 15:02:30,3,15,2,1.2996,2.0,2.0,0.014663,2.149964e-07
2026-10-08 15:03:00,3,15,3,12.6128,3.0,3.0,0.013685,1.872858e-07
2026-10-08 15:03:30,3,15,3,14.4321,1.0,1.0,0.013685,1.872858e-07
2026-10-08 15:04:00,3,15,4,12.6128,3.0,3.0,0.012708,1.614862e-07
2026-10-08 15:04:30,3,15,4,13.8257,2.0,2.0,0.090909,8.264464e-06
2026-10-08 15:05:00,3,15,5,2.2886,1.0,1.0,0.265885,7.1e-05
2026-10-08 15:05:30,3,15,5,5.6118,2.0,2.0,0.418377,0.000175
2026-10-08 15:06:00,3,15,6,32.0471,2.0,2.0,0.067449,4.549325e-06
2026-10-08 15:06:30,3,15,6,12.7452,1.0,1.0,0.035191,1.238379e-06
2026-10-08 15:07:00,3,15,7,31.6089,3.0,3.0,0.29521,8.7e-05
2026-10-08 15:07:30,3,15,7,4.5702,3.0,3.0,0.013685,1.872858e-07
2026-10-08 15:08:00,3,15,8,20.0409,3.0,3.0,0.013685,1.872858e-07
2026-10-08 15:08:30,3,15,8,9.0775,4.0,4.0,0.01955,3.822159e-07
2026-10-08 15:09:00,3,15,9,8.4279,4.0,4.0,0.013685,1.872858e-07
2026-10-08 15:09:30,3,15,9,7.0863,1.0,1.0,0.013685,1.872858e-07
2026-10-08 15:10:00,3,15,10,15.1229,2.0,2.0,0.01564,2.446181e-07
2026-10-08 15:10:30,3,15,10,5.3207,3.0,3.0,0.14174,2e-05
2026-10-08 15:11:00,3,15,11,8.2695,2.0,2.0,0.01564,2.446181e-07
2026-10-08 15:11:30,3,15,11,1.2211,2.0,2.0,0.058651,3.439943e-06
2026-10-08 15:12:00,3,15,12,9.0775,4.0,4.0,0.013685,1.872858e-07
2026-10-08 15:12:30,3,15,12,2.6554,3.0,3.0,0.013685,1.872858e-07
2026-10-08 15:13:00,3,15,13,3.861,3.0,3.0,0.012708,1.614862e-07
2026-10-08 15:13:30,3,15,13,4.2775,2.0,2.0,0.016618,2.76151e-07
2026-10-08 15:14:00,3,15,14,9.8619,2.0,2.0,0.096774,9.365243e-06
2026-10-08 15:14:30,3,15,14,8.4328,2.0,2.0,0.01564,2.446181e-07
2026-10-08 15:15:00,3,15,15,8.5125,3.0,3.0,0.093842,8.806253e-06
2026-10-08 15:15:30,3,15,15,9.894,2.0,2.0,0.013685,1.872858e-07
2026-10-08 15:16:00,3,15,16,7.9585,3.0,3.0,0.013685,1.872858e-07
2026-10-08 15:16:30,3,15,16,1.1754,2.0,2.0,0.013685,1.872858e-07
2026-10-08 15:17:00,3,15,17,24.1326,2.0,2.0,0.00391,1.528863e-08
2026-10-08 15:17:30,3,15,17,3.7422,2.0,2.0,0.01564,2.446181e-07
2026-10-08 15:18:00,3,15,18,1.5539,2.0,2.0,0.15738,2.5e-05
2026-10-08 15:18:30,3,15,18,2.2886,1.0,1.0,0.0,0.0
2026-10-08 15:19:00,3,15,19,11.877,3.0,3.0,0.012708,1.614862e-07
2026-10-08 15:19:30,3,15,19,10.3783,2.0,2.0,0.079179,6.269296e-06
2026-10-08 15:20:00,3,15,20,9.9117,4.0,4.0,0.012708,1.614862e-07
2026-10-08 15:20:30,3,15,20,10.767,2.0,2.0,0.079179,6.269296e-06
2026-10-08 15:21:00,3,15,21,15.4865,3.0,3.0,0.014663,2.149964e-07
2026-10-08 15:21:30,3,15,21,6.2803,2.0,2.0,0.347019,0.00012
2026-10-08 15:22:00,3,15,22,10.0135,4.0,4.0,0.005865,3.439943e-08
2026-10-08 15:22:30,3,15,22,37.9702,3.0,3.0,0.013685,1.872858e-07
2026-10-08 15:23:00,3,15,23,9.5153,3.0,3.0,0.084066,7.067172e-06
2026-10-08 15:23:30,3,15,23,10.5795,3.0,3.0,0.051808,2.684111e-06
2026-10-08 15:24:00,3,15,24,19.1572,4.0,4.0,0.013685,1.872858e-07
2026-10-08 15:24:30,3,15,24,32.7927,2.0,2.0,0.013685,1.872858e-07
2026-10-08 15:25:00,3,15,25,12.6128,3.0,3.0,0.000978,9.555396e-10
2026-10-08 15:25:30,3,15,25,59.5625,3.0,3.0,0.017595,3.095949e-07
2026-10-08 15:26:00,3,15,26,37.9702,3.0,3.0,0.076246,5.813504e-06
2026-10-08 15:26:30,3,15,26,2.5131,1.0,1.0,0.001955,3.822159e-09
2026-10-08 15:27:00,3,15,27,9.5153,3.0,3.0,0.16911,2.9e-05
2026-10-08 15:27:30,3,15,27,10.1392,4.0,4.0,0.0,0.0
2026-10-08 15:28:00,3,15,28,11.1455,2.0,2.0,0.013685,1.872858e-07
2026-10-08 15:28:30,3,15,28,7.9788,3.0,3.0,0.013685,1.872858e-07
2026-10-08 15:29:00,3,15,29,11.1315,3.0,3.0,0.01564,2.446181e-07
2026-10-08 15:29:30,3,15,29,4.5702,3.0,3.0,0.021505,4.624812e-07
2026-10-08 15:30:00,3,15,30,24.1326,2.0,2.0,0.042033,1.766793e-06
2026-10-08 15:30:30,3,15,30,5.153,3.0,3.0,0.017595,3.095949e-07
2026-10-08 15:31:00,3,15,31,8.5667,4.0,4.0,0.063539,4.037155e-06
2026-10-08 15:31:30,3,15,31,7.4709,2.0,2.0,0.013685,1.872858e-07
2026-10-08 15:32:00,3,15,32,5.6602,3.0,3.0,0.0,0.0
2026-10-08 15:32:30,3,15,32,1.5789,5.0,5.0,0.381232,0.000145
2026-10-08 15:33:00,3,15,33,20.0244,3.0,3.0,0.0,0.0
2026-10-08 15:33:30,3,15,33,30.8126,2.0,2.0,0.253177,6.4e-05
2026-10-08 15:34:00,3,15,34,8.8453,3.0,3.0,0.013685,1.872858e-07
2026-10-08 15:34:30,3,15,34,3.6787,1.0,1.0,0.013685,1.872858e-07
2026-10-08 15:35:00,3,15,35,33.1222,2.0,2.0,0.013685,1.872858e-07
2026-10-08 15:35:30,3,15,35,5.3215,3.0,3.0,0.14956,2.2e-05
2026-10-08 15:36:00,3,15,36,3.4333,4.0,4.0,0.013685,1.872858e-07
2026-10-08 15:36:30,3,15,36,6.4049,2.0,2.0,0.012708,1.614862e-07
2026-10-08 15:37:00,3,15,37,13.1109,2.0,2.0,0.014663,2.149964e-07
2026-10-08 15:37:30,3,15,37,8.4199,3.0,3.0,0.0,0.0
2026-10-08 15:38:00,3,15,38,16.4464,3.0,3.0,0.014663,2.149964e-07
2026-10-08 15:38:30,3,15,38,8.7134,2.0,2.0,0.020528,4.21393e-07
2026-10-08 15:39:00,3,15,39,10.4539,2.0,2.0,0.014663,2.149964e-07
2026-10-08 15:39:30,3,15,39,1.233,4.0,4.0,0.013685,1.872858e-07
2026-10-08 15:40:00,3,15,40,5.6385,3.0,3.0,0.013685,1.872858e-07
2026-10-08 15:40:30,3,15,40,1.6341,2.0,2.0,0.016618,2.76151e-07
2026-10-08 15:41:00,3,15,41,7.1714,3.0,3.0,0.347019,0.00012
2026-10-08 15:41:30,3,15,41,18.1129,3.0,3.0,0.014663,2.149964e-07
2026-10-08 15:42:00,3,15,42,1.5071,2.0,2.0,0.014663,2.149964e-07
2026-10-08 15:42:30,3,15,42,5.8716,1.0,1.0,0.41349,0.000171
2026-10-08 15:43:00,3,15,43,11.3544,4.0,4.0,0.013685,1.872858e-07
2026-10-08 15:43:30,3,15,43,13.4081,3.0,3.0,0.014663,2.149964e-07
2026-10-08 15:44:00,3,15,44,3.4555,2.0,2.0,0.017595,3.095949e-07
2026-10-08 15:44:30,3,15,44,1.3252,4.0,4.0,0.29521,8.7e-05
2026-10-08 15:45:00,3,15,45,10.476,2.0,2.0,0.014663,2.149964e-07
2026-10-08 15:45:30,3,15,45,9.1937,2.0,2.0,0.0,0.0
2026-10-08 15:46:00,3,15,46,6.5891,3.0,3.0,0.016618,2.76151e-07
2026-10-08 15:46:30,3,15,46,2.714,3.0,3.0,0.016618,2.76151e-07
2026-10-08 15:47:00,3,15,47,59.5625,3.0,3.0,0.013685,1.872858e-07
2026-10-08 15:47:30,3,15,47,9.9306,2.0,2.0,0.013685,1.872858e-07
2026-10-08 15:48:00,3,15,48,8.3008,2.0,2.0,0.065494,4.289418e-06
2026-10-08 15:48:30,3,15,48,1.2089,3.0,3.0,0.013685,1.872858e-07
2026-10-08 15:49:00,3,15,49,8.5667,4.0,4.0,0.16911,2.9e-05
2026-10-08 15:49:30,3,15,49,3.5139,5.0,5.0,0.013685,1.872858e-07
2026-10-08 15:50:00,3,15,50,10.0093,2.0,2.0,0.013685,1.872858e-07
2026-10-08 15:50:30,3,15,50,8.1988,2.0,2.0,0.013685,1.872858e-07
2026-10-08 15:51:00,3,15,51,10.3546,3.0,3.0,0.0,0.0
2026-10-08 15:51:30,3,15,51,5.3136,4.0,4.0,0.345064,0.000119
2026-10-08 15:52:00,3,15,52,6.4773,3.0,3.0,0.014663,2.149964e-07
2026-10-08 15:52:30,3,15,52,59.5625,3.0,3.0,0.014663,2.149964e-07
2026-10-08 15:53:00,3,15,53,63.5098,4.0,4.0,0.248289,6.2e-05
2026-10-08 15:53:30,3,15,53,1.5789,5.0,5.0,0.187683,3.5e-05
2026-10-08 15:54:00,3,15,54,3.8631,2.0,2.0,0.0,0.0
2026-10-08 15:54:30,3,15,54,9.8619,2.0,2.0,0.013685,1.872858e-07
2026-10-08 15:55:00,3,15,55,13.2621,2.0,2.0,0.013685,1.872858e-07
2026-10-08 15:55:30,3,15,55,7.2708,4.0,4.0,0.0,0.0
2026-10-08 15:56:00,3,15,56,15.243,2.0,2.0,0.013685,1.872858e-07
2026-10-08 15:56:30,3,15,56,4.7067,3.0,3.0,0.061584,3.792537e-06
2026-10-08 15:57:00,3,15,57,13.5713,3.0,3.0,0.013685,1.872858e-07
2026-10-08 15:57:30,3,15,57,6.9928,2.0,2.0,0.012708,1.614862e-07
2026-10-08 15:58:00,3,15,58,11.3069,2.0,2.0,0.014663,2.149964e-07
2026-10-08 15:58:30,3,15,58,3.2416,4.0,4.0,0.013685,1.872858e-07
2026-10-08 15:59:00,3,15,59,15.8641,4.0,4.0,0.012708,1.614862e-07
2026-10-08 15:59:30,3,15,59,15.1229,2.0,2.0,0.0,0.0
2026-10-08 16:00:00,3,16,0,5.3853,1.0,1.0,0.013685,1.872858e-07
2026-10-08 16:00:30,3,16,0,10.767,2.0,2.0,0.013685,1.872858e-07
2026-10-08 16:01:00,3,16,1,33.1222,2.0,2.0,0.024438,5.972124e-07
2026-10-08 16:01:30,3,16,1,24.1326,2.0,2.0,0.016618,2.76151e-07
2026-10-08 16:02:00,3,16,2,16.7937,4.0,4.0,0.017595,3.095949e-07
2026-10-08 16:02:30,3,16,2,14.4321,1.0,1.0,0.016618,2.76151e-07
2026-10-08 16:03:00,3,16,3,1.2211,2.0,2.0,0.013685,1.872858e-07
2026-10-08 16:03:30,3,16,3,16.4464,3.0,3.0,0.013685,1.872858e-07
2026-10-08 16:04:00,3,16,4,22.7701,4.0,4.0,0.470186,0.000221
2026-10-08 16:04:30,3,16,4,13.8257,2.0,2.0,0.084066,7.067172e-06
2026-10-08 16:05:00,3,16,5,10.1392,4.0,4.0,0.0,0.0
2026-10-08 16:05:30,3,16,5,1.5469,3.0,3.0,0.020528,4.21393e-07
2026-10-08 16:06:00,3,16,6,1.9294,5.0,5.0,0.160313,2.6e-05
2026-10-08 16:06:30,3,16,6,13.4709,4.0,4.0,0.265885,7.1e-05
2026-10-08 16:07:00,3,16,7,10.308,3.0,3.0,0.013685,1.872858e-07
2026-10-08 16:07:30,3,16,7,17.426,2.0,2.0,0.014663,2.149964e-07
2026-10-08 16:08:00,3,16,8,9.1064,3.0,3.0,0.0,0.0
2026-10-08 16:08:30,3,16,8,2.6554,3.0,3.0,0.013685,1.872858e-07
2026-10-08 16:09:00,3,16,9,1.5173,3.0,3.0,0.013685,1.872858e-07
2026-10-08 16:09:30,3,16,9,13.2573,4.0,4.0,0.013685,1.872858e-07
2026-10-08 16:10:00,3,16,10,32.7927,2.0,2.0,0.014663,2.149964e-07
2026-10-08 16:10:30,3,16,10,10.1392,4.0,4.0,0.013685,1.872858e-07
2026-10-08 16:11:00,3,16,11,9.894,2.0,2.0,0.228739,5.2e-05
2026-10-08 16:11:30,3,16,11,10.5602,5.0,5.0,0.013685,1.872858e-07
2026-10-08 16:12:00,3,16,12,5.8365,3.0,3.0,0.013685,1.872858e-07
2026-10-08 16:12:30,3,16,12,10.9198,3.0,3.0,0.013685,1.872858e-07
2026-10-08 16:13:00,3,16,13,4.7222,4.0,4.0,0.012708,1.614862e-07
2026-10-08 16:13:30,3,16,13,14.3573,2.0,2.0,0.15738,2.5e-05
2026-10-08 16:14:00,3,16,14,10.476,2.0,2.0,0.014663,2.149964e-07
2026-10-08 16:14:30,3,16,14,28.987,2.0,2.0,0.013685,1.872858e-07
2026-10-08 16:15:00,3,16,15,7.2239,3.0,3.0,0.481916,0.000232
2026-10-08 16:15:30,3,16,15,8.2695,2.0,2.0,0.013685,1.872858e-07
2026-10-08 16:16:00,3,16,16,15.243,2.0,2.0,0.013685,1.872858e-07
2026-10-08 16:16:30,3,16,16,9.8619,2.0,2.0,0.014663,2.149964e-07
2026-10-08 16:17:00,3,16,17,8.3008,2.0,2.0,0.0,0.0
2026-10-08 16:17:30,3,16,17,37.9702,3.0,3.0,0.052786,2.786354e-06
2026-10-08 16:18:00,3,16,18,2.9886,3.0,3.0,0.014663,2.149964e-07
2026-10-08 16:18:30,3,16,18,1.5757,2.0,2.0,0.013685,1.872858e-07
2026-10-08 16:19:00,3,16,19,46.4662,2.0,2.0,0.042033,1.766793e-06
2026-10-08 16:19:30,3,16,19,1.3252,4.0,4.0,0.281525,7.9e-05
2026-10-08 16:20:00,3,16,20,15.243,2.0,2.0,0.115347,1.3e-05
2026-10-08 16:20:30,3,16,20,8.4199,3.0,3.0,0.0,0.0
2026-10-08 16:21:00,3,16,21,7.9585,3.0,3.0,0.02346,5.503908e-07
2026-10-08 16:21:30,3,16,21,1.9294,5.0,5.0,0.213099,4.5e-05
2026-10-08 16:22:00,3,16,22,9.9574,3.0,3.0,0.013685,1.872858e-07
2026-10-08 16:22:30,3,16,22,8.6127,4.0,4.0,0.013685,1.872858e-07
2026-10-08 16:23:00,3,16,23,1.9294,5.0,5.0,0.013685,1.872858e-07
2026-10-08 16:23:30,3,16,23,10.3546,3.0,3.0,0.27566,7.6e-05
2026-10-08 16:24:00,3,16,24,2.0386,3.0,3.0,0.014663,2.149964e-07
2026-10-08 16:24:30,3,16,24,6.8611,3.0,3.0,0.051808,2.684111e-06
2026-10-08 16:25:00,3,16,25,4.2808,4.0,4.0,0.013685,1.872858e-07
2026-10-08 16:25:30,3,16,25,5.6602,3.0,3.0,0.013685,1.872858e-07
2026-10-08 16:26:00,3,16,26,13.1791,2.0,2.0,0.000978,9.555396e-10
2026-10-08 16:26:30,3,16,26,11.9275,3.0,3.0,0.013685,1.872858e-07
2026-10-08 16:27:00,3,16,27,9.8418,3.0,3.0,0.312805,9.8e-05
2026-10-08 16:27:30,3,16,27,4.8282,3.0,3.0,0.013685,1.872858e-07
2026-10-08 16:28:00,3,16,28,13.3277,3.0,3.0,0.112414,1.3e-05
2026-10-08 16:28:30,3,16,28,10.3783,2.0,2.0,0.014663,2.149964e-07
2026-10-08 16:29:00,3,16,29,16.2809,4.0,4.0,0.013685,1.872858e-07
2026-10-08 16:29:30,3,16,29,20.0244,3.0,3.0,0.41349,0.000171
2026-10-08 16:30:00,3,16,30,7.9854,2.0,2.0,0.008798,7.739872e-08
2026-10-08 16:30:30,3,16,30,15.243,2.0,2.0,0.013685,1.872858e-07
2026-10-08 16:31:00,3,16,31,8.5125,3.0,3.0,0.014663,2.149964e-07
2026-10-08 16:31:30,3,16,31,8.8249,3.0,3.0,0.013685,1.872858e-07
2026-10-08 16:32:00,3,16,32,15.1625,2.0,2.0,0.076246,5.813504e-06
2026-10-08 16:32:30,3,16,32,23.9717,3.0,3.0,0.013685,1.872858e-07
2026-10-08 16:33:00,3,16,33,10.0135,4.0,4.0,0.179863,3.2e-05
2026-10-08 16:33:30,3,16,33,31.6089,3.0,3.0,0.01564,2.446181e-07
2026-10-08 16:34:00,3,16,34,8.6127,4.0,4.0,0.013685,1.872858e-07
2026-10-08 16:34:30,3,16,34,3.7422,2.0,2.0,0.013685,1.872858e-07
2026-10-08 16:35:00,3,16,35,3.5139,5.0,5.0,0.013685,1.872858e-07
2026-10-08 16:35:30,3,16,35,3.1503,5.0,5.0,0.013685,1.872858e-07
2026-10-08 16:36:00,3,16,36,10.7868,2.0,2.0,0.000978,9.555396e-10
2026-10-08 16:36:30,3,16,36,12.7182,3.0,3.0,0.014663,2.149964e-07
2026-10-08 16:37:00,3,16,37,22.233,4.0,4.0,0.300098,9e-05
2026-10-08 16:37:30,3,16,37,6.4244,2.0,2.0,0.013685,1.872858e-07
2026-10-08 16:38:00,3,16,38,17.853,4.0,4.0,0.013685,1.872858e-07
2026-10-08 16:38:30,3,16,38,2.1545,2.0,2.0,0.013685,1.872858e-07
2026-10-08 16:39:00,3,16,39,9.6115,2.0,2.0,0.014663,2.149964e-07
2026-10-08 16:39:30,3,16,39,1.5789,5.0,5.0,0.0,0.0
2026-10-08 16:40:00,3,16,40,5.0969,1.0,1.0,0.013685,1.872858e-07
2026-10-08 16:40:30,3,16,40,5.3215,3.0,3.0,0.013685,1.872858e-07
2026-10-08 16:41:00,3,16,41,2.4125,2.0,2.0,0.013685,1.872858e-07
2026-10-08 16:41:30,3,16,41,23.9717,3.0,3.0,0.013685,1.872858e-07
2026-10-08 16:42:00,3,16,42,10.2811,2.0,2.0,0.244379,6e-05
2026-10-08 16:42:30,3,16,42,63.5098,4.0,4.0,0.013685,1.872858e-07
2026-10-08 16:43:00,3,16,43,12.6581,3.0,3.0,0.014663,2.149964e-07
2026-10-08 16:43:30,3,16,43,14.122,4.0,4.0,0.0,0.0
2026-10-08 16:44:00,3,16,44,12.7048,3.0,3.0,0.013685,1.872858e-07
2026-10-08 16:44:30,3,16,44,10.767,2.0,2.0,0.000978,9.555396e-10
2026-10-08 16:45:00,3,16,45,1.3252,4.0,4.0,0.013685,1.872858e-07
2026-10-08 16:45:30,3,16,45,5.3215,3.0,3.0,0.013685,1.872858e-07
2026-10-08 16:46:00,3,16,46,6.6118,2.0,2.0,0.017595,3.095949e-07
2026-10-08 16:46:30,3,16,46,15.3419,2.0,2.0,0.01564,2.446181e-07
2026-10-08 16:47:00,3,16,47,11.2648,4.0,4.0,0.0,0.0
2026-10-08 16:47:30,3,16,47,1.2996,2.0,2.0,0.013685,1.872858e-07
2026-10-08 16:48:00,3,16,48,6.2038,2.0,2.0,0.096774,9.365243e-06
2026-10-08 16:48:30,3,16,48,11.0198,3.0,3.0,0.058651,3.439943e-06
2026-10-08 16:49:00,3,16,49,7.1094,3.0,3.0,0.202346,4.1e-05
2026-10-08 16:49:30,3,16,49,3.2487,3.0,3.0,0.013685,1.872858e-07
2026-10-08 16:50:00,3,16,50,14.3573,2.0,2.0,0.014663,2.149964e-07
2026-10-08 16:50:30,3,16,50,7.9073,4.0,4.0,0.214076,4.6e-05
2026-10-08 16:51:00,3,16,51,9.3303,4.0,4.0,0.014663,2.149964e-07
2026-10-08 16:51:30,3,16,51,19.6078,4.0,4.0,0.013685,1.872858e-07
2026-10-08 16:52:00,3,16,52,9.9117,4.0,4.0,0.093842,8.806253e-06
2026-10-08 16:52:30,3,16,52,2.4066,3.0,3.0,0.059629,3.555563e-06
2026-10-08 16:53:00,3,16,53,7.9788,3.0,3.0,0.014663,2.149964e-07
2026-10-08 16:53:30,3,16,53,13.4081,3.0,3.0,0.213099,4.5e-05
2026-10-08 16:54:00,3,16,54,13.0649,5.0,5.0,0.082111,6.742288e-06
2026-10-08 16:54:30,3,16,54,5.8365,3.0,3.0,0.013685,1.872858e-07
2026-10-08 16:55:00,3,16,55,8.1988,2.0,2.0,0.01564,2.446181e-07
2026-10-08 16:55:30,3,16,55,1.6906,2.0,2.0,0.148583,2.2e-05
2026-10-08 16:56:00,3,16,56,34.1251,2.0,2.0,0.103617,1.1e-05
2026-10-08 16:56:30,3,16,56,1.5173,3.0,3.0,0.075269,5.665395e-06
2026-10-08 16:57:00,3,16,57,3.1261,3.0,3.0,0.014663,2.149964e-07
2026-10-08 16:57:30,3,16,57,10.767,2.0,2.0,0.00391,1.528863e-08
2026-10-08 16:58:00,3,16,58,2.7209,3.0,3.0,0.006843,4.682144e-08
2026-10-08 16:58:30,3,16,58,13.2573,4.0,4.0,0.041056,1.685572e-06
2026-10-08 16:59:00,3,16,59,3.2163,2.0,2.0,0.013685,1.872858e-07
2026-10-08 16:59:30,3,16,59,12.3407,2.0,2.0,0.098729,9.747461e-06
2026-10-08 17:00:00,3,17,0,8.4218,3.0,3.0,0.017595,3.095949e-07
2026-10-08 17:00:30,3,17,0,14.2473,3.0,3.0,0.075269,5.665395e-06
2026-10-08 17:01:00,3,17,1,7.6683,2.0,2.0,0.124145,1.5e-05
2026-10-08 17:01:30,3,17,1,3.8631,2.0,2.0,0.0,0.0
2026-10-08 17:02:00,3,17,2,7.4709,2.0,2.0,0.191593,3.7e-05
2026-10-08 17:02:30,3,17,2,5.3853,1.0,1.0,0.31085,9.7e-05
2026-10-08 17:03:00,3,17,3,1.9008,4.0,4.0,0.013685,1.872858e-07
2026-10-08 17:03:30,3,17,3,26.8869,2.0,2.0,0.013685,1.872858e-07
2026-10-08 17:04:00,3,17,4,11.5932,2.0,2.0,0.021505,4.624812e-07
2026-10-08 17:04:30,3,17,4,5.0969,1.0,1.0,0.013685,1.872858e-07
2026-10-08 17:05:00,3,17,5,14.9081,3.0,3.0,0.244379,6e-05
2026-10-08 17:05:30,3,17,5,4.5702,3.0,3.0,0.013685,1.872858e-07
2026-10-08 17:06:00,3,17,6,5.8716,1.0,1.0,0.076246,5.813504e-06
2026-10-08 17:06:30,3,17,6,4.5321,5.0,5.0,0.317693,0.000101
2026-10-08 17:07:00,3,17,7,17.9777,4.0,4.0,0.048876,2.388849e-06
2026-10-08 17:07:30,3,17,7,14.8435,3.0,3.0,0.013685,1.872858e-07
2026-10-08 17:08:00,3,17,8,3.1261,3.0,3.0,0.013685,1.872858e-07
2026-10-08 17:08:30,3,17,8,14.9813,2.0,2.0,0.312805,9.8e-05
2026-10-08 17:09:00,3,17,9,24.1326,2.0,2.0,0.14174,2e-05
2026-10-08 17:09:30,3,17,9,11.2648,4.0,4.0,0.0,0.0
2026-10-08 17:10:00,3,17,10,18.1129,3.0,3.0,0.016618,2.76151e-07
2026-10-08 17:10:30,3,17,10,7.4709,2.0,2.0,0.013685,1.872858e-07
2026-10-08 17:11:00,3,17,11,2.7353,2.0,2.0,0.014663,2.149964e-07
2026-10-08 17:11:30,3,17,11,4.1571,4.0,4.0,0.013685,1.872858e-07
2026-10-08 17:12:00,3,17,12,1.2616,3.0,3.0,0.013685,1.872858e-07
2026-10-08 17:12:30,3,17,12,24.8313,1.0,1.0,0.013685,1.872858e-07
2026-10-08 17:13:00,3,17,13,8.5125,3.0,3.0,0.013685,1.872858e-07
2026-10-08 17:13:30,3,17,13,11.1455,2.0,2.0,0.013685,1.872858e-07
2026-10-08 17:14:00,3,17,14,6.6272,1.0,1.0,0.640274,0.00041
2026-10-08 17:14:30,3,17,14,2.0517,3.0,3.0,0.336266,0.000113
2026-10-08 17:15:00,3,17,15,11.5731,3.0,3.0,0.014663,2.149964e-07
2026-10-08 17:15:30,3,17,15,19.9333,2.0,2.0,0.018573,3.449499e-07
2026-10-08 17:16:00,3,17,16,8.3392,4.0,4.0,0.013685,1.872858e-07
2026-10-08 17:16:30,3,17,16,0.9513,2.0,2.0,0.093842,8.806253e-06
2026-10-08 17:17:00,3,17,17,2.1545,2.0,2.0,0.15738,2.5e-05
2026-10-08 17:17:30,3,17,17,19.1572,4.0,4.0,0.013685,1.872858e-07
2026-10-08 17:18:00,3,17,18,1.747,2.0,2.0,0.082111,6.742288e-06
2026-10-08 17:18:30,3,17,18,3.6602,2.0,2.0,0.012708,1.614862e-07
2026-10-08 17:19:00,3,17,19,10.7868,2.0,2.0,0.049853,2.485359e-06
2026-10-08 17:19:30,3,17,19,1.747,2.0,2.0,0.589443,0.000347
2026-10-08 17:20:00,3,17,20,10.5795,3.0,3.0,0.013685,1.872858e-07
2026-10-08 17:20:30,3,17,20,4.7169,2.0,2.0,0.013685,1.872858e-07
2026-10-08 17:21:00,3,17,21,1.1754,2.0,2.0,0.013685,1.872858e-07
2026-10-08 17:21:30,3,17,21,1.1754,2.0,2.0,0.013685,1.872858e-07
2026-10-08 17:22:00,3,17,22,1.233,4.0,4.0,0.013685,1.872858e-07
2026-10-08 17:22:30,3,17,22,4.5231,2.0,2.0,0.098729,9.747461e-06
2026-10-08 17:23:00,3,17,23,13.2621,2.0,2.0,0.013685,1.872858e-07
2026-10-08 17:23:30,3,17,23,10.2811,2.0,2.0,0.0,0.0
2026-10-08 17:24:00,3,17,24,3.6787,1.0,1.0,0.014663,2.149964e-07
2026-10-08 17:24:30,3,17,24,6.3406,3.0,3.0,0.237537,5.6e-05
2026-10-08 17:25:00,3,17,25,2.9886,3.0,3.0,0.013685,1.872858e-07
2026-10-08 17:25:30,3,17,25,8.8453,3.0,3.0,0.096774,9.365243e-06
2026-10-08 17:26:00,3,17,26,17.6369,3.0,3.0,0.01955,3.822159e-07
2026-10-08 17:26:30,3,17,26,11.3097,2.0,2.0,0.317693,0.000101
2026-10-08 17:27:00,3,17,27,7.9788,3.0,3.0,0.013685,1.872858e-07
2026-10-08 17:27:30,3,17,27,20.0244,3.0,3.0,0.014663,2.149964e-07
2026-10-08 17:28:00,3,17,28,15.3178,2.0,2.0,0.018573,3.449499e-07
2026-10-08 17:28:30,3,17,28,46.4662,2.0,2.0,0.2913,8.5e-05
2026-10-08 17:29:00,3,17,29,12.3407,2.0,2.0,0.002933,8.599857e-09
2026-10-08 17:29:30,3,17,29,7.6791,4.0,4.0,0.013685,1.872858e-07
2026-10-08 17:30:00,3,17,30,1.9078,5.0,5.0,0.013685,1.872858e-07
2026-10-08 17:30:30,3,17,30,1.6341,2.0,2.0,0.013685,1.872858e-07
2026-10-08 17:31:00,3,17,31,12.1467,2.0,2.0,0.013685,1.872858e-07
2026-10-08 17:31:30,3,17,31,4.3659,5.0,5.0,0.014663,2.149964e-07
2026-10-08 17:32:00,3,17,32,5.7513,2.0,2.0,0.013685,1.872858e-07
2026-10-08 17:32:30,3,17,32,22.8143,3.0,3.0,0.012708,1.614862e-07
2026-10-08 17:33:00,3,17,33,5.153,3.0,3.0,0.088954,7.912824e-06
2026-10-08 17:33:30,3,17,33,16.1821,2.0,2.0,0.012708,1.614862e-07
2026-10-08 17:34:00,3,17,34,7.6219,4.0,4.0,0.002933,8.599857e-09
2026-10-08 17:34:30,3,17,34,5.7513,2.0,2.0,0.013685,1.872858e-07
2026-10-08 17:35:00,3,17,35,10.7868,2.0,2.0,0.016618,2.76151e-07
2026-10-08 17:35:30,3,17,35,5.3853,1.0,1.0,0.014663,2.149964e-07
2026-10-08 17:36:00,3,17,36,1.932,2.0,2.0,0.012708,1.614862e-07
2026-10-08 17:36:30,3,17,36,4.7222,4.0,4.0,0.127077,1.6e-05
2026-10-08 17:37:00,3,17,37,40.3832,3.0,3.0,0.115347,1.3e-05
2026-10-08 17:37:30,3,17,37,6.4049,2.0,2.0,0.051808,2.684111e-06
2026-10-08 17:38:00,3,17,38,18.1129,3.0,3.0,0.014663,2.149964e-07
2026-10-08 17:38:30,3,17,38,11.0688,3.0,3.0,0.206256,4.3e-05
2026-10-08 17:39:00,3,17,39,31.6089,3.0,3.0,0.012708,1.614862e-07
2026-10-08 17:39:30,3,17,39,5.8365,3.0,3.0,0.187683,3.5e-05
2026-10-08 17:40:00,3,17,40,4.7222,4.0,4.0,0.0,0.0
2026-10-08 17:40:30,3,17,40,9.2688,4.0,4.0,0.084066,7.067172e-06
2026-10-08 17:41:00,3,17,41,7.4875,5.0,5.0,0.013685,1.872858e-07
2026-10-08 17:41:30,3,17,41,6.8611,3.0,3.0,0.01564,2.446181e-07
2026-10-08 17:42:00,3,17,42,2.5131,1.0,1.0,0.070381,4.953518e-06
2026-10-08 17:42:30,3,17,42,1.0015,2.0,2.0,0.206256,4.3e-05
2026-10-08 17:43:00,3,17,43,21.9102,4.0,4.0,0.146628,2.1e-05
2026-10-08 17:43:30,3,17,43,4.5321,5.0,5.0,0.15738,2.5e-05
2026-10-08 17:44:00,3,17,44,21.9102,4.0,4.0,0.013685,1.872858e-07
2026-10-08 17:44:30,3,17,44,5.6385,3.0,3.0,0.014663,2.149964e-07
2026-10-08 17:45:00,3,17,45,13.2636,3.0,3.0,0.420332,0.000177
2026-10-08 17:45:30,3,17,45,11.3097,2.0,2.0,0.013685,1.872858e-07
2026-10-08 17:46:00,3,17,46,9.3957,4.0,4.0,0.336266,0.000113
2026-10-08 17:46:30,3,17,46,12.6649,3.0,3.0,0.14956,2.2e-05
2026-10-08 17:47:00,3,17,47,21.6228,4.0,4.0,0.013685,1.872858e-07
2026-10-08 17:47:30,3,17,47,14.5312,3.0,3.0,0.014663,2.149964e-07
2026-10-08 17:48:00,3,17,48,5.6118,2.0,2.0,0.070381,4.953518e-06
2026-10-08 17:48:30,3,17,48,1.975,3.0,3.0,0.013685,1.872858e-07
2026-10-08 17:49:00,3,17,49,8.3729,2.0,2.0,0.160313,2.6e-05
2026-10-08 17:49:30,3,17,49,24.1326,2.0,2.0,0.013685,1.872858e-07
2026-10-08 17:50:00,3,17,50,7.6219,4.0,4.0,0.013685,1.872858e-07
2026-10-08 17:50:30,3,17,50,40.3832,3.0,3.0,0.013685,1.872858e-07
2026-10-08 17:51:00,3,17,51,4.8564,3.0,3.0,0.013685,1.872858e-07
2026-10-08 17:51:30,3,17,51,12.4415,3.0,3.0,0.013685,1.872858e-07
2026-10-08 17:52:00,3,17,52,12.6542,4.0,4.0,0.01564,2.446181e-07
2026-10-08 17:52:30,3,17,52,12.2792,4.0,4.0,0.016618,2.76151e-07
2026-10-08 17:53:00,3,17,53,7.1094,3.0,3.0,0.038123,1.453376e-06
2026-10-08 17:53:30,3,17,53,19.9333,2.0,2.0,0.013685,1.872858e-07
2026-10-08 17:54:00,3,17,54,3.2163,2.0,2.0,0.312805,9.8e-05
2026-10-08 17:54:30,3,17,54,4.7597,3.0,3.0,0.013685,1.872858e-07
2026-10-08 17:55:00,3,17,55,2.877,2.0,2.0,0.013685,1.872858e-07
2026-10-08 17:55:30,3,17,55,3.5675,2.0,2.0,0.148583,2.2e-05
2026-10-08 17:56:00,3,17,56,12.6581,3.0,3.0,0.0,0.0
2026-10-08 17:56:30,3,17,56,1.5469,3.0,3.0,0.013685,1.872858e-07
2026-10-08 17:57:00,3,17,57,10.9198,3.0,3.0,0.013685,1.872858e-07
2026-10-08 17:57:30,3,17,57,1.1754,2.0,2.0,0.016618,2.76151e-07
2026-10-08 17:58:00,3,17,58,1.3252,4.0,4.0,0.076246,5.813504e-06
2026-10-08 17:58:30,3,17,58,10.7868,2.0,2.0,0.013685,1.872858e-07
2026-10-08 17:59:00,3,17,59,1.4605,5.0,5.0,0.14174,2e-05
2026-10-08 17:59:30,3,17,59,6.4244,2.0,2.0,0.012708,1.614862e-07
