timestamp,hour,minute,day_of_week,people_count,csi_variance,piezo_voltage,piezo_avg_watt
2026-09-06 00:00:00,0,0,6,0,5.1064,0.035,0.0019
2026-09-06 00:01:00,0,1,6,0,5.4406,0.024,0.0002
2026-09-06 00:02:00,0,2,6,0,6.2218,0.042,0.0015
2026-09-06 00:03:00,0,3,6,0,4.6662,0.042,0.0007
2026-09-06 00:04:00,0,4,6,0,7.1995,0.032,0.0
2026-09-06 00:05:00,0,5,6,0,7.5084,0.03,0.0
2026-09-06 00:06:00,0,6,6,0,7.4008,0.025,0.0015
2026-09-06 00:07:00,0,7,6,0,4.4761,0.032,0.0014
2026-09-06 00:08:00,0,8,6,0,7.7483,0.017,0.0
2026-09-06 00:09:00,0,9,6,0,9.3223,0.012,0.0013
2026-09-06 00:10:00,0,10,6,0,7.745,0.033,0.0015
2026-09-06 00:11:00,0,11,6,0,5.1452,0.005,0.0007
2026-09-06 00:12:00,0,12,6,0,4.9993,0.022,0.0014
2026-09-06 00:13:00,0,13,6,0,7.3534,0.005,0.0
2026-09-06 00:14:00,0,14,6,0,6.6075,0.044,0.0016
2026-09-06 00:15:00,0,15,6,0,5.3636,0.042,0.0003
2026-09-06 00:16:00,0,16,6,0,6.7949,0.018,0.0016
2026-09-06 00:17:00,0,17,6,0,5.2982,0.001,0.0001
2026-09-06 00:18:00,0,18,6,0,7.4641,0.019,0.0014
2026-09-06 00:19:00,0,19,6,0,6.6758,0.022,0.0019
2026-09-06 00:20:00,0,20,6,0,8.1749,0.032,0.0016
2026-09-06 00:21:00,0,21,6,1,5.7799,0.042,0.0017
2026-09-06 00:22:00,0,22,6,0,8.955,0.04,0.0003
2026-09-06 00:23:00,0,23,6,0,4.2255,0.003,0.0019
2026-09-06 00:24:00,0,24,6,0,6.3905,0.034,0.0015
2026-09-06 00:25:00,0,25,6,0,5.4256,0.017,0.0004
2026-09-06 00:26:00,0,26,6,1,6.6092,0.008,0.0012
2026-09-06 00:27:00,0,27,6,1,4.8367,0.022,0.0019
2026-09-06 00:28:00,0,28,6,0,5.0941,0.01,0.0003
2026-09-06 00:29:00,0,29,6,0,4.0775,0.031,0.0015
2026-09-06 00:30:00,0,30,6,0,4.5347,0.038,0.0001
2026-09-06 00:31:00,0,31,6,0,4.8655,0.045,0.0014
2026-09-06 00:32:00,0,32,6,0,8.1408,0.04,0.0008
2026-09-06 00:33:00,0,33,6,0,6.045,0.043,0.0013
2026-09-06 00:34:00,0,34,6,0,6.0094,0.012,0.0013
2026-09-06 00:35:00,0,35,6,0,7.5901,0.021,0.0011
2026-09-06 00:36:00,0,36,6,0,4.7528,0.03,0.0017
2026-09-06 00:37:00,0,37,6,0,6.061,0.042,0.0001
2026-09-06 00:38:00,0,38,6,0,5.9235,0.037,0.0017
2026-09-06 00:39:00,0,39,6,0,5.8479,0.03,0.0014
2026-09-06 00:40:00,0,40,6,0,8.7008,0.023,0.0006
2026-09-06 00:41:00,0,41,6,0,6.0275,0.006,0.0001
2026-09-06 00:42:00,0,42,6,0,4.4898,0.01,0.0009
2026-09-06 00:43:00,0,43,6,0,4.6981,0.024,0.0008
2026-09-06 00:44:00,0,44,6,0,8.3474,0.004,0.0014
2026-09-06 00:45:00,0,45,6,0,4.6262,0.04,0.0001
2026-09-06 00:46:00,0,46,6,0,5.929,0.005,0.0008
2026-09-06 00:47:00,0,47,6,0,6.3679,0.035,0.0011
2026-09-06 00:48:00,0,48,6,0,9.0263,0.04,0.0011
2026-09-06 00:49:00,0,49,6,0,9.0847,0.009,0.0015
2026-09-06 00:50:00,0,50,6,0,8.1667,0.043,0.0019
2026-09-06 00:51:00,0,51,6,0,6.725,0.008,0.0019
2026-09-06 00:52:00,0,52,6,0,9.1128,0.014,0.0019
2026-09-06 00:53:00,0,53,6,0,5.2101,0.036,0.0018
2026-09-06 00:54:00,0,54,6,1,8.4245,0.024,0.0005
2026-09-06 00:55:00,0,55,6,0,5.125,0.009,0.0004
2026-09-06 00:56:00,0,56,6,0,6.7636,0.024,0.002
2026-09-06 00:57:00,0,57,6,0,8.4011,0.023,0.001
2026-09-06 00:58:00,0,58,6,0,5.664,0.044,0.0011
2026-09-06 00:59:00,0,59,6,0,8.8904,0.006,0.0001
2026-09-06 01:00:00,1,0,6,0,4.2621,0.042,0.0007
2026-09-06 01:01:00,1,1,6,0,9.1595,0.007,0.0006
2026-09-06 01:02:00,1,2,6,0,8.8527,0.011,0.0014
2026-09-06 01:03:00,1,3,6,0,6.432,0.012,0.0013
2026-09-06 01:04:00,1,4,6,0,5.6448,0.032,0.0
2026-09-06 01:05:00,1,5,6,0,7.4213,0.016,0.0015
2026-09-06 01:06:00,1,6,6,0,5.4231,0.045,0.0012
2026-09-06 01:07:00,1,7,6,0,6.9169,0.037,0.0002
2026-09-06 01:08:00,1,8,6,0,7.2795,0.003,0.0019
2026-09-06 01:09:00,1,9,6,0,9.1097,0.009,0.0015
2026-09-06 01:10:00,1,10,6,0,6.2646,0.004,0.0011
2026-09-06 01:11:00,1,11,6,1,6.6076,0.02,0.0014
2026-09-06 01:12:00,1,12,6,0,5.4719,0.006,0.002
2026-09-06 01:13:00,1,13,6,0,4.8192,0.008,0.0014
2026-09-06 01:14:00,1,14,6,0,4.0987,0.035,0.0019
2026-09-06 01:15:00,1,15,6,0,8.5615,0.005,0.0011
2026-09-06 01:16:00,1,16,6,0,4.7216,0.035,0.0015
2026-09-06 01:17:00,1,17,6,1,4.5847,0.028,0.0005
2026-09-06 01:18:00,1,18,6,0,6.109,0.044,0.0018
2026-09-06 01:19:00,1,19,6,0,4.8277,0.01,0.0008
2026-09-06 01:20:00,1,20,6,0,7.4477,0.005,0.0003
2026-09-06 01:21:00,1,21,6,0,5.2876,0.028,0.0018
2026-09-06 01:22:00,1,22,6,0,5.0726,0.043,0.0018
2026-09-06 01:23:00,1,23,6,1,6.9517,0.003,0.0018
2026-09-06 01:24:00,1,24,6,0,5.6228,0.028,0.0009
2026-09-06 01:25:00,1,25,6,0,4.131,0.03,0.0003
2026-09-06 01:26:00,1,26,6,0,6.0408,0.005,0.0004
2026-09-06 01:27:00,1,27,6,0,8.6995,0.013,0.0016
2026-09-06 01:28:00,1,28,6,0,8.0903,0.025,0.0001
2026-09-06 01:29:00,1,29,6,0,4.0556,0.018,0.0001
2026-09-06 01:30:00,1,30,6,0,8.8314,0.02,0.0012
2026-09-06 01:31:00,1,31,6,0,5.0814,0.014,0.0019
2026-09-06 01:32:00,1,32,6,0,7.2761,0.009,0.0018
2026-09-06 01:33:00,1,33,6,1,4.3981,0.035,0.0001
2026-09-06 01:34:00,1,34,6,1,4.6469,0.038,0.0003
2026-09-06 01:35:00,1,35,6,1,8.5398,0.012,0.0008
2026-09-06 01:36:00,1,36,6,0,6.9587,0.044,0.0009
2026-09-06 01:37:00,1,37,6,0,7.1327,0.008,0.001
2026-09-06 01:38:00,1,38,6,1,5.3899,0.022,0.0004
2026-09-06 01:39:00,1,39,6,0,5.537,0.033,0.0006
2026-09-06 01:40:00,1,40,6,0,4.8944,0.011,0.0004
2026-09-06 01:41:00,1,41,6,1,4.7317,0.042,0.0015
2026-09-06 01:42:00,1,42,6,0,5.923,0.0,0.0012
2026-09-06 01:43:00,1,43,6,0,5.8622,0.03,0.0005
2026-09-06 01:44:00,1,44,6,0,6.7749,0.028,0.0005
2026-09-06 01:45:00,1,45,6,0,7.1918,0.025,0.0016
2026-09-06 01:46:00,1,46,6,0,8.1709,0.033,0.0011
2026-09-06 01:47:00,1,47,6,0,9.0063,0.011,0.0002
2026-09-06 01:48:00,1,48,6,0,6.1094,0.026,0.0
2026-09-06 01:49:00,1,49,6,0,7.4341,0.012,0.0004
2026-09-06 01:50:00,1,50,6,0,4.156,0.036,0.0019
2026-09-06 01:51:00,1,51,6,0,5.5975,0.033,0.0004
2026-09-06 01:52:00,1,52,6,0,5.4153,0.027,0.0011
2026-09-06 01:53:00,1,53,6,0,7.5461,0.03,0.0015
2026-09-06 01:54:00,1,54,6,0,9.2107,0.035,0.001
2026-09-06 01:55:00,1,55,6,0,5.4241,0.025,0.0011
2026-09-06 01:56:00,1,56,6,0,6.0683,0.03,0.0017
2026-09-06 01:57:00,1,57,6,0,4.6615,0.042,0.0
2026-09-06 01:58:00,1,58,6,0,4.4898,0.017,0.0018
2026-09-06 01:59:00,1,59,6,0,8.9296,0.022,0.0014
2026-09-06 02:00:00,2,0,6,0,7.7864,0.02,0.0007
2026-09-06 02:01:00,2,1,6,0,6.5686,0.016,0.0004
2026-09-06 02:02:00,2,2,6,0,5.7915,0.038,0.0011
2026-09-06 02:03:00,2,3,6,0,4.1069,0.018,0.001
2026-09-06 02:04:00,2,4,6,1,6.6157,0.013,0.0011
2026-09-06 02:05:00,2,5,6,0,4.3613,0.011,0.0007
2026-09-06 02:06:00,2,6,6,0,8.8496,0.043,0.0008
2026-09-06 02:07:00,2,7,6,0,8.2188,0.017,0.0015
2026-09-06 02:08:00,2,8,6,1,7.0332,0.016,0.0003
2026-09-06 02:09:00,2,9,6,0,9.0551,0.018,0.0012
2026-09-06 02:10:00,2,10,6,0,8.922,0.025,0.0019
2026-09-06 02:11:00,2,11,6,0,8.2634,0.001,0.0008
2026-09-06 02:12:00,2,12,6,0,4.6177,0.024,0.0019
2026-09-06 02:13:00,2,13,6,0,8.7615,0.034,0.0004
2026-09-06 02:14:00,2,14,6,0,4.2489,0.032,0.0008
2026-09-06 02:15:00,2,15,6,0,8.3824,0.035,0.0007
2026-09-06 02:16:00,2,16,6,0,8.9537,0.025,0.0017
2026-09-06 02:17:00,2,17,6,0,7.2125,0.018,0.0007
2026-09-06 02:18:00,2,18,6,0,8.5707,0.037,0.0006
2026-09-06 02:19:00,2,19,6,1,8.5312,0.015,0.0009
2026-09-06 02:20:00,2,20,6,0,7.5293,0.014,0.0006
2026-09-06 02:21:00,2,21,6,0,8.8479,0.018,0.0016
2026-09-06 02:22:00,2,22,6,0,4.4945,0.043,0.0014
2026-09-06 02:23:00,2,23,6,0,9.0401,0.015,0.0012
2026-09-06 02:24:00,2,24,6,0,6.649,0.039,0.0007
2026-09-06 02:25:00,2,25,6,0,4.701,0.021,0.0016
2026-09-06 02:26:00,2,26,6,1,7.0526,0.016,0.0012
2026-09-06 02:27:00,2,27,6,0,6.786,0.033,0.0014
2026-09-06 02:28:00,2,28,6,0,4.4615,0.013,0.0006
2026-09-06 02:29:00,2,29,6,0,9.3529,0.022,0.0011
2026-09-06 02:30:00,2,30,6,0,8.2811,0.01,0.0
2026-09-06 02:31:00,2,31,6,0,9.0193,0.043,0.0005
2026-09-06 02:32:00,2,32,6,0,5.9914,0.029,0.0017
2026-09-06 02:33:00,2,33,6,1,7.1542,0.033,0.0011
2026-09-06 02:34:00,2,34,6,0,4.9131,0.032,0.0004
2026-09-06 02:35:00,2,35,6,0,4.5765,0.029,0.0015
2026-09-06 02:36:00,2,36,6,0,7.273,0.013,0.0006
2026-09-06 02:37:00,2,37,6,0,4.4749,0.018,0.0001
2026-09-06 02:38:00,2,38,6,0,8.5962,0.037,0.0018
2026-09-06 02:39:00,2,39,6,0,5.7006,0.024,0.0001
2026-09-06 02:40:00,2,40,6,0,4.8158,0.032,0.0007
2026-09-06 02:41:00,2,41,6,0,4.0572,0.044,0.0002
2026-09-06 02:42:00,2,42,6,1,5.7444,0.016,0.001
2026-09-06 02:43:00,2,43,6,0,8.6336,0.004,0.0019
2026-09-06 02:44:00,2,44,6,0,6.7229,0.002,0.0014
2026-09-06 02:45:00,2,45,6,0,5.869,0.011,0.0003
2026-09-06 02:46:00,2,46,6,0,4.5402,0.039,0.0004
2026-09-06 02:47:00,2,47,6,0,9.4121,0.042,0.0008
2026-09-06 02:48:00,2,48,6,0,8.9249,0.025,0.0011
2026-09-06 02:49:00,2,49,6,0,7.8295,0.005,0.0009
2026-09-06 02:50:00,2,50,6,0,5.9869,0.024,0.0018
2026-09-06 02:51:00,2,51,6,0,9.2915,0.021,0.001
2026-09-06 02:52:00,2,52,6,0,7.0418,0.017,0.0006
2026-09-06 02:53:00,2,53,6,0,8.2281,0.045,0.0001
2026-09-06 02:54:00,2,54,6,1,4.2835,0.041,0.0017
2026-09-06 02:55:00,2,55,6,1,4.0814,0.001,0.002
2026-09-06 02:56:00,2,56,6,0,4.8484,0.044,0.0018
2026-09-06 02:57:00,2,57,6,0,6.283,0.045,0.0011
2026-09-06 02:58:00,2,58,6,0,8.9283,0.006,0.0004
2026-09-06 02:59:00,2,59,6,0,4.2537,0.036,0.0004
2026-09-06 03:00:00,3,0,6,0,4.3643,0.038,0.0019
2026-09-06 03:01:00,3,1,6,0,4.1681,0.004,0.0001
2026-09-06 03:02:00,3,2,6,0,6.3127,0.011,0.0016
2026-09-06 03:03:00,3,3,6,0,6.0432,0.022,0.0011
2026-09-06 03:04:00,3,4,6,0,6.2875,0.022,0.0013
2026-09-06 03:05:00,3,5,6,0,8.1296,0.014,0.0012
2026-09-06 03:06:00,3,6,6,0,4.5309,0.023,0.0012
2026-09-06 03:07:00,3,7,6,0,5.9197,0.025,0.001
2026-09-06 03:08:00,3,8,6,0,7.4798,0.044,0.0008
2026-09-06 03:09:00,3,9,6,0,4.3153,0.026,0.0015
2026-09-06 03:10:00,3,10,6,0,5.8216,0.04,0.0008
2026-09-06 03:11:00,3,11,6,0,6.4152,0.032,0.0003
2026-09-06 03:12:00,3,12,6,0,5.2393,0.023,0.001
2026-09-06 03:13:00,3,13,6,0,9.152,0.023,0.0018
2026-09-06 03:14:00,3,14,6,0,4.7269,0.01,0.0019
2026-09-06 03:15:00,3,15,6,0,4.6421,0.04,0.0011
2026-09-06 03:16:00,3,16,6,1,7.1377,0.002,0.0014
2026-09-06 03:17:00,3,17,6,0,8.0203,0.001,0.0001
2026-09-06 03:18:00,3,18,6,0,5.3924,0.043,0.0005
2026-09-06 03:19:00,3,19,6,1,5.844,0.034,0.0003
2026-09-06 03:20:00,3,20,6,0,5.306,0.027,0.0006
2026-09-06 03:21:00,3,21,6,0,4.2627,0.001,0.0001
2026-09-06 03:22:00,3,22,6,0,7.2095,0.019,0.0014
2026-09-06 03:23:00,3,23,6,0,8.987,0.026,0.0017
2026-09-06 03:24:00,3,24,6,0,6.1115,0.003,0.0019
2026-09-06 03:25:00,3,25,6,0,4.393,0.036,0.0019
2026-09-06 03:26:00,3,26,6,0,8.9157,0.043,0.0009
2026-09-06 03:27:00,3,27,6,0,6.4296,0.021,0.0013
2026-09-06 03:28:00,3,28,6,1,7.0211,0.018,0.0001
2026-09-06 03:29:00,3,29,6,0,5.5438,0.039,0.0006
2026-09-06 03:30:00,3,30,6,0,4.5372,0.01,0.0016
2026-09-06 03:31:00,3,31,6,0,5.5496,0.016,0.0011
2026-09-06 03:32:00,3,32,6,1,7.9119,0.041,0.0019
2026-09-06 03:33:00,3,33,6,0,8.3195,0.005,0.0007
2026-09-06 03:34:00,3,34,6,0,6.2485,0.019,0.0017
2026-09-06 03:35:00,3,35,6,0,9.0161,0.001,0.0019
2026-09-06 03:36:00,3,36,6,1,5.0128,0.036,0.0014
2026-09-06 03:37:00,3,37,6,0,7.795,0.038,0.0009
2026-09-06 03:38:00,3,38,6,0,8.3886,0.042,0.0011
2026-09-06 03:39:00,3,39,6,0,4.5287,0.02,0.0
2026-09-06 03:40:00,3,40,6,0,5.8793,0.013,0.0011
2026-09-06 03:41:00,3,41,6,0,6.6056,0.037,0.0012
2026-09-06 03:42:00,3,42,6,0,7.004,0.011,0.0018
2026-09-06 03:43:00,3,43,6,0,7.4165,0.01,0.0015
2026-09-06 03:44:00,3,44,6,0,4.8144,0.027,0.0019
2026-09-06 03:45:00,3,45,6,0,9.4268,0.013,0.0019
2026-09-06 03:46:00,3,46,6,0,4.5397,0.039,0.0005
2026-09-06 03:47:00,3,47,6,1,6.3252,0.004,0.0017
2026-09-06 03:48:00,3,48,6,0,6.5666,0.018,0.0005
2026-09-06 03:49:00,3,49,6,0,8.6133,0.032,0.0016
2026-09-06 03:50:00,3,50,6,0,5.2799,0.038,0.0011
2026-09-06 03:51:00,3,51,6,0,7.0876,0.005,0.0005
2026-09-06 03:52:00,3,52,6,0,7.8808,0.011,0.0003
2026-09-06 03:53:00,3,53,6,0,8.0883,0.031,0.0016
2026-09-06 03:54:00,3,54,6,0,8.6342,0.037,0.0014
2026-09-06 03:55:00,3,55,6,0,4.0035,0.005,0.0015
2026-09-06 03:56:00,3,56,6,0,7.0256,0.001,0.0008
2026-09-06 03:57:00,3,57,6,1,8.9753,0.012,0.0002
2026-09-06 03:58:00,3,58,6,0,9.4243,0.009,0.002
2026-09-06 03:59:00,3,59,6,0,5.3244,0.006,0.0007
2026-09-06 04:00:00,4,0,6,1,4.6989,0.004,0.0013
2026-09-06 04:01:00,4,1,6,0,5.7666,0.008,0.0011
2026-09-06 04:02:00,4,2,6,0,8.7637,0.025,0.0003
2026-09-06 04:03:00,4,3,6,0,7.8061,0.012,0.0016
2026-09-06 04:04:00,4,4,6,0,4.8846,0.037,0.0013
2026-09-06 04:05:00,4,5,6,0,8.0755,0.03,0.0012
2026-09-06 04:06:00,4,6,6,0,7.0481,0.039,0.0
2026-09-06 04:07:00,4,7,6,0,5.0513,0.038,0.0003
2026-09-06 04:08:00,4,8,6,0,9.4745,0.01,0.001
2026-09-06 04:09:00,4,9,6,0,6.113,0.027,0.0004
2026-09-06 04:10:00,4,10,6,0,4.0047,0.025,0.0016
2026-09-06 04:11:00,4,11,6,0,7.7046,0.004,0.002
2026-09-06 04:12:00,4,12,6,1,4.5071,0.021,0.0001
2026-09-06 04:13:00,4,13,6,0,7.1035,0.009,0.001
2026-09-06 04:14:00,4,14,6,0,4.8226,0.039,0.0017
2026-09-06 04:15:00,4,15,6,0,4.8416,0.043,0.0013
2026-09-06 04:16:00,4,16,6,0,9.1382,0.041,0.0018
2026-09-06 04:17:00,4,17,6,1,7.1335,0.041,0.0002
2026-09-06 04:18:00,4,18,6,0,4.9419,0.006,0.0014
2026-09-06 04:19:00,4,19,6,0,8.0144,0.004,0.0008
2026-09-06 04:20:00,4,20,6,1,7.9637,0.023,0.0012
2026-09-06 04:21:00,4,21,6,0,6.4411,0.04,0.0019
2026-09-06 04:22:00,4,22,6,0,4.6155,0.027,0.0004
2026-09-06 04:23:00,4,23,6,0,4.4759,0.007,0.0002
2026-09-06 04:24:00,4,24,6,1,4.8101,0.014,0.001
2026-09-06 04:25:00,4,25,6,0,7.5592,0.041,0.0003
2026-09-06 04:26:00,4,26,6,1,8.073,0.021,0.0017
2026-09-06 04:27:00,4,27,6,0,7.9941,0.014,0.0011
2026-09-06 04:28:00,4,28,6,0,5.9212,0.008,0.0018
2026-09-06 04:29:00,4,29,6,0,7.8427,0.003,0.0019
2026-09-06 04:30:00,4,30,6,0,4.5048,0.009,0.0019
2026-09-06 04:31:00,4,31,6,0,9.317,0.044,0.0003
2026-09-06 04:32:00,4,32,6,0,6.9585,0.008,0.0014
2026-09-06 04:33:00,4,33,6,0,4.5123,0.027,0.0
2026-09-06 04:34:00,4,34,6,0,7.7667,0.019,0.0007
2026-09-06 04:35:00,4,35,6,0,5.331,0.035,0.0005
2026-09-06 04:36:00,4,36,6,0,4.7883,0.02,0.002
2026-09-06 04:37:00,4,37,6,0,6.983,0.023,0.001
2026-09-06 04:38:00,4,38,6,0,4.9889,0.034,0.0002
2026-09-06 04:39:00,4,39,6,0,5.2445,0.0,0.0004
2026-09-06 04:40:00,4,40,6,0,4.6016,0.036,0.0013
2026-09-06 04:41:00,4,41,6,0,7.2823,0.037,0.001
2026-09-06 04:42:00,4,42,6,0,4.0039,0.024,0.0007
2026-09-06 04:43:00,4,43,6,0,4.0051,0.015,0.0015
2026-09-06 04:44:00,4,44,6,0,7.2224,0.035,0.0003
2026-09-06 04:45:00,4,45,6,1,4.8037,0.036,0.001
2026-09-06 04:46:00,4,46,6,0,6.9186,0.038,0.0008
2026-09-06 04:47:00,4,47,6,1,5.4019,0.002,0.0002
2026-09-06 04:48:00,4,48,6,1,5.0499,0.01,0.0018
2026-09-06 04:49:00,4,49,6,0,6.7995,0.025,0.0019
2026-09-06 04:50:00,4,50,6,0,6.5065,0.033,0.0002
2026-09-06 04:51:00,4,51,6,0,8.1537,0.03,0.0014
2026-09-06 04:52:00,4,52,6,0,5.7453,0.025,0.0003
2026-09-06 04:53:00,4,53,6,0,8.3056,0.043,0.0005
2026-09-06 04:54:00,4,54,6,0,8.4588,0.014,0.0005
2026-09-06 04:55:00,4,55,6,0,8.4157,0.001,0.0015
2026-09-06 04:56:00,4,56,6,0,8.7881,0.038,0.0019
2026-09-06 04:57:00,4,57,6,0,5.564,0.017,0.0002
2026-09-06 04:58:00,4,58,6,0,6.0121,0.021,0.0011
2026-09-06 04:59:00,4,59,6,0,5.8571,0.033,0.0002
2026-09-06 05:00:00,5,0,6,0,5.153,0.035,0.0001
2026-09-06 05:01:00,5,1,6,0,8.8207,0.044,0.0003
2026-09-06 05:02:00,5,2,6,0,6.9935,0.032,0.0005
2026-09-06 05:03:00,5,3,6,0,5.9359,0.039,0.0004
2026-09-06 05:04:00,5,4,6,0,5.0094,0.016,0.0017
2026-09-06 05:05:00,5,5,6,0,5.1685,0.039,0.0008
2026-09-06 05:06:00,5,6,6,0,4.153,0.015,0.0003
2026-09-06 05:07:00,5,7,6,0,7.9917,0.031,0.0016
2026-09-06 05:08:00,5,8,6,0,7.8856,0.044,0.0009
2026-09-06 05:09:00,5,9,6,0,4.1652,0.018,0.0001
2026-09-06 05:10:00,5,10,6,1,6.1145,0.001,0.0003
2026-09-06 05:11:00,5,11,6,0,5.3863,0.011,0.0018
2026-09-06 05:12:00,5,12,6,0,4.6586,0.032,0.0012
2026-09-06 05:13:00,5,13,6,1,4.2339,0.025,0.002
2026-09-06 05:14:00,5,14,6,0,9.4359,0.012,0.0019
2026-09-06 05:15:00,5,15,6,0,5.9632,0.043,0.0
2026-09-06 05:16:00,5,16,6,0,7.7784,0.008,0.0005
2026-09-06 05:17:00,5,17,6,0,5.9312,0.043,0.0018
2026-09-06 05:18:00,5,18,6,0,6.9056,0.017,0.0015
2026-09-06 05:19:00,5,19,6,0,9.0245,0.035,0.0012
2026-09-06 05:20:00,5,20,6,0,6.3969,0.042,0.0002
2026-09-06 05:21:00,5,21,6,0,8.8687,0.02,0.0001
2026-09-06 05:22:00,5,22,6,0,7.969,0.005,0.0015
2026-09-06 05:23:00,5,23,6,0,8.201,0.006,0.0014
2026-09-06 05:24:00,5,24,6,0,7.3527,0.023,0.0017
2026-09-06 05:25:00,5,25,6,0,5.2048,0.016,0.0013
2026-09-06 05:26:00,5,26,6,0,4.1308,0.029,0.0004
2026-09-06 05:27:00,5,27,6,0,5.9937,0.006,0.0014
2026-09-06 05:28:00,5,28,6,1,6.0255,0.017,0.001
2026-09-06 05:29:00,5,29,6,0,5.9003,0.012,0.001
2026-09-06 05:30:00,5,30,6,0,9.1853,0.013,0.0018
2026-09-06 05:31:00,5,31,6,0,6.3569,0.011,0.0002
2026-09-06 05:32:00,5,32,6,0,5.041,0.023,0.0019
2026-09-06 05:33:00,5,33,6,0,8.1146,0.005,0.0019
2026-09-06 05:34:00,5,34,6,0,4.0788,0.033,0.0005
2026-09-06 05:35:00,5,35,6,0,9.0336,0.021,0.0015
2026-09-06 05:36:00,5,36,6,0,6.848,0.044,0.0008
2026-09-06 05:37:00,5,37,6,1,8.6421,0.018,0.0006
2026-09-06 05:38:00,5,38,6,0,6.6487,0.013,0.0011
2026-09-06 05:39:00,5,39,6,0,8.3029,0.019,0.0018
2026-09-06 05:40:00,5,40,6,0,7.1523,0.004,0.0003
2026-09-06 05:41:00,5,41,6,0,8.8162,0.004,0.0008
2026-09-06 05:42:00,5,42,6,0,5.9846,0.035,0.0007
2026-09-06 05:43:00,5,43,6,0,8.0226,0.008,0.0011
2026-09-06 05:44:00,5,44,6,0,7.3201,0.003,0.0
2026-09-06 05:45:00,5,45,6,0,8.3142,0.005,0.0009
2026-09-06 05:46:00,5,46,6,0,8.3984,0.045,0.0016
2026-09-06 05:47:00,5,47,6,0,8.7092,0.005,0.0017
2026-09-06 05:48:00,5,48,6,0,5.347,0.016,0.0011
2026-09-06 05:49:00,5,49,6,0,9.4759,0.01,0.0009
2026-09-06 05:50:00,5,50,6,0,9.0707,0.032,0.0019
2026-09-06 05:51:00,5,51,6,1,9.0724,0.027,0.0006
2026-09-06 05:52:00,5,52,6,0,4.9445,0.033,0.0011
2026-09-06 05:53:00,5,53,6,0,8.5767,0.024,0.0007
2026-09-06 05:54:00,5,54,6,1,5.5688,0.009,0.0017
2026-09-06 05:55:00,5,55,6,0,5.9833,0.023,0.0003
2026-09-06 05:56:00,5,56,6,1,4.6469,0.0,0.0006
2026-09-06 05:57:00,5,57,6,0,5.9383,0.012,0.0009
2026-09-06 05:58:00,5,58,6,0,5.4787,0.02,0.0018
2026-09-06 05:59:00,5,59,6,0,8.5547,0.026,0.0004
2026-09-06 06:00:00,6,0,6,0,7.0605,0.029,0.0017
2026-09-06 06:01:00,6,1,6,1,5.116,0.033,0.0003
2026-09-06 06:02:00,6,2,6,0,4.8131,0.022,0.0006
2026-09-06 06:03:00,6,3,6,0,7.259,0.03,0.0005
2026-09-06 06:04:00,6,4,6,0,8.8793,0.028,0.0004
2026-09-06 06:05:00,6,5,6,0,6.9121,0.028,0.0014
2026-09-06 06:06:00,6,6,6,0,7.0549,0.033,0.0003
2026-09-06 06:07:00,6,7,6,0,5.6424,0.033,0.0016
2026-09-06 06:08:00,6,8,6,0,4.9544,0.008,0.0012
2026-09-06 06:09:00,6,9,6,0,6.1647,0.015,0.002
2026-09-06 06:10:00,6,10,6,1,4.8911,0.016,0.0002
2026-09-06 06:11:00,6,11,6,0,8.6938,0.006,0.0011
2026-09-06 06:12:00,6,12,6,0,7.4858,0.021,0.0013
2026-09-06 06:13:00,6,13,6,0,6.755,0.029,0.001
2026-09-06 06:14:00,6,14,6,0,7.9431,0.004,0.0
2026-09-06 06:15:00,6,15,6,0,7.6964,0.029,0.0
2026-09-06 06:16:00,6,16,6,1,6.1595,0.042,0.0013
2026-09-06 06:17:00,6,17,6,0,9.0025,0.011,0.0008
2026-09-06 06:18:00,6,18,6,1,6.6385,0.006,0.0006
2026-09-06 06:19:00,6,19,6,0,9.1374,0.018,0.0007
2026-09-06 06:20:00,6,20,6,0,4.519,0.035,0.0003
2026-09-06 06:21:00,6,21,6,0,7.6225,0.022,0.0005
2026-09-06 06:22:00,6,22,6,0,6.4542,0.035,0.0006
2026-09-06 06:23:00,6,23,6,0,4.2872,0.018,0.0012
2026-09-06 06:24:00,6,24,6,0,8.0573,0.043,0.0011
2026-09-06 06:25:00,6,25,6,0,6.2378,0.01,0.0001
2026-09-06 06:26:00,6,26,6,0,7.3303,0.013,0.0008
2026-09-06 06:27:00,6,27,6,0,8.71,0.038,0.0006
2026-09-06 06:28:00,6,28,6,0,7.4252,0.039,0.0018
2026-09-06 06:29:00,6,29,6,0,7.553,0.029,0.0005
2026-09-06 06:30:00,6,30,6,0,8.598,0.004,0.0019
2026-09-06 06:31:00,6,31,6,0,8.9224,0.019,0.0006
2026-09-06 06:32:00,6,32,6,0,8.4503,0.028,0.0015
2026-09-06 06:33:00,6,33,6,0,4.2474,0.038,0.0008
2026-09-06 06:34:00,6,34,6,0,7.84,0.035,0.001
2026-09-06 06:35:00,6,35,6,0,9.3099,0.015,0.0006
2026-09-06 06:36:00,6,36,6,0,7.2472,0.014,0.0003
2026-09-06 06:37:00,6,37,6,0,6.3945,0.012,0.0015
2026-09-06 06:38:00,6,38,6,0,4.2796,0.009,0.0017
2026-09-06 06:39:00,6,39,6,0,6.6052,0.009,0.0018
2026-09-06 06:40:00,6,40,6,0,6.7781,0.035,0.001
2026-09-06 06:41:00,6,41,6,0,6.124,0.024,0.001
2026-09-06 06:42:00,6,42,6,0,9.4756,0.018,0.0016
2026-09-06 06:43:00,6,43,6,1,5.3501,0.001,0.0011
2026-09-06 06:44:00,6,44,6,1,5.4138,0.035,0.0018
2026-09-06 06:45:00,6,45,6,0,8.4225,0.002,0.0011
2026-09-06 06:46:00,6,46,6,0,8.7115,0.005,0.0018
2026-09-06 06:47:00,6,47,6,0,4.1539,0.001,0.0008
2026-09-06 06:48:00,6,48,6,0,7.2442,0.022,0.0015
2026-09-06 06:49:00,6,49,6,0,7.016,0.016,0.001
2026-09-06 06:50:00,6,50,6,0,4.3158,0.009,0.0001
2026-09-06 06:51:00,6,51,6,0,6.902,0.022,0.0014
2026-09-06 06:52:00,6,52,6,0,7.9832,0.036,0.0013
2026-09-06 06:53:00,6,53,6,0,7.8994,0.005,0.0017
2026-09-06 06:54:00,6,54,6,1,8.3796,0.02,0.0003
2026-09-06 06:55:00,6,55,6,0,7.2112,0.026,0.0006
2026-09-06 06:56:00,6,56,6,0,8.0806,0.022,0.0008
2026-09-06 06:57:00,6,57,6,0,8.4102,0.013,0.0009
2026-09-06 06:58:00,6,58,6,0,7.0347,0.006,0.0015
2026-09-06 06:59:00,6,59,6,0,7.8641,0.042,0.0014
2026-09-06 07:00:00,7,0,6,3,14.1582,0.021,0.0003
2026-09-06 07:01:00,7,1,6,2,11.3832,0.03,0.0002
2026-09-06 07:02:00,7,2,6,3,12.8368,0.049,0.0012
2026-09-06 07:03:00,7,3,6,2,10.6346,0.014,0.0002
2026-09-06 07:04:00,7,4,6,3,12.392,0.022,0.0003
2026-09-06 07:05:00,7,5,6,1,14.3341,0.029,0.0021
2026-09-06 07:06:00,7,6,6,2,13.9005,0.042,0.0014
2026-09-06 07:07:00,7,7,6,1,9.9578,0.049,0.0007
2026-09-06 07:08:00,7,8,6,2,9.733,0.001,0.0024
2026-09-06 07:09:00,7,9,6,3,11.7607,0.039,0.0013
2026-09-06 07:10:00,7,10,6,1,13.4906,0.011,0.001
2026-09-06 07:11:00,7,11,6,2,9.5867,0.026,0.0022
2026-09-06 07:12:00,7,12,6,1,13.3673,0.037,0.0015
2026-09-06 07:13:00,7,13,6,1,10.4537,0.006,0.0013
2026-09-06 07:14:00,7,14,6,1,9.1214,0.051,0.0013
2026-09-06 07:15:00,7,15,6,3,9.7643,0.028,0.0003
2026-09-06 07:16:00,7,16,6,1,12.9659,0.039,0.0011
2026-09-06 07:17:00,7,17,6,1,13.9653,0.009,0.0024
2026-09-06 07:18:00,7,18,6,1,12.7275,0.03,0.0017
2026-09-06 07:19:00,7,19,6,2,11.3451,0.018,0.0023
2026-09-06 07:20:00,7,20,6,3,10.7838,0.013,0.0021
2026-09-06 07:21:00,7,21,6,2,12.3859,0.03,0.0008
2026-09-06 07:22:00,7,22,6,1,12.9096,0.037,0.0023
2026-09-06 07:23:00,7,23,6,3,13.5692,0.014,0.0017
2026-09-06 07:24:00,7,24,6,3,9.9084,0.01,0.002
2026-09-06 07:25:00,7,25,6,2,11.7177,0.031,0.0016
2026-09-06 07:26:00,7,26,6,1,13.6692,0.001,0.002
2026-09-06 07:27:00,7,27,6,1,9.7618,0.012,0.0005
2026-09-06 07:28:00,7,28,6,1,12.8555,0.032,0.0013
2026-09-06 07:29:00,7,29,6,1,14.2782,0.033,0.0005
2026-09-06 07:30:00,7,30,6,2,10.9601,0.044,0.0006
2026-09-06 07:31:00,7,31,6,1,9.0311,0.026,0.0022
2026-09-06 07:32:00,7,32,6,2,12.1745,0.011,0.0024
2026-09-06 07:33:00,7,33,6,1,12.075,0.049,0.0022
2026-09-06 07:34:00,7,34,6,2,14.422,0.036,0.0002
2026-09-06 07:35:00,7,35,6,1,9.0006,0.04,0.0003
2026-09-06 07:36:00,7,36,6,2,10.3141,0.022,0.0024
2026-09-06 07:37:00,7,37,6,3,9.6701,0.014,0.0009
2026-09-06 07:38:00,7,38,6,3,14.2845,0.003,0.0019
2026-09-06 07:39:00,7,39,6,3,10.364,0.032,0.0006
2026-09-06 07:40:00,7,40,6,2,10.6979,0.021,0.0005
2026-09-06 07:41:00,7,41,6,1,13.2397,0.043,0.0016
2026-09-06 07:42:00,7,42,6,3,14.1964,0.02,0.0007
2026-09-06 07:43:00,7,43,6,1,14.3311,0.045,0.001
2026-09-06 07:44:00,7,44,6,2,13.7338,0.037,0.0013
2026-09-06 07:45:00,7,45,6,1,9.0083,0.041,0.001
2026-09-06 07:46:00,7,46,6,2,10.7652,0.036,0.0014
2026-09-06 07:47:00,7,47,6,2,13.5807,0.045,0.0009
2026-09-06 07:48:00,7,48,6,1,10.1817,0.051,0.0015
2026-09-06 07:49:00,7,49,6,1,11.4318,0.039,0.0001
2026-09-06 07:50:00,7,50,6,2,14.4972,0.022,0.0024
2026-09-06 07:51:00,7,51,6,3,14.1136,0.041,0.0002
2026-09-06 07:52:00,7,52,6,1,12.1925,0.039,0.0015
2026-09-06 07:53:00,7,53,6,2,13.0505,0.034,0.0021
2026-09-06 07:54:00,7,54,6,2,11.2996,0.027,0.0003
2026-09-06 07:55:00,7,55,6,1,12.0596,0.027,0.002
2026-09-06 07:56:00,7,56,6,1,12.4744,0.008,0.001
2026-09-06 07:57:00,7,57,6,1,9.3851,0.018,0.0
2026-09-06 07:58:00,7,58,6,3,12.7327,0.02,0.0022
2026-09-06 07:59:00,7,59,6,3,13.3104,0.023,0.0025
2026-09-06 08:00:00,8,0,6,4,16.1191,0.504,0.0355
2026-09-06 08:01:00,8,1,6,3,18.2834,0.185,0.018
2026-09-06 08:02:00,8,2,6,3,32.4,1.092,0.0254
2026-09-06 08:03:00,8,3,6,5,37.9157,1.262,0.0196
2026-09-06 08:04:00,8,4,6,5,40.7454,0.675,0.0314
2026-09-06 08:05:00,8,5,6,4,19.2172,1.254,0.0142
2026-09-06 08:06:00,8,6,6,4,25.7805,0.502,0.0515
2026-09-06 08:07:00,8,7,6,4,52.7723,0.784,0.0379
2026-09-06 08:08:00,8,8,6,3,56.3829,0.788,0.0385
2026-09-06 08:09:00,8,9,6,4,54.8966,0.169,0.013
2026-09-06 08:10:00,8,10,6,4,59.0399,0.967,0.0526
2026-09-06 08:11:00,8,11,6,5,22.1694,0.554,0.0493
2026-09-06 08:12:00,8,12,6,4,42.4876,0.929,0.0402
2026-09-06 08:13:00,8,13,6,4,16.7918,0.706,0.0205
2026-09-06 08:14:00,8,14,6,4,53.8974,0.693,0.0143
2026-09-06 08:15:00,8,15,6,1,12.4749,0.013,0.0016
2026-09-06 08:16:00,8,16,6,2,11.1725,0.043,0.0009
2026-09-06 08:17:00,8,17,6,2,13.148,0.029,0.0018
2026-09-06 08:18:00,8,18,6,3,12.7214,0.032,0.0003
2026-09-06 08:19:00,8,19,6,2,11.6013,0.005,0.0015
2026-09-06 08:20:00,8,20,6,2,13.3177,0.025,0.0004
2026-09-06 08:21:00,8,21,6,2,13.9963,0.003,0.0011
2026-09-06 08:22:00,8,22,6,2,9.8322,0.05,0.0013
2026-09-06 08:23:00,8,23,6,1,9.4165,0.008,0.001
2026-09-06 08:24:00,8,24,6,2,12.4042,0.031,0.0019
2026-09-06 08:25:00,8,25,6,1,14.2203,0.037,0.0016
2026-09-06 08:26:00,8,26,6,1,9.1949,0.046,0.0021
2026-09-06 08:27:00,8,27,6,2,12.8447,0.041,0.0006
2026-09-06 08:28:00,8,28,6,1,12.6126,0.034,0.002
2026-09-06 08:29:00,8,29,6,1,13.1932,0.018,0.0018
2026-09-06 08:30:00,8,30,6,1,9.7422,0.039,0.0004
2026-09-06 08:31:00,8,31,6,1,13.514,0.019,0.0011
2026-09-06 08:32:00,8,32,6,2,10.4378,0.008,0.0025
2026-09-06 08:33:00,8,33,6,1,13.6142,0.017,0.0001
2026-09-06 08:34:00,8,34,6,1,10.367,0.022,0.002
2026-09-06 08:35:00,8,35,6,1,12.2995,0.007,0.0021
2026-09-06 08:36:00,8,36,6,2,10.6909,0.034,0.0022
2026-09-06 08:37:00,8,37,6,1,9.1744,0.035,0.0006
2026-09-06 08:38:00,8,38,6,3,14.1217,0.023,0.0005
2026-09-06 08:39:00,8,39,6,1,12.2056,0.049,0.0003
2026-09-06 08:40:00,8,40,6,1,12.9992,0.036,0.0013
2026-09-06 08:41:00,8,41,6,3,11.8519,0.006,0.0017
2026-09-06 08:42:00,8,42,6,2,9.7803,0.025,0.0023
2026-09-06 08:43:00,8,43,6,1,12.2478,0.018,0.0006
2026-09-06 08:44:00,8,44,6,1,11.4026,0.01,0.002
2026-09-06 08:45:00,8,45,6,2,12.994,0.034,0.0009
2026-09-06 08:46:00,8,46,6,3,10.2751,0.037,0.0026
2026-09-06 08:47:00,8,47,6,2,14.3173,0.028,0.002
2026-09-06 08:48:00,8,48,6,1,13.0138,0.014,0.0005
2026-09-06 08:49:00,8,49,6,2,11.003,0.025,0.0006
2026-09-06 08:50:00,8,50,6,2,11.7325,0.019,0.0003
2026-09-06 08:51:00,8,51,6,2,13.6822,0.032,0.0014
2026-09-06 08:52:00,8,52,6,1,9.4122,0.009,0.0014
2026-09-06 08:53:00,8,53,6,1,9.3634,0.003,0.0019
2026-09-06 08:54:00,8,54,6,1,12.4228,0.008,0.0012
2026-09-06 08:55:00,8,55,6,2,10.0406,0.036,0.0016
2026-09-06 08:56:00,8,56,6,2,10.6575,0.043,0.0004
2026-09-06 08:57:00,8,57,6,3,13.5943,0.013,0.0018
2026-09-06 08:58:00,8,58,6,2,11.3782,0.016,0.0006
2026-09-06 08:59:00,8,59,6,2,10.8118,0.005,0.001
2026-09-06 09:00:00,9,0,6,1,11.8495,0.042,0.0004
2026-09-06 09:01:00,9,1,6,1,9.4814,0.025,0.0011
2026-09-06 09:02:00,9,2,6,2,14.2472,0.012,0.0017
2026-09-06 09:03:00,9,3,6,2,13.3596,0.012,0.0009
2026-09-06 09:04:00,9,4,6,1,11.0994,0.04,0.0016
2026-09-06 09:05:00,9,5,6,3,10.3475,0.008,0.002
2026-09-06 09:06:00,9,6,6,3,10.1534,0.05,0.0006
2026-09-06 09:07:00,9,7,6,2,13.4587,0.027,0.0005
2026-09-06 09:08:00,9,8,6,3,11.4794,0.04,0.0011
2026-09-06 09:09:00,9,9,6,2,11.2217,0.006,0.0013
2026-09-06 09:10:00,9,10,6,1,9.9922,0.018,0.0022
2026-09-06 09:11:00,9,11,6,2,11.3918,0.02,0.0004
2026-09-06 09:12:00,9,12,6,1,13.5949,0.044,0.0011
2026-09-06 09:13:00,9,13,6,2,12.6001,0.036,0.001
2026-09-06 09:14:00,9,14,6,3,12.7522,0.028,0.0016
2026-09-06 09:15:00,9,15,6,2,9.1647,0.033,0.0002
2026-09-06 09:16:00,9,16,6,1,10.9085,0.033,0.0004
2026-09-06 09:17:00,9,17,6,1,11.0923,0.021,0.001
2026-09-06 09:18:00,9,18,6,3,10.7878,0.022,0.0011
2026-09-06 09:19:00,9,19,6,3,11.1904,0.049,0.0023
2026-09-06 09:20:00,9,20,6,1,9.7326,0.023,0.0014
2026-09-06 09:21:00,9,21,6,2,11.3471,0.028,0.001
2026-09-06 09:22:00,9,22,6,3,14.3247,0.046,0.0001
2026-09-06 09:23:00,9,23,6,1,12.7546,0.023,0.0025
2026-09-06 09:24:00,9,24,6,1,14.4682,0.044,0.0025
2026-09-06 09:25:00,9,25,6,3,12.6684,0.024,0.0021
2026-09-06 09:26:00,9,26,6,2,12.942,0.05,0.0012
2026-09-06 09:27:00,9,27,6,2,14.0446,0.044,0.0014
2026-09-06 09:28:00,9,28,6,3,11.9793,0.006,0.0019
2026-09-06 09:29:00,9,29,6,1,11.3664,0.027,0.0015
2026-09-06 09:30:00,9,30,6,2,12.7106,0.007,0.0015
2026-09-06 09:31:00,9,31,6,3,9.108,0.016,0.0007
2026-09-06 09:32:00,9,32,6,2,10.7642,0.049,0.0007
2026-09-06 09:33:00,9,33,6,3,9.5949,0.047,0.0025
2026-09-06 09:34:00,9,34,6,1,10.0157,0.046,0.0025
2026-09-06 09:35:00,9,35,6,3,9.0089,0.019,0.0025
2026-09-06 09:36:00,9,36,6,3,10.1322,0.04,0.0006
2026-09-06 09:37:00,9,37,6,2,13.9969,0.002,0.0014
2026-09-06 09:38:00,9,38,6,1,14.0743,0.032,0.0022
2026-09-06 09:39:00,9,39,6,2,12.9276,0.049,0.001
2026-09-06 09:40:00,9,40,6,3,13.4448,0.051,0.0013
2026-09-06 09:41:00,9,41,6,3,12.309,0.037,0.0009
2026-09-06 09:42:00,9,42,6,1,13.0978,0.021,0.001
2026-09-06 09:43:00,9,43,6,3,11.7022,0.044,0.0017
2026-09-06 09:44:00,9,44,6,1,10.6823,0.009,0.0011
2026-09-06 09:45:00,9,45,6,3,13.8417,0.023,0.0003
2026-09-06 09:46:00,9,46,6,1,11.3337,0.021,0.0021
2026-09-06 09:47:00,9,47,6,2,11.9247,0.038,0.0015
2026-09-06 09:48:00,9,48,6,2,10.7395,0.043,0.0002
2026-09-06 09:49:00,9,49,6,2,9.4469,0.001,0.0007
2026-09-06 09:50:00,9,50,6,1,13.8826,0.036,0.0018
2026-09-06 09:51:00,9,51,6,3,10.0254,0.044,0.0011
2026-09-06 09:52:00,9,52,6,2,12.0532,0.02,0.0023
2026-09-06 09:53:00,9,53,6,3,14.0855,0.037,0.0015
2026-09-06 09:54:00,9,54,6,1,14.2317,0.038,0.0015
2026-09-06 09:55:00,9,55,6,3,14.1409,0.001,0.0011
2026-09-06 09:56:00,9,56,6,1,10.5581,0.027,0.002
2026-09-06 09:57:00,9,57,6,2,13.7204,0.017,0.0004
2026-09-06 09:58:00,9,58,6,2,11.22,0.033,0.0001
2026-09-06 09:59:00,9,59,6,1,12.1615,0.051,0.0023
2026-09-06 10:00:00,10,0,6,4,15.6411,0.331,0.0116
2026-09-06 10:01:00,10,1,6,5,38.0204,0.554,0.0183
2026-09-06 10:02:00,10,2,6,4,54.5969,0.248,0.0278
2026-09-06 10:03:00,10,3,6,5,50.0089,0.632,0.0343
2026-09-06 10:04:00,10,4,6,4,23.7728,0.999,0.0539
2026-09-06 10:05:00,10,5,6,4,23.2826,0.831,0.0241
2026-09-06 10:06:00,10,6,6,4,17.4652,0.185,0.0576
2026-09-06 10:07:00,10,7,6,4,52.3031,0.84,0.0143
2026-09-06 10:08:00,10,8,6,4,59.0789,1.271,0.0531
2026-09-06 10:09:00,10,9,6,4,53.0992,0.517,0.0135
2026-09-06 10:10:00,10,10,6,5,42.932,0.801,0.0528
2026-09-06 10:11:00,10,11,6,4,26.6441,0.756,0.0606
2026-09-06 10:12:00,10,12,6,5,64.5971,1.093,0.0493
2026-09-06 10:13:00,10,13,6,4,60.4373,0.776,0.0474
2026-09-06 10:14:00,10,14,6,4,45.6079,0.864,0.0625
2026-09-06 10:15:00,10,15,6,2,12.6919,0.032,0.0022
2026-09-06 10:16:00,10,16,6,1,12.7044,0.017,0.0019
2026-09-06 10:17:00,10,17,6,2,11.08,0.039,0.0021
2026-09-06 10:18:00,10,18,6,1,13.0814,0.006,0.0005
2026-09-06 10:19:00,10,19,6,1,9.3266,0.017,0.002
2026-09-06 10:20:00,10,20,6,1,14.4297,0.009,0.0007
2026-09-06 10:21:00,10,21,6,3,11.7905,0.016,0.0018
2026-09-06 10:22:00,10,22,6,1,14.1359,0.008,0.0017
2026-09-06 10:23:00,10,23,6,1,14.4706,0.002,0.0006
2026-09-06 10:24:00,10,24,6,1,9.2081,0.012,0.0023
2026-09-06 10:25:00,10,25,6,2,10.3713,0.026,0.0021
2026-09-06 10:26:00,10,26,6,1,9.1881,0.027,0.0019
2026-09-06 10:27:00,10,27,6,2,10.7294,0.05,0.0024
2026-09-06 10:28:00,10,28,6,1,11.2698,0.02,0.0002
2026-09-06 10:29:00,10,29,6,1,9.9885,0.046,0.0026
2026-09-06 10:30:00,10,30,6,1,11.9766,0.011,0.0023
2026-09-06 10:31:00,10,31,6,1,12.3333,0.007,0.0025
2026-09-06 10:32:00,10,32,6,1,9.3363,0.038,0.0006
2026-09-06 10:33:00,10,33,6,2,12.123,0.028,0.0007
2026-09-06 10:34:00,10,34,6,2,13.9161,0.036,0.0002
2026-09-06 10:35:00,10,35,6,2,11.3075,0.046,0.0005
2026-09-06 10:36:00,10,36,6,1,12.6591,0.049,0.001
2026-09-06 10:37:00,10,37,6,3,14.0424,0.037,0.0006
2026-09-06 10:38:00,10,38,6,2,14.253,0.005,0.0013
2026-09-06 10:39:00,10,39,6,2,9.7704,0.012,0.0013
2026-09-06 10:40:00,10,40,6,1,11.6757,0.044,0.0013
2026-09-06 10:41:00,10,41,6,3,13.9576,0.029,0.0019
2026-09-06 10:42:00,10,42,6,3,12.343,0.042,0.0019
2026-09-06 10:43:00,10,43,6,2,10.4423,0.013,0.0016
2026-09-06 10:44:00,10,44,6,1,11.7708,0.003,0.0016
2026-09-06 10:45:00,10,45,6,2,9.0774,0.029,0.0024
2026-09-06 10:46:00,10,46,6,3,10.6809,0.009,0.0023
2026-09-06 10:47:00,10,47,6,3,10.3152,0.026,0.0003
2026-09-06 10:48:00,10,48,6,2,13.9945,0.044,0.0016
2026-09-06 10:49:00,10,49,6,1,9.1215,0.018,0.0024
2026-09-06 10:50:00,10,50,6,1,9.7972,0.036,0.0008
2026-09-06 10:51:00,10,51,6,1,11.7221,0.022,0.0014
2026-09-06 10:52:00,10,52,6,3,11.1271,0.05,0.0018
2026-09-06 10:53:00,10,53,6,2,9.923,0.037,0.0008
2026-09-06 10:54:00,10,54,6,3,13.5184,0.036,0.0022
2026-09-06 10:55:00,10,55,6,2,12.0033,0.013,0.0014
2026-09-06 10:56:00,10,56,6,2,10.8962,0.028,0.0019
2026-09-06 10:57:00,10,57,6,3,11.211,0.033,0.0016
2026-09-06 10:58:00,10,58,6,1,12.5833,0.012,0.0013
2026-09-06 10:59:00,10,59,6,2,11.0272,0.036,0.0
2026-09-06 11:00:00,11,0,6,2,11.6169,0.04,0.0018
2026-09-06 11:01:00,11,1,6,3,10.2691,0.024,0.0018
2026-09-06 11:02:00,11,2,6,1,13.6861,0.013,0.0003
2026-09-06 11:03:00,11,3,6,1,14.4504,0.051,0.0008
2026-09-06 11:04:00,11,4,6,3,11.6114,0.02,0.0008
2026-09-06 11:05:00,11,5,6,2,12.1224,0.024,0.0013
2026-09-06 11:06:00,11,6,6,1,14.3887,0.021,0.002
2026-09-06 11:07:00,11,7,6,1,9.7415,0.001,0.0021
2026-09-06 11:08:00,11,8,6,2,12.8922,0.044,0.002
2026-09-06 11:09:00,11,9,6,2,9.7649,0.05,0.0022
2026-09-06 11:10:00,11,10,6,1,12.5189,0.007,0.0002
2026-09-06 11:11:00,11,11,6,2,14.0667,0.014,0.0013
2026-09-06 11:12:00,11,12,6,1,13.5354,0.029,0.0005
2026-09-06 11:13:00,11,13,6,1,13.1857,0.049,0.0006
2026-09-06 11:14:00,11,14,6,2,12.0985,0.007,0.0025
2026-09-06 11:15:00,11,15,6,3,10.7608,0.001,0.0016
2026-09-06 11:16:00,11,16,6,2,14.096,0.04,0.0001
2026-09-06 11:17:00,11,17,6,2,13.8626,0.034,0.0026
2026-09-06 11:18:00,11,18,6,2,9.3935,0.052,0.0025
2026-09-06 11:19:00,11,19,6,1,9.3912,0.047,0.0011
2026-09-06 11:20:00,11,20,6,1,14.3688,0.001,0.0015
2026-09-06 11:21:00,11,21,6,1,12.0275,0.007,0.0016
2026-09-06 11:22:00,11,22,6,1,13.0198,0.01,0.0019
2026-09-06 11:23:00,11,23,6,2,10.9881,0.05,0.0021
2026-09-06 11:24:00,11,24,6,1,14.2911,0.007,0.0007
2026-09-06 11:25:00,11,25,6,2,13.3422,0.047,0.0007
2026-09-06 11:26:00,11,26,6,3,13.236,0.037,0.0024
2026-09-06 11:27:00,11,27,6,3,10.106,0.041,0.0011
2026-09-06 11:28:00,11,28,6,1,13.2284,0.027,0.0008
2026-09-06 11:29:00,11,29,6,2,10.4081,0.042,0.0004
2026-09-06 11:30:00,11,30,6,1,11.6504,0.046,0.0013
2026-09-06 11:31:00,11,31,6,2,12.1047,0.002,0.0024
2026-09-06 11:32:00,11,32,6,2,13.2447,0.028,0.0007
2026-09-06 11:33:00,11,33,6,2,13.4206,0.037,0.0008
2026-09-06 11:34:00,11,34,6,1,11.6723,0.038,0.0015
2026-09-06 11:35:00,11,35,6,2,10.6804,0.0,0.0008
2026-09-06 11:36:00,11,36,6,3,9.8978,0.029,0.0015
2026-09-06 11:37:00,11,37,6,2,14.2594,0.011,0.0014
2026-09-06 11:38:00,11,38,6,2,10.1675,0.037,0.0003
2026-09-06 11:39:00,11,39,6,1,12.9138,0.043,0.0016
2026-09-06 11:40:00,11,40,6,2,10.952,0.031,0.0007
2026-09-06 11:41:00,11,41,6,3,13.0447,0.024,0.002
2026-09-06 11:42:00,11,42,6,2,13.5454,0.052,0.0021
2026-09-06 11:43:00,11,43,6,3,13.3445,0.019,0.0
2026-09-06 11:44:00,11,44,6,1,10.7084,0.003,0.0024
2026-09-06 11:45:00,11,45,6,3,9.4304,0.044,0.0022
2026-09-06 11:46:00,11,46,6,2,13.433,0.005,0.0017
2026-09-06 11:47:00,11,47,6,1,13.1001,0.034,0.0007
2026-09-06 11:48:00,11,48,6,2,9.2498,0.005,0.0021
2026-09-06 11:49:00,11,49,6,1,13.8258,0.037,0.0004
2026-09-06 11:50:00,11,50,6,2,10.8968,0.04,0.0016
2026-09-06 11:51:00,11,51,6,1,10.9631,0.049,0.0025
2026-09-06 11:52:00,11,52,6,2,14.097,0.048,0.0005
2026-09-06 11:53:00,11,53,6,2,10.4759,0.024,0.0004
2026-09-06 11:54:00,11,54,6,2,11.5931,0.001,0.0007
2026-09-06 11:55:00,11,55,6,1,10.4906,0.008,0.0003
2026-09-06 11:56:00,11,56,6,1,12.4621,0.041,0.0007
2026-09-06 11:57:00,11,57,6,1,13.4936,0.028,0.0015
2026-09-06 11:58:00,11,58,6,3,14.3088,0.049,0.0014
2026-09-06 11:59:00,11,59,6,1,10.6692,0.02,0.0024
2026-09-06 12:00:00,12,0,6,3,25.9944,1.249,0.0633
2026-09-06 12:01:00,12,1,6,3,42.3799,0.825,0.0376
2026-09-06 12:02:00,12,2,6,5,16.7625,0.819,0.051
2026-09-06 12:03:00,12,3,6,5,31.7939,0.905,0.0291
2026-09-06 12:04:00,12,4,6,5,39.4964,1.29,0.0158
2026-09-06 12:05:00,12,5,6,5,30.4975,0.509,0.0249
2026-09-06 12:06:00,12,6,6,4,15.1661,0.846,0.0398
2026-09-06 12:07:00,12,7,6,5,63.7491,0.635,0.0494
2026-09-06 12:08:00,12,8,6,4,18.708,1.277,0.0379
2026-09-06 12:09:00,12,9,6,4,61.931,0.454,0.0598
2026-09-06 12:10:00,12,10,6,4,31.0624,0.267,0.0321
2026-09-06 12:11:00,12,11,6,3,49.8995,1.074,0.0152
2026-09-06 12:12:00,12,12,6,3,26.5848,1.091,0.0375
2026-09-06 12:13:00,12,13,6,5,31.2467,0.305,0.0243
2026-09-06 12:14:00,12,14,6,4,43.8865,0.229,0.0612
2026-09-06 12:15:00,12,15,6,1,10.7748,0.044,0.0018
2026-09-06 12:16:00,12,16,6,1,11.031,0.002,0.0014
2026-09-06 12:17:00,12,17,6,1,12.07,0.026,0.0025
2026-09-06 12:18:00,12,18,6,2,11.9741,0.003,0.0023
2026-09-06 12:19:00,12,19,6,1,14.4863,0.041,0.0017
2026-09-06 12:20:00,12,20,6,2,11.3575,0.02,0.0002
2026-09-06 12:21:00,12,21,6,1,11.5851,0.024,0.0009
2026-09-06 12:22:00,12,22,6,3,11.3242,0.042,0.0011
2026-09-06 12:23:00,12,23,6,3,11.9081,0.03,0.0026
2026-09-06 12:24:00,12,24,6,2,13.7893,0.016,0.001
2026-09-06 12:25:00,12,25,6,1,9.9192,0.008,0.0018
2026-09-06 12:26:00,12,26,6,1,12.1565,0.023,0.0005
2026-09-06 12:27:00,12,27,6,1,10.788,0.009,0.0013
2026-09-06 12:28:00,12,28,6,2,13.0134,0.045,0.0009
2026-09-06 12:29:00,12,29,6,2,9.8955,0.007,0.0018
2026-09-06 12:30:00,12,30,6,2,14.4669,0.041,0.0023
2026-09-06 12:31:00,12,31,6,1,12.3099,0.034,0.0001
2026-09-06 12:32:00,12,32,6,2,9.9726,0.016,0.0015
2026-09-06 12:33:00,12,33,6,2,9.4735,0.043,0.001
2026-09-06 12:34:00,12,34,6,2,14.2963,0.049,0.0006
2026-09-06 12:35:00,12,35,6,1,9.974,0.049,0.002
2026-09-06 12:36:00,12,36,6,2,9.1384,0.029,0.0009
2026-09-06 12:37:00,12,37,6,1,12.9831,0.012,0.001
2026-09-06 12:38:00,12,38,6,3,10.7851,0.029,0.0016
2026-09-06 12:39:00,12,39,6,3,14.3082,0.031,0.001
2026-09-06 12:40:00,12,40,6,1,13.941,0.031,0.0006
2026-09-06 12:41:00,12,41,6,2,10.8446,0.005,0.0011
2026-09-06 12:42:00,12,42,6,1,14.0549,0.019,0.0004
2026-09-06 12:43:00,12,43,6,2,11.945,0.037,0.002
2026-09-06 12:44:00,12,44,6,2,9.043,0.045,0.0011
2026-09-06 12:45:00,12,45,6,1,11.7967,0.019,0.0006
2026-09-06 12:46:00,12,46,6,1,11.0418,0.014,0.0007
2026-09-06 12:47:00,12,47,6,1,12.4629,0.036,0.0006
2026-09-06 12:48:00,12,48,6,1,12.6159,0.034,0.0011
2026-09-06 12:49:00,12,49,6,2,10.1403,0.018,0.0004
2026-09-06 12:50:00,12,50,6,3,9.7637,0.028,0.0022
2026-09-06 12:51:00,12,51,6,1,10.7599,0.026,0.0
2026-09-06 12:52:00,12,52,6,2,9.5443,0.03,0.0011
2026-09-06 12:53:00,12,53,6,1,12.6599,0.001,0.0018
2026-09-06 12:54:00,12,54,6,1,9.2202,0.023,0.0013
2026-09-06 12:55:00,12,55,6,2,11.3323,0.051,0.0023
2026-09-06 12:56:00,12,56,6,1,11.1406,0.031,0.0007
2026-09-06 12:57:00,12,57,6,1,11.7389,0.001,0.0018
2026-09-06 12:58:00,12,58,6,1,9.613,0.044,0.0011
2026-09-06 12:59:00,12,59,6,1,13.6585,0.016,0.0016
2026-09-06 13:00:00,13,0,6,1,9.1774,0.025,0.0012
2026-09-06 13:01:00,13,1,6,1,11.8349,0.019,0.0004
2026-09-06 13:02:00,13,2,6,2,9.3389,0.0,0.002
2026-09-06 13:03:00,13,3,6,3,10.0288,0.019,0.0
2026-09-06 13:04:00,13,4,6,2,10.7597,0.051,0.0013
2026-09-06 13:05:00,13,5,6,2,10.0896,0.029,0.001
2026-09-06 13:06:00,13,6,6,2,9.2183,0.05,0.0017
2026-09-06 13:07:00,13,7,6,1,13.5797,0.035,0.002
2026-09-06 13:08:00,13,8,6,3,12.2444,0.027,0.0012
2026-09-06 13:09:00,13,9,6,3,10.6291,0.049,0.0008
2026-09-06 13:10:00,13,10,6,2,13.689,0.035,0.0016
2026-09-06 13:11:00,13,11,6,1,14.3453,0.047,0.0012
2026-09-06 13:12:00,13,12,6,2,11.0305,0.027,0.0009
2026-09-06 13:13:00,13,13,6,1,13.3292,0.041,0.0023
2026-09-06 13:14:00,13,14,6,1,9.3434,0.01,0.0023
2026-09-06 13:15:00,13,15,6,2,12.2368,0.034,0.0017
2026-09-06 13:16:00,13,16,6,1,9.501,0.01,0.0013
2026-09-06 13:17:00,13,17,6,1,11.4701,0.034,0.0024
2026-09-06 13:18:00,13,18,6,2,11.9342,0.024,0.0008
2026-09-06 13:19:00,13,19,6,3,11.3954,0.023,0.0018
2026-09-06 13:20:00,13,20,6,2,9.2345,0.048,0.0009
2026-09-06 13:21:00,13,21,6,1,11.908,0.018,0.0005
2026-09-06 13:22:00,13,22,6,1,9.0851,0.026,0.0
2026-09-06 13:23:00,13,23,6,1,12.9176,0.01,0.0021
2026-09-06 13:24:00,13,24,6,2,12.4468,0.014,0.0001
2026-09-06 13:25:00,13,25,6,1,9.5154,0.032,0.0004
2026-09-06 13:26:00,13,26,6,1,12.1625,0.015,0.0025
2026-09-06 13:27:00,13,27,6,1,12.1489,0.044,0.0009
2026-09-06 13:28:00,13,28,6,1,10.7101,0.009,0.0007
2026-09-06 13:29:00,13,29,6,1,12.8214,0.025,0.0006
2026-09-06 13:30:00,13,30,6,1,13.659,0.021,0.0008
2026-09-06 13:31:00,13,31,6,3,12.3734,0.001,0.0003
2026-09-06 13:32:00,13,32,6,1,12.8091,0.05,0.0016
2026-09-06 13:33:00,13,33,6,1,11.6762,0.028,0.0011
2026-09-06 13:34:00,13,34,6,2,9.1887,0.047,0.0023
2026-09-06 13:35:00,13,35,6,2,9.4662,0.0,0.0001
2026-09-06 13:36:00,13,36,6,3,10.7156,0.011,0.002
2026-09-06 13:37:00,13,37,6,2,10.8518,0.032,0.0004
2026-09-06 13:38:00,13,38,6,2,11.8724,0.046,0.0004
2026-09-06 13:39:00,13,39,6,2,11.3045,0.021,0.0009
2026-09-06 13:40:00,13,40,6,1,9.0809,0.006,0.0011
2026-09-06 13:41:00,13,41,6,2,10.7233,0.02,0.0007
2026-09-06 13:42:00,13,42,6,1,13.5064,0.015,0.0017
2026-09-06 13:43:00,13,43,6,2,11.991,0.036,0.0014
2026-09-06 13:44:00,13,44,6,1,12.0373,0.02,0.002
2026-09-06 13:45:00,13,45,6,2,10.2002,0.041,0.0007
2026-09-06 13:46:00,13,46,6,2,9.9846,0.041,0.0007
2026-09-06 13:47:00,13,47,6,3,12.9445,0.029,0.002
2026-09-06 13:48:00,13,48,6,1,9.1571,0.001,0.0026
2026-09-06 13:49:00,13,49,6,1,11.7363,0.03,0.0008
2026-09-06 13:50:00,13,50,6,2,10.7762,0.044,0.0023
2026-09-06 13:51:00,13,51,6,1,9.1475,0.051,0.0026
2026-09-06 13:52:00,13,52,6,1,9.2511,0.033,0.0001
2026-09-06 13:53:00,13,53,6,1,10.8624,0.01,0.0014
2026-09-06 13:54:00,13,54,6,2,12.7457,0.052,0.0025
2026-09-06 13:55:00,13,55,6,2,13.0447,0.028,0.0002
2026-09-06 13:56:00,13,56,6,2,10.0883,0.037,0.0017
2026-09-06 13:57:00,13,57,6,2,13.8993,0.03,0.0019
2026-09-06 13:58:00,13,58,6,1,12.5885,0.032,0.0002
2026-09-06 13:59:00,13,59,6,2,13.0354,0.014,0.0014
2026-09-06 14:00:00,14,0,6,4,17.5677,0.306,0.042
2026-09-06 14:01:00,14,1,6,3,24.2426,0.18,0.0571
2026-09-06 14:02:00,14,2,6,4,54.0513,1.184,0.0206
2026-09-06 14:03:00,14,3,6,3,49.0101,0.863,0.0213
2026-09-06 14:04:00,14,4,6,4,42.0991,0.672,0.0379
2026-09-06 14:05:00,14,5,6,4,16.9349,0.732,0.0583
2026-09-06 14:06:00,14,6,6,4,39.1149,0.924,0.0352
2026-09-06 14:07:00,14,7,6,3,65.1862,0.787,0.0268
2026-09-06 14:08:00,14,8,6,4,60.7993,1.012,0.0311
2026-09-06 14:09:00,14,9,6,5,26.8681,0.862,0.0228
2026-09-06 14:10:00,14,10,6,4,26.7406,0.417,0.0229
2026-09-06 14:11:00,14,11,6,4,39.8982,0.405,0.0601
2026-09-06 14:12:00,14,12,6,5,45.8474,0.645,0.0354
2026-09-06 14:13:00,14,13,6,4,15.5193,1.146,0.023
2026-09-06 14:14:00,14,14,6,4,36.7827,0.817,0.0433
2026-09-06 14:15:00,14,15,6,3,12.8274,0.034,0.0011
2026-09-06 14:16:00,14,16,6,1,13.189,0.027,0.0018
2026-09-06 14:17:00,14,17,6,1,9.1874,0.035,0.0004
2026-09-06 14:18:00,14,18,6,2,13.6168,0.022,0.0015
2026-09-06 14:19:00,14,19,6,2,12.9355,0.025,0.0023
2026-09-06 14:20:00,14,20,6,2,12.2125,0.005,0.0012
2026-09-06 14:21:00,14,21,6,1,12.1684,0.038,0.0007
2026-09-06 14:22:00,14,22,6,1,9.0962,0.033,0.0017
2026-09-06 14:23:00,14,23,6,1,13.8072,0.02,0.0009
2026-09-06 14:24:00,14,24,6,1,13.8932,0.036,0.0002
2026-09-06 14:25:00,14,25,6,2,11.3133,0.015,0.0016
2026-09-06 14:26:00,14,26,6,2,9.3082,0.006,0.0013
2026-09-06 14:27:00,14,27,6,1,12.2316,0.052,0.0009
2026-09-06 14:28:00,14,28,6,1,11.5675,0.02,0.0004
2026-09-06 14:29:00,14,29,6,2,9.2379,0.036,0.0015
2026-09-06 14:30:00,14,30,6,3,10.3842,0.004,0.002
2026-09-06 14:31:00,14,31,6,2,11.23,0.043,0.0001
2026-09-06 14:32:00,14,32,6,3,13.147,0.022,0.0018
2026-09-06 14:33:00,14,33,6,2,13.3592,0.05,0.0005
2026-09-06 14:34:00,14,34,6,2,9.287,0.023,0.0007
2026-09-06 14:35:00,14,35,6,2,12.993,0.02,0.0025
2026-09-06 14:36:00,14,36,6,2,14.4053,0.03,0.0024
2026-09-06 14:37:00,14,37,6,2,9.3881,0.025,0.0024
2026-09-06 14:38:00,14,38,6,2,9.041,0.011,0.0002
2026-09-06 14:39:00,14,39,6,1,10.137,0.047,0.0018
2026-09-06 14:40:00,14,40,6,3,13.1619,0.01,0.0003
2026-09-06 14:41:00,14,41,6,1,14.2735,0.009,0.0016
2026-09-06 14:42:00,14,42,6,1,13.7908,0.032,0.0019
2026-09-06 14:43:00,14,43,6,1,12.5491,0.009,0.0016
2026-09-06 14:44:00,14,44,6,3,13.4655,0.036,0.0015
2026-09-06 14:45:00,14,45,6,1,13.1608,0.035,0.0006
2026-09-06 14:46:00,14,46,6,2,12.6515,0.009,0.0001
2026-09-06 14:47:00,14,47,6,1,10.1333,0.026,0.0022
2026-09-06 14:48:00,14,48,6,1,13.5623,0.01,0.0001
2026-09-06 14:49:00,14,49,6,1,12.741,0.04,0.0004
2026-09-06 14:50:00,14,50,6,1,10.9615,0.038,0.0014
2026-09-06 14:51:00,14,51,6,1,11.9824,0.003,0.0019
2026-09-06 14:52:00,14,52,6,2,10.1323,0.019,0.0
2026-09-06 14:53:00,14,53,6,2,12.8063,0.003,0.0025
2026-09-06 14:54:00,14,54,6,2,10.4528,0.019,0.0013
2026-09-06 14:55:00,14,55,6,2,10.5916,0.031,0.0009
2026-09-06 14:56:00,14,56,6,3,11.3296,0.034,0.0018
2026-09-06 14:57:00,14,57,6,1,10.5909,0.021,0.0022
2026-09-06 14:58:00,14,58,6,2,10.7723,0.025,0.0009
2026-09-06 14:59:00,14,59,6,1,13.2443,0.016,0.0014
2026-09-06 15:00:00,15,0,6,1,12.5129,0.001,0.0012
2026-09-06 15:01:00,15,1,6,1,10.3767,0.024,0.001
2026-09-06 15:02:00,15,2,6,2,9.6041,0.016,0.0014
2026-09-06 15:03:00,15,3,6,2,13.7372,0.033,0.0018
2026-09-06 15:04:00,15,4,6,2,10.5578,0.034,0.0017
2026-09-06 15:05:00,15,5,6,2,10.2591,0.027,0.001
2026-09-06 15:06:00,15,6,6,3,9.9627,0.011,0.0013
2026-09-06 15:07:00,15,7,6,1,9.4049,0.04,0.0025
2026-09-06 15:08:00,15,8,6,2,11.4727,0.048,0.0018
2026-09-06 15:09:00,15,9,6,3,11.2044,0.049,0.0017
2026-09-06 15:10:00,15,10,6,3,12.8556,0.029,0.0018
2026-09-06 15:11:00,15,11,6,3,13.0302,0.032,0.0014
2026-09-06 15:12:00,15,12,6,2,11.861,0.024,0.0012
2026-09-06 15:13:00,15,13,6,2,9.303,0.04,0.0002
2026-09-06 15:14:00,15,14,6,2,10.6633,0.013,0.0008
2026-09-06 15:15:00,15,15,6,1,12.7269,0.008,0.0023
2026-09-06 15:16:00,15,16,6,2,12.2779,0.005,0.0017
2026-09-06 15:17:00,15,17,6,1,12.146,0.007,0.0008
2026-09-06 15:18:00,15,18,6,1,13.7515,0.006,0.0007
2026-09-06 15:19:00,15,19,6,1,11.6266,0.026,0.0018
2026-09-06 15:20:00,15,20,6,2,13.2399,0.024,0.0004
2026-09-06 15:21:00,15,21,6,2,13.8349,0.018,0.0011
2026-09-06 15:22:00,15,22,6,1,13.9871,0.031,0.0026
2026-09-06 15:23:00,15,23,6,1,12.5241,0.018,0.002
2026-09-06 15:24:00,15,24,6,1,12.4631,0.023,0.0016
2026-09-06 15:25:00,15,25,6,1,10.4977,0.036,0.0005
2026-09-06 15:26:00,15,26,6,3,12.7011,0.031,0.002
2026-09-06 15:27:00,15,27,6,1,13.7756,0.005,0.0024
2026-09-06 15:28:00,15,28,6,2,12.4411,0.008,0.001
2026-09-06 15:29:00,15,29,6,3,13.6107,0.008,0.0011
2026-09-06 15:30:00,15,30,6,2,9.4372,0.042,0.0023
2026-09-06 15:31:00,15,31,6,1,12.2547,0.025,0.0007
2026-09-06 15:32:00,15,32,6,3,12.0366,0.029,0.0007
2026-09-06 15:33:00,15,33,6,3,14.3453,0.023,0.0026
2026-09-06 15:34:00,15,34,6,2,9.5291,0.006,0.0026
2026-09-06 15:35:00,15,35,6,2,13.1785,0.046,0.0005
2026-09-06 15:36:00,15,36,6,2,14.1982,0.01,0.0006
2026-09-06 15:37:00,15,37,6,3,9.4012,0.03,0.0008
2026-09-06 15:38:00,15,38,6,2,12.9003,0.023,0.0012
2026-09-06 15:39:00,15,39,6,1,13.0939,0.012,0.0006
2026-09-06 15:40:00,15,40,6,2,14.1337,0.046,0.0003
2026-09-06 15:41:00,15,41,6,2,14.3224,0.024,0.0005
2026-09-06 15:42:00,15,42,6,2,10.0957,0.02,0.002
2026-09-06 15:43:00,15,43,6,1,14.2384,0.002,0.0015
2026-09-06 15:44:00,15,44,6,1,9.8978,0.019,0.0007
2026-09-06 15:45:00,15,45,6,1,11.5256,0.028,0.0017
2026-09-06 15:46:00,15,46,6,1,9.7688,0.046,0.0022
2026-09-06 15:47:00,15,47,6,1,12.8117,0.042,0.0007
2026-09-06 15:48:00,15,48,6,2,10.8817,0.008,0.0012
2026-09-06 15:49:00,15,49,6,3,9.0358,0.051,0.0011
2026-09-06 15:50:00,15,50,6,1,13.5818,0.033,0.0024
2026-09-06 15:51:00,15,51,6,1,9.2961,0.038,0.0006
2026-09-06 15:52:00,15,52,6,2,11.0049,0.044,0.0007
2026-09-06 15:53:00,15,53,6,1,9.3581,0.043,0.0023
2026-09-06 15:54:00,15,54,6,1,11.4052,0.007,0.0023
2026-09-06 15:55:00,15,55,6,1,11.7571,0.019,0.0008
2026-09-06 15:56:00,15,56,6,3,10.8968,0.035,0.0003
2026-09-06 15:57:00,15,57,6,1,12.0045,0.03,0.0022
2026-09-06 15:58:00,15,58,6,2,11.9611,0.007,0.0019
2026-09-06 15:59:00,15,59,6,2,10.3559,0.007,0.0016
2026-09-06 16:00:00,16,0,6,4,46.021,0.951,0.0382
2026-09-06 16:01:00,16,1,6,4,48.1312,0.335,0.0344
2026-09-06 16:02:00,16,2,6,5,63.9085,0.855,0.0547
2026-09-06 16:03:00,16,3,6,5,58.8768,0.315,0.0109
2026-09-06 16:04:00,16,4,6,4,51.0227,1.225,0.0232
2026-09-06 16:05:00,16,5,6,5,45.1962,0.429,0.0281
2026-09-06 16:06:00,16,6,6,3,27.1442,1.214,0.0114
2026-09-06 16:07:00,16,7,6,3,41.3246,0.261,0.0315
2026-09-06 16:08:00,16,8,6,4,54.4471,0.987,0.0146
2026-09-06 16:09:00,16,9,6,4,29.7654,1.096,0.0256
2026-09-06 16:10:00,16,10,6,5,48.6256,0.297,0.0456
2026-09-06 16:11:00,16,11,6,5,52.819,1.018,0.0126
2026-09-06 16:12:00,16,12,6,5,17.4296,0.964,0.0204
2026-09-06 16:13:00,16,13,6,4,45.0002,0.759,0.0565
2026-09-06 16:14:00,16,14,6,3,21.9969,0.215,0.0346
2026-09-06 16:15:00,16,15,6,3,12.6341,0.052,0.0015
2026-09-06 16:16:00,16,16,6,1,9.4546,0.004,0.0
2026-09-06 16:17:00,16,17,6,2,9.4553,0.04,0.0003
2026-09-06 16:18:00,16,18,6,1,9.0567,0.027,0.0022
2026-09-06 16:19:00,16,19,6,1,13.2306,0.026,0.0022
2026-09-06 16:20:00,16,20,6,1,13.7452,0.008,0.0005
2026-09-06 16:21:00,16,21,6,3,14.3258,0.007,0.0024
2026-09-06 16:22:00,16,22,6,2,14.3202,0.037,0.0006
2026-09-06 16:23:00,16,23,6,3,13.194,0.046,0.0003
2026-09-06 16:24:00,16,24,6,2,13.4404,0.017,0.0016
2026-09-06 16:25:00,16,25,6,2,12.7513,0.004,0.0008
2026-09-06 16:26:00,16,26,6,1,9.3468,0.014,0.0019
2026-09-06 16:27:00,16,27,6,3,12.93,0.048,0.0019
2026-09-06 16:28:00,16,28,6,2,11.4431,0.005,0.001
2026-09-06 16:29:00,16,29,6,2,11.1014,0.017,0.001
2026-09-06 16:30:00,16,30,6,2,13.6385,0.041,0.0019
2026-09-06 16:31:00,16,31,6,2,12.9865,0.017,0.0
2026-09-06 16:32:00,16,32,6,1,9.9071,0.013,0.0018
2026-09-06 16:33:00,16,33,6,1,13.4863,0.034,0.0009
2026-09-06 16:34:00,16,34,6,2,10.6759,0.023,0.0009
2026-09-06 16:35:00,16,35,6,2,14.2267,0.029,0.0008
2026-09-06 16:36:00,16,36,6,1,11.7986,0.012,0.0016
2026-09-06 16:37:00,16,37,6,1,11.3811,0.022,0.0024
2026-09-06 16:38:00,16,38,6,2,9.0247,0.01,0.0015
2026-09-06 16:39:00,16,39,6,2,10.1894,0.004,0.0012
2026-09-06 16:40:00,16,40,6,1,12.1839,0.009,0.001
2026-09-06 16:41:00,16,41,6,1,14.0586,0.046,0.0002
2026-09-06 16:42:00,16,42,6,3,9.9406,0.0,0.0016
2026-09-06 16:43:00,16,43,6,3,10.011,0.037,0.0002
2026-09-06 16:44:00,16,44,6,1,13.7198,0.018,0.0016
2026-09-06 16:45:00,16,45,6,3,10.0291,0.033,0.0009
2026-09-06 16:46:00,16,46,6,1,14.2975,0.051,0.0009
2026-09-06 16:47:00,16,47,6,3,13.893,0.014,0.0014
2026-09-06 16:48:00,16,48,6,1,9.7297,0.019,0.0021
2026-09-06 16:49:00,16,49,6,2,9.6131,0.007,0.001
2026-09-06 16:50:00,16,50,6,2,11.6151,0.029,0.0008
2026-09-06 16:51:00,16,51,6,3,9.6076,0.009,0.0017
2026-09-06 16:52:00,16,52,6,3,9.0908,0.042,0.0013
2026-09-06 16:53:00,16,53,6,2,11.2847,0.013,0.0021
2026-09-06 16:54:00,16,54,6,2,9.1959,0.008,0.0012
2026-09-06 16:55:00,16,55,6,2,13.9835,0.031,0.0006
2026-09-06 16:56:00,16,56,6,1,13.6044,0.038,0.0019
2026-09-06 16:57:00,16,57,6,2,10.6976,0.037,0.0
2026-09-06 16:58:00,16,58,6,3,14.4463,0.0,0.0006
2026-09-06 16:59:00,16,59,6,2,12.5409,0.025,0.0004
2026-09-06 17:00:00,17,0,6,1,10.8562,0.013,0.0015
2026-09-06 17:01:00,17,1,6,3,12.2782,0.036,0.0002
2026-09-06 17:02:00,17,2,6,1,11.0077,0.045,0.0008
2026-09-06 17:03:00,17,3,6,2,13.7446,0.011,0.0021
2026-09-06 17:04:00,17,4,6,2,13.0303,0.049,0.0018
2026-09-06 17:05:00,17,5,6,2,12.485,0.02,0.0025
2026-09-06 17:06:00,17,6,6,2,11.1148,0.005,0.0002
2026-09-06 17:07:00,17,7,6,1,12.0486,0.003,0.0004
2026-09-06 17:08:00,17,8,6,2,12.5439,0.042,0.0003
2026-09-06 17:09:00,17,9,6,2,11.11,0.049,0.0019
2026-09-06 17:10:00,17,10,6,2,9.3884,0.039,0.0022
2026-09-06 17:11:00,17,11,6,2,12.8635,0.045,0.0001
2026-09-06 17:12:00,17,12,6,2,11.5576,0.015,0.002
2026-09-06 17:13:00,17,13,6,1,12.8237,0.039,0.0014
2026-09-06 17:14:00,17,14,6,1,9.2606,0.024,0.0003
2026-09-06 17:15:00,17,15,6,1,13.9162,0.009,0.0016
2026-09-06 17:16:00,17,16,6,2,12.138,0.049,0.0008
2026-09-06 17:17:00,17,17,6,3,10.2072,0.016,0.0018
2026-09-06 17:18:00,17,18,6,3,13.3354,0.021,0.0023
2026-09-06 17:19:00,17,19,6,1,13.7846,0.043,0.0004
2026-09-06 17:20:00,17,20,6,3,9.8708,0.03,0.0015
2026-09-06 17:21:00,17,21,6,3,10.4403,0.004,0.0012
2026-09-06 17:22:00,17,22,6,2,13.4328,0.022,0.0024
2026-09-06 17:23:00,17,23,6,1,12.5266,0.032,0.0014
2026-09-06 17:24:00,17,24,6,1,11.7169,0.003,0.0006
2026-09-06 17:25:00,17,25,6,1,11.6248,0.05,0.0003
2026-09-06 17:26:00,17,26,6,1,14.3342,0.008,0.0007
2026-09-06 17:27:00,17,27,6,1,9.3267,0.004,0.0008
2026-09-06 17:28:00,17,28,6,2,11.3026,0.034,0.0004
2026-09-06 17:29:00,17,29,6,3,10.879,0.0,0.0
2026-09-06 17:30:00,17,30,6,2,9.0436,0.021,0.0002
2026-09-06 17:31:00,17,31,6,2,12.6708,0.014,0.0022
2026-09-06 17:32:00,17,32,6,2,10.9353,0.022,0.0012
2026-09-06 17:33:00,17,33,6,2,13.9154,0.012,0.0006
2026-09-06 17:34:00,17,34,6,2,11.0291,0.004,0.0018
2026-09-06 17:35:00,17,35,6,2,13.2424,0.045,0.0016
2026-09-06 17:36:00,17,36,6,3,12.0731,0.015,0.0011
2026-09-06 17:37:00,17,37,6,3,12.9948,0.008,0.0011
2026-09-06 17:38:00,17,38,6,1,13.6113,0.049,0.0012
2026-09-06 17:39:00,17,39,6,1,12.1215,0.033,0.0015
2026-09-06 17:40:00,17,40,6,3,11.4128,0.002,0.0004
2026-09-06 17:41:00,17,41,6,1,12.2303,0.019,0.0015
2026-09-06 17:42:00,17,42,6,2,13.5351,0.014,0.0017
2026-09-06 17:43:00,17,43,6,3,11.8466,0.03,0.0005
2026-09-06 17:44:00,17,44,6,3,13.5447,0.049,0.0009
2026-09-06 17:45:00,17,45,6,3,10.5288,0.043,0.0015
2026-09-06 17:46:00,17,46,6,2,10.1903,0.014,0.0006
2026-09-06 17:47:00,17,47,6,1,11.0162,0.009,0.002
2026-09-06 17:48:00,17,48,6,1,11.9907,0.002,0.0001
2026-09-06 17:49:00,17,49,6,3,9.3873,0.046,0.0019
2026-09-06 17:50:00,17,50,6,3,11.8975,0.028,0.0002
2026-09-06 17:51:00,17,51,6,2,12.3642,0.014,0.001
2026-09-06 17:52:00,17,52,6,1,12.2022,0.029,0.002
2026-09-06 17:53:00,17,53,6,2,12.7695,0.0,0.0003
2026-09-06 17:54:00,17,54,6,1,12.8194,0.022,0.001
2026-09-06 17:55:00,17,55,6,1,10.0747,0.017,0.0024
2026-09-06 17:56:00,17,56,6,1,12.8263,0.049,0.0004
2026-09-06 17:57:00,17,57,6,2,12.0337,0.012,0.0019
2026-09-06 17:58:00,17,58,6,2,11.6846,0.021,0.0005
2026-09-06 17:59:00,17,59,6,1,12.4816,0.001,0.0026
2026-09-06 18:00:00,18,0,6,0,5.3396,0.019,0.0008
2026-09-06 18:01:00,18,1,6,0,9.4643,0.017,0.0018
2026-09-06 18:02:00,18,2,6,0,5.436,0.024,0.0014
2026-09-06 18:03:00,18,3,6,0,4.5309,0.005,0.0013
2026-09-06 18:04:00,18,4,6,0,5.3103,0.01,0.0019
2026-09-06 18:05:00,18,5,6,1,7.453,0.002,0.0011
2026-09-06 18:06:00,18,6,6,0,6.1533,0.022,0.0016
2026-09-06 18:07:00,18,7,6,0,9.2055,0.002,0.0012
2026-09-06 18:08:00,18,8,6,1,8.4331,0.01,0.0007
2026-09-06 18:09:00,18,9,6,0,4.6656,0.027,0.0002
2026-09-06 18:10:00,18,10,6,0,7.7402,0.039,0.0015
2026-09-06 18:11:00,18,11,6,0,4.4984,0.009,0.0006
2026-09-06 18:12:00,18,12,6,0,4.9581,0.031,0.0006
2026-09-06 18:13:00,18,13,6,0,8.4896,0.034,0.001
2026-09-06 18:14:00,18,14,6,0,8.7139,0.044,0.0018
2026-09-06 18:15:00,18,15,6,0,4.0278,0.025,0.0008
2026-09-06 18:16:00,18,16,6,0,6.7799,0.01,0.0003
2026-09-06 18:17:00,18,17,6,0,8.2359,0.025,0.0005
2026-09-06 18:18:00,18,18,6,0,6.9823,0.037,0.0005
2026-09-06 18:19:00,18,19,6,0,9.4572,0.042,0.0007
2026-09-06 18:20:00,18,20,6,0,4.5035,0.019,0.0002
2026-09-06 18:21:00,18,21,6,0,8.9593,0.038,0.0014
2026-09-06 18:22:00,18,22,6,0,4.6975,0.005,0.0015
2026-09-06 18:23:00,18,23,6,0,4.0128,0.018,0.0013
2026-09-06 18:24:00,18,24,6,1,6.4128,0.011,0.0013
2026-09-06 18:25:00,18,25,6,0,6.1092,0.042,0.0017
2026-09-06 18:26:00,18,26,6,0,8.2131,0.002,0.0013
2026-09-06 18:27:00,18,27,6,0,6.7333,0.028,0.0016
2026-09-06 18:28:00,18,28,6,0,6.4185,0.032,0.0008
2026-09-06 18:29:00,18,29,6,1,6.1727,0.025,0.0007
2026-09-06 18:30:00,18,30,6,1,6.7234,0.036,0.0004
2026-09-06 18:31:00,18,31,6,1,6.48,0.011,0.0015
2026-09-06 18:32:00,18,32,6,0,5.4551,0.014,0.001
2026-09-06 18:33:00,18,33,6,0,9.3688,0.014,0.0009
2026-09-06 18:34:00,18,34,6,0,6.2672,0.003,0.0011
2026-09-06 18:35:00,18,35,6,0,6.2246,0.026,0.0016
2026-09-06 18:36:00,18,36,6,0,8.2091,0.04,0.0014
2026-09-06 18:37:00,18,37,6,0,7.101,0.017,0.0002
2026-09-06 18:38:00,18,38,6,0,5.8212,0.026,0.0016
2026-09-06 18:39:00,18,39,6,0,6.6213,0.022,0.0016
2026-09-06 18:40:00,18,40,6,0,7.8654,0.038,0.0008
2026-09-06 18:41:00,18,41,6,0,8.5058,0.039,0.0007
2026-09-06 18:42:00,18,42,6,0,4.6251,0.004,0.0018
2026-09-06 18:43:00,18,43,6,0,4.1266,0.023,0.0009
2026-09-06 18:44:00,18,44,6,0,8.8276,0.028,0.0015
2026-09-06 18:45:00,18,45,6,0,6.8536,0.024,0.0009
2026-09-06 18:46:00,18,46,6,0,4.8238,0.018,0.0011
2026-09-06 18:47:00,18,47,6,0,6.984,0.017,0.0006
2026-09-06 18:48:00,18,48,6,0,7.3221,0.003,0.0019
2026-09-06 18:49:00,18,49,6,0,6.1716,0.009,0.0001
2026-09-06 18:50:00,18,50,6,0,6.38,0.026,0.0017
2026-09-06 18:51:00,18,51,6,0,9.0721,0.001,0.0012
2026-09-06 18:52:00,18,52,6,0,6.7038,0.015,0.0013
2026-09-06 18:53:00,18,53,6,1,5.2002,0.033,0.0006
2026-09-06 18:54:00,18,54,6,0,4.2674,0.043,0.0018
2026-09-06 18:55:00,18,55,6,0,7.5113,0.007,0.0003
2026-09-06 18:56:00,18,56,6,0,6.5086,0.033,0.0006
2026-09-06 18:57:00,18,57,6,0,6.1825,0.015,0.0007
2026-09-06 18:58:00,18,58,6,0,4.7242,0.023,0.0004
2026-09-06 18:59:00,18,59,6,1,9.0575,0.043,0.0003
2026-09-06 19:00:00,19,0,6,1,8.7048,0.024,0.0014
2026-09-06 19:01:00,19,1,6,0,4.7491,0.032,0.0003
2026-09-06 19:02:00,19,2,6,1,4.5684,0.024,0.0009
2026-09-06 19:03:00,19,3,6,0,8.297,0.024,0.0012
2026-09-06 19:04:00,19,4,6,0,4.6866,0.036,0.0016
2026-09-06 19:05:00,19,5,6,0,6.099,0.021,0.0004
2026-09-06 19:06:00,19,6,6,0,4.2767,0.021,0.0012
2026-09-06 19:07:00,19,7,6,0,6.2832,0.008,0.0
2026-09-06 19:08:00,19,8,6,0,6.4819,0.024,0.0016
2026-09-06 19:09:00,19,9,6,1,6.9785,0.006,0.0013
2026-09-06 19:10:00,19,10,6,0,7.4664,0.033,0.0008
2026-09-06 19:11:00,19,11,6,0,5.5928,0.017,0.0007
2026-09-06 19:12:00,19,12,6,0,8.0173,0.027,0.0017
2026-09-06 19:13:00,19,13,6,0,5.356,0.041,0.0009
2026-09-06 19:14:00,19,14,6,1,5.6503,0.04,0.0
2026-09-06 19:15:00,19,15,6,0,6.1077,0.037,0.002
2026-09-06 19:16:00,19,16,6,0,4.0513,0.006,0.0006
2026-09-06 19:17:00,19,17,6,0,7.6512,0.018,0.0006
2026-09-06 19:18:00,19,18,6,0,4.5901,0.034,0.0016
2026-09-06 19:19:00,19,19,6,0,7.2793,0.01,0.0015
2026-09-06 19:20:00,19,20,6,0,4.3797,0.04,0.0011
2026-09-06 19:21:00,19,21,6,0,5.4325,0.043,0.0014
2026-09-06 19:22:00,19,22,6,0,6.2118,0.032,0.0009
2026-09-06 19:23:00,19,23,6,0,7.1156,0.042,0.0007
2026-09-06 19:24:00,19,24,6,0,4.0058,0.034,0.001
2026-09-06 19:25:00,19,25,6,0,9.1793,0.009,0.0008
2026-09-06 19:26:00,19,26,6,0,8.4728,0.037,0.0009
2026-09-06 19:27:00,19,27,6,0,4.4592,0.005,0.0008
2026-09-06 19:28:00,19,28,6,0,8.1175,0.021,0.0002
2026-09-06 19:29:00,19,29,6,0,6.3959,0.008,0.0014
2026-09-06 19:30:00,19,30,6,0,4.0773,0.008,0.0007
2026-09-06 19:31:00,19,31,6,0,5.4816,0.023,0.0004
2026-09-06 19:32:00,19,32,6,0,5.7404,0.032,0.0009
2026-09-06 19:33:00,19,33,6,0,7.5952,0.019,0.0018
2026-09-06 19:34:00,19,34,6,0,6.9044,0.021,0.0004
2026-09-06 19:35:00,19,35,6,0,4.742,0.038,0.0016
2026-09-06 19:36:00,19,36,6,0,8.4128,0.007,0.0011
2026-09-06 19:37:00,19,37,6,0,6.0429,0.012,0.0003
2026-09-06 19:38:00,19,38,6,1,5.2628,0.017,0.0017
2026-09-06 19:39:00,19,39,6,0,7.9155,0.038,0.0003
2026-09-06 19:40:00,19,40,6,1,7.9085,0.021,0.001
2026-09-06 19:41:00,19,41,6,0,6.9512,0.021,0.0019
2026-09-06 19:42:00,19,42,6,0,9.1099,0.038,0.0002
2026-09-06 19:43:00,19,43,6,0,9.2673,0.024,0.0009
2026-09-06 19:44:00,19,44,6,0,7.732,0.019,0.0012
2026-09-06 19:45:00,19,45,6,0,4.246,0.031,0.0005
2026-09-06 19:46:00,19,46,6,0,5.9584,0.004,0.0015
2026-09-06 19:47:00,19,47,6,0,9.0924,0.033,0.0007
2026-09-06 19:48:00,19,48,6,0,6.2119,0.022,0.0012
2026-09-06 19:49:00,19,49,6,0,5.2677,0.023,0.0007
2026-09-06 19:50:00,19,50,6,0,4.9801,0.023,0.001
2026-09-06 19:51:00,19,51,6,0,4.0986,0.001,0.0009
2026-09-06 19:52:00,19,52,6,0,7.1144,0.027,0.0018
2026-09-06 19:53:00,19,53,6,0,8.9904,0.016,0.002
2026-09-06 19:54:00,19,54,6,0,5.5099,0.001,0.0003
2026-09-06 19:55:00,19,55,6,0,7.8654,0.044,0.0008
2026-09-06 19:56:00,19,56,6,1,4.9365,0.01,0.0004
2026-09-06 19:57:00,19,57,6,0,7.1273,0.008,0.0001
2026-09-06 19:58:00,19,58,6,0,8.1949,0.003,0.0012
2026-09-06 19:59:00,19,59,6,0,5.0312,0.034,0.0016
2026-09-06 20:00:00,20,0,6,1,5.9982,0.027,0.0014
2026-09-06 20:01:00,20,1,6,0,8.2091,0.04,0.0006
2026-09-06 20:02:00,20,2,6,1,9.0441,0.042,0.0015
2026-09-06 20:03:00,20,3,6,0,7.4231,0.044,0.002
2026-09-06 20:04:00,20,4,6,0,7.473,0.033,0.002
2026-09-06 20:05:00,20,5,6,0,5.1368,0.016,0.0
2026-09-06 20:06:00,20,6,6,0,8.9723,0.036,0.0002
2026-09-06 20:07:00,20,7,6,0,4.1487,0.017,0.0007
2026-09-06 20:08:00,20,8,6,1,6.5459,0.043,0.0007
2026-09-06 20:09:00,20,9,6,0,7.2097,0.007,0.0016
2026-09-06 20:10:00,20,10,6,0,4.1684,0.041,0.0005
2026-09-06 20:11:00,20,11,6,0,6.9571,0.029,0.0018
2026-09-06 20:12:00,20,12,6,0,8.6494,0.002,0.0009
2026-09-06 20:13:00,20,13,6,0,8.5675,0.019,0.0017
2026-09-06 20:14:00,20,14,6,0,8.1991,0.026,0.001
2026-09-06 20:15:00,20,15,6,0,7.5516,0.012,0.0002
2026-09-06 20:16:00,20,16,6,0,8.6074,0.028,0.0005
2026-09-06 20:17:00,20,17,6,0,8.9358,0.038,0.0009
2026-09-06 20:18:00,20,18,6,0,7.6848,0.002,0.0004
2026-09-06 20:19:00,20,19,6,0,7.1676,0.025,0.0015
2026-09-06 20:20:00,20,20,6,0,7.1751,0.027,0.0003
2026-09-06 20:21:00,20,21,6,0,7.7375,0.013,0.0
2026-09-06 20:22:00,20,22,6,0,5.7223,0.028,0.0019
2026-09-06 20:23:00,20,23,6,0,5.1222,0.044,0.0013
2026-09-06 20:24:00,20,24,6,0,4.1262,0.032,0.0018
2026-09-06 20:25:00,20,25,6,0,4.1415,0.032,0.0012
2026-09-06 20:26:00,20,26,6,0,7.3074,0.043,0.0004
2026-09-06 20:27:00,20,27,6,0,8.7856,0.023,0.0016
2026-09-06 20:28:00,20,28,6,0,4.9553,0.031,0.0004
2026-09-06 20:29:00,20,29,6,0,5.0817,0.045,0.0014
2026-09-06 20:30:00,20,30,6,0,5.4982,0.022,0.0003
2026-09-06 20:31:00,20,31,6,0,6.4724,0.007,0.0019
2026-09-06 20:32:00,20,32,6,0,5.7256,0.035,0.0014
2026-09-06 20:33:00,20,33,6,0,5.8759,0.034,0.0018
2026-09-06 20:34:00,20,34,6,0,4.3833,0.031,0.0006
2026-09-06 20:35:00,20,35,6,0,4.6365,0.027,0.0001
2026-09-06 20:36:00,20,36,6,0,6.4055,0.042,0.001
2026-09-06 20:37:00,20,37,6,0,4.3514,0.042,0.002
2026-09-06 20:38:00,20,38,6,0,8.1132,0.04,0.0006
2026-09-06 20:39:00,20,39,6,0,8.9075,0.044,0.0015
2026-09-06 20:40:00,20,40,6,1,7.1523,0.028,0.0009
2026-09-06 20:41:00,20,41,6,1,5.3585,0.039,0.0005
2026-09-06 20:42:00,20,42,6,0,5.7757,0.024,0.0007
2026-09-06 20:43:00,20,43,6,0,5.5317,0.026,0.0012
2026-09-06 20:44:00,20,44,6,0,7.8994,0.044,0.0012
2026-09-06 20:45:00,20,45,6,0,9.3739,0.035,0.0
2026-09-06 20:46:00,20,46,6,0,9.0036,0.044,0.0005
2026-09-06 20:47:00,20,47,6,0,5.9281,0.008,0.0
2026-09-06 20:48:00,20,48,6,0,4.8331,0.041,0.0016
2026-09-06 20:49:00,20,49,6,0,9.0813,0.006,0.0005
2026-09-06 20:50:00,20,50,6,0,6.4394,0.035,0.0017
2026-09-06 20:51:00,20,51,6,0,7.3498,0.027,0.0018
2026-09-06 20:52:00,20,52,6,0,4.2033,0.005,0.0019
2026-09-06 20:53:00,20,53,6,0,6.2547,0.038,0.0019
2026-09-06 20:54:00,20,54,6,0,6.1911,0.04,0.0008
2026-09-06 20:55:00,20,55,6,0,7.0057,0.011,0.0006
2026-09-06 20:56:00,20,56,6,0,5.5757,0.037,0.0015
2026-09-06 20:57:00,20,57,6,0,6.6245,0.042,0.0005
2026-09-06 20:58:00,20,58,6,0,6.6667,0.015,0.0005
2026-09-06 20:59:00,20,59,6,0,8.4181,0.022,0.001
2026-09-06 21:00:00,21,0,6,0,6.063,0.019,0.0009
2026-09-06 21:01:00,21,1,6,0,7.7364,0.013,0.0004
2026-09-06 21:02:00,21,2,6,0,4.6113,0.003,0.002
2026-09-06 21:03:00,21,3,6,0,6.0859,0.033,0.0015
2026-09-06 21:04:00,21,4,6,0,4.6364,0.045,0.0009
2026-09-06 21:05:00,21,5,6,0,6.8419,0.011,0.0012
2026-09-06 21:06:00,21,6,6,0,4.2282,0.04,0.0006
2026-09-06 21:07:00,21,7,6,0,4.1357,0.029,0.0012
2026-09-06 21:08:00,21,8,6,0,4.6275,0.025,0.0017
2026-09-06 21:09:00,21,9,6,0,8.3116,0.044,0.0015
2026-09-06 21:10:00,21,10,6,0,5.7371,0.038,0.0005
2026-09-06 21:11:00,21,11,6,0,6.7783,0.044,0.0
2026-09-06 21:12:00,21,12,6,0,8.0173,0.044,0.0006
2026-09-06 21:13:00,21,13,6,0,7.6032,0.045,0.0006
2026-09-06 21:14:00,21,14,6,0,7.0884,0.002,0.0019
2026-09-06 21:15:00,21,15,6,1,9.3503,0.031,0.0017
2026-09-06 21:16:00,21,16,6,0,8.8474,0.015,0.0002
2026-09-06 21:17:00,21,17,6,0,4.9673,0.023,0.0006
2026-09-06 21:18:00,21,18,6,0,8.8254,0.032,0.0017
2026-09-06 21:19:00,21,19,6,1,4.0648,0.0,0.0
2026-09-06 21:20:00,21,20,6,0,5.8866,0.012,0.0013
2026-09-06 21:21:00,21,21,6,0,6.6378,0.02,0.0004
2026-09-06 21:22:00,21,22,6,0,6.5688,0.036,0.0011
2026-09-06 21:23:00,21,23,6,0,8.4628,0.041,0.0007
2026-09-06 21:24:00,21,24,6,0,8.2656,0.013,0.0013
2026-09-06 21:25:00,21,25,6,0,7.4919,0.038,0.0019
2026-09-06 21:26:00,21,26,6,0,5.066,0.04,0.0014
2026-09-06 21:27:00,21,27,6,0,9.3074,0.038,0.0005
2026-09-06 21:28:00,21,28,6,0,4.5602,0.021,0.0004
2026-09-06 21:29:00,21,29,6,1,5.2389,0.003,0.0019
2026-09-06 21:30:00,21,30,6,0,4.572,0.043,0.0008
2026-09-06 21:31:00,21,31,6,0,8.4044,0.023,0.0017
2026-09-06 21:32:00,21,32,6,0,6.6355,0.006,0.0005
2026-09-06 21:33:00,21,33,6,0,4.6955,0.034,0.0013
2026-09-06 21:34:00,21,34,6,0,9.0156,0.003,0.0019
2026-09-06 21:35:00,21,35,6,0,8.8504,0.01,0.001
2026-09-06 21:36:00,21,36,6,1,4.7742,0.033,0.0011
2026-09-06 21:37:00,21,37,6,0,8.8197,0.005,0.0013
2026-09-06 21:38:00,21,38,6,0,8.1444,0.018,0.0011
2026-09-06 21:39:00,21,39,6,0,4.9967,0.025,0.0014
2026-09-06 21:40:00,21,40,6,0,6.4603,0.025,0.0002
2026-09-06 21:41:00,21,41,6,0,4.3434,0.037,0.0015
2026-09-06 21:42:00,21,42,6,1,8.7478,0.027,0.0014
2026-09-06 21:43:00,21,43,6,0,6.3089,0.027,0.0019
2026-09-06 21:44:00,21,44,6,0,6.0379,0.004,0.0009
2026-09-06 21:45:00,21,45,6,0,7.0301,0.032,0.0005
2026-09-06 21:46:00,21,46,6,0,6.5493,0.021,0.0011
2026-09-06 21:47:00,21,47,6,0,8.316,0.006,0.0004
2026-09-06 21:48:00,21,48,6,0,8.5755,0.023,0.0016
2026-09-06 21:49:00,21,49,6,0,6.2969,0.022,0.0011
2026-09-06 21:50:00,21,50,6,0,5.2776,0.045,0.0013
2026-09-06 21:51:00,21,51,6,0,5.7187,0.041,0.0013
2026-09-06 21:52:00,21,52,6,0,5.3252,0.024,0.0009
2026-09-06 21:53:00,21,53,6,0,9.2032,0.025,0.0016
2026-09-06 21:54:00,21,54,6,0,8.3212,0.043,0.0013
2026-09-06 21:55:00,21,55,6,0,5.1305,0.023,0.0016
2026-09-06 21:56:00,21,56,6,1,5.6865,0.02,0.0002
2026-09-06 21:57:00,21,57,6,0,5.4481,0.027,0.0015
2026-09-06 21:58:00,21,58,6,0,5.1406,0.001,0.0011
2026-09-06 21:59:00,21,59,6,0,7.2781,0.031,0.0001
2026-09-06 22:00:00,22,0,6,0,7.3754,0.006,0.0016
2026-09-06 22:01:00,22,1,6,0,8.6067,0.03,0.0012
2026-09-06 22:02:00,22,2,6,0,6.1583,0.025,0.0014
2026-09-06 22:03:00,22,3,6,0,6.0817,0.007,0.0
2026-09-06 22:04:00,22,4,6,0,9.0527,0.023,0.0011
2026-09-06 22:05:00,22,5,6,0,4.5431,0.017,0.001
2026-09-06 22:06:00,22,6,6,0,7.5079,0.012,0.0006
2026-09-06 22:07:00,22,7,6,0,7.2008,0.007,0.0014
2026-09-06 22:08:00,22,8,6,0,8.1107,0.037,0.0014
2026-09-06 22:09:00,22,9,6,0,7.1955,0.019,0.0009
2026-09-06 22:10:00,22,10,6,0,7.3703,0.01,0.0012
2026-09-06 22:11:00,22,11,6,0,6.9556,0.019,0.001
2026-09-06 22:12:00,22,12,6,0,7.107,0.014,0.0003
2026-09-06 22:13:00,22,13,6,0,9.057,0.045,0.0014
2026-09-06 22:14:00,22,14,6,0,4.6163,0.001,0.0006
2026-09-06 22:15:00,22,15,6,0,8.8395,0.041,0.0
2026-09-06 22:16:00,22,16,6,0,8.4988,0.038,0.0013
2026-09-06 22:17:00,22,17,6,0,8.3421,0.004,0.0012
2026-09-06 22:18:00,22,18,6,0,8.8867,0.002,0.0016
2026-09-06 22:19:00,22,19,6,0,7.6093,0.044,0.0011
2026-09-06 22:20:00,22,20,6,0,6.129,0.012,0.001
2026-09-06 22:21:00,22,21,6,0,7.3109,0.033,0.0007
2026-09-06 22:22:00,22,22,6,0,7.4935,0.033,0.0018
2026-09-06 22:23:00,22,23,6,0,6.9559,0.041,0.0019
2026-09-06 22:24:00,22,24,6,0,4.1938,0.021,0.0008
2026-09-06 22:25:00,22,25,6,0,8.7495,0.01,0.0019
2026-09-06 22:26:00,22,26,6,0,6.3304,0.006,0.001
2026-09-06 22:27:00,22,27,6,0,4.6012,0.033,0.0014
2026-09-06 22:28:00,22,28,6,0,4.1818,0.008,0.0001
2026-09-06 22:29:00,22,29,6,0,7.3159,0.007,0.001
2026-09-06 22:30:00,22,30,6,0,7.0863,0.004,0.0016
2026-09-06 22:31:00,22,31,6,0,5.9195,0.043,0.0008
2026-09-06 22:32:00,22,32,6,0,8.2446,0.012,0.0004
2026-09-06 22:33:00,22,33,6,0,6.7728,0.002,0.0012
2026-09-06 22:34:00,22,34,6,1,7.3271,0.031,0.0013
2026-09-06 22:35:00,22,35,6,0,4.2343,0.026,0.0004
2026-09-06 22:36:00,22,36,6,0,9.0311,0.029,0.0005
2026-09-06 22:37:00,22,37,6,0,4.3445,0.011,0.0014
2026-09-06 22:38:00,22,38,6,0,7.9449,0.031,0.0002
2026-09-06 22:39:00,22,39,6,1,4.1559,0.035,0.002
2026-09-06 22:40:00,22,40,6,1,4.9739,0.007,0.0014
2026-09-06 22:41:00,22,41,6,0,9.4205,0.037,0.0015
2026-09-06 22:42:00,22,42,6,0,5.9092,0.033,0.002
2026-09-06 22:43:00,22,43,6,0,8.4161,0.011,0.0006
2026-09-06 22:44:00,22,44,6,0,4.7621,0.026,0.0007
2026-09-06 22:45:00,22,45,6,0,6.6057,0.032,0.0001
2026-09-06 22:46:00,22,46,6,0,9.1753,0.041,0.0003
2026-09-06 22:47:00,22,47,6,0,8.4782,0.035,0.0015
2026-09-06 22:48:00,22,48,6,0,7.4363,0.037,0.0006
2026-09-06 22:49:00,22,49,6,1,4.8518,0.015,0.0008
2026-09-06 22:50:00,22,50,6,0,6.8166,0.006,0.0017
2026-09-06 22:51:00,22,51,6,0,7.7564,0.038,0.0002
2026-09-06 22:52:00,22,52,6,0,7.1384,0.008,0.0011
2026-09-06 22:53:00,22,53,6,0,5.5015,0.014,0.001
2026-09-06 22:54:00,22,54,6,0,8.6486,0.043,0.0018
2026-09-06 22:55:00,22,55,6,0,5.0074,0.021,0.0013
2026-09-06 22:56:00,22,56,6,0,5.3083,0.008,0.0006
2026-09-06 22:57:00,22,57,6,0,8.5627,0.012,0.0012
2026-09-06 22:58:00,22,58,6,0,6.4285,0.024,0.0007
2026-09-06 22:59:00,22,59,6,0,5.1421,0.021,0.0009
2026-09-06 23:00:00,23,0,6,0,6.8916,0.029,0.0009
2026-09-06 23:01:00,23,1,6,1,6.8416,0.032,0.0015
2026-09-06 23:02:00,23,2,6,0,8.0577,0.0,0.0013
2026-09-06 23:03:00,23,3,6,0,4.415,0.025,0.0018
2026-09-06 23:04:00,23,4,6,0,5.4156,0.019,0.0018
2026-09-06 23:05:00,23,5,6,0,7.654,0.037,0.0002
2026-09-06 23:06:00,23,6,6,0,8.1993,0.034,0.0007
2026-09-06 23:07:00,23,7,6,0,9.4418,0.006,0.002
2026-09-06 23:08:00,23,8,6,0,6.6635,0.024,0.0003
2026-09-06 23:09:00,23,9,6,0,5.4863,0.022,0.0001
2026-09-06 23:10:00,23,10,6,0,7.7713,0.035,0.0005
2026-09-06 23:11:00,23,11,6,0,6.0141,0.007,0.0
2026-09-06 23:12:00,23,12,6,0,8.0753,0.035,0.0002
2026-09-06 23:13:00,23,13,6,0,5.7811,0.042,0.0001
2026-09-06 23:14:00,23,14,6,0,8.1289,0.009,0.0018
2026-09-06 23:15:00,23,15,6,0,4.8798,0.011,0.0015
2026-09-06 23:16:00,23,16,6,0,7.7495,0.022,0.0004
2026-09-06 23:17:00,23,17,6,0,7.4751,0.03,0.0009
2026-09-06 23:18:00,23,18,6,0,7.462,0.005,0.002
2026-09-06 23:19:00,23,19,6,1,4.6623,0.008,0.0011
2026-09-06 23:20:00,23,20,6,0,5.2742,0.009,0.0008
2026-09-06 23:21:00,23,21,6,0,5.6726,0.044,0.0015
2026-09-06 23:22:00,23,22,6,0,5.82,0.035,0.0012
2026-09-06 23:23:00,23,23,6,0,4.7737,0.03,0.0019
2026-09-06 23:24:00,23,24,6,0,7.5405,0.024,0.0002
2026-09-06 23:25:00,23,25,6,0,5.6082,0.022,0.0013
2026-09-06 23:26:00,23,26,6,0,4.9078,0.026,0.0018
2026-09-06 23:27:00,23,27,6,0,4.2617,0.03,0.0017
2026-09-06 23:28:00,23,28,6,0,5.2776,0.019,0.0014
2026-09-06 23:29:00,23,29,6,0,7.9105,0.012,0.002
2026-09-06 23:30:00,23,30,6,0,7.5531,0.002,0.0007
2026-09-06 23:31:00,23,31,6,1,7.7913,0.021,0.0008
2026-09-06 23:32:00,23,32,6,0,4.7966,0.037,0.0015
2026-09-06 23:33:00,23,33,6,0,8.2078,0.003,0.0016
2026-09-06 23:34:00,23,34,6,0,6.1992,0.021,0.002
2026-09-06 23:35:00,23,35,6,0,9.0425,0.045,0.0018
2026-09-06 23:36:00,23,36,6,0,5.1561,0.017,0.0011
2026-09-06 23:37:00,23,37,6,0,6.84,0.002,0.0005
2026-09-06 23:38:00,23,38,6,1,5.8907,0.006,0.0011
2026-09-06 23:39:00,23,39,6,0,4.9023,0.002,0.002
2026-09-06 23:40:00,23,40,6,0,4.0119,0.019,0.0004
2026-09-06 23:41:00,23,41,6,0,8.9699,0.006,0.0019
2026-09-06 23:42:00,23,42,6,0,4.0654,0.035,0.0005
2026-09-06 23:43:00,23,43,6,0,8.9933,0.014,0.0003
2026-09-06 23:44:00,23,44,6,0,5.21,0.005,0.0015
2026-09-06 23:45:00,23,45,6,0,5.5338,0.027,0.0003
2026-09-06 23:46:00,23,46,6,0,9.2427,0.04,0.0019
2026-09-06 23:47:00,23,47,6,1,7.4464,0.014,0.0004
2026-09-06 23:48:00,23,48,6,0,6.1167,0.021,0.001
2026-09-06 23:49:00,23,49,6,1,4.7161,0.0,0.0007
2026-09-06 23:50:00,23,50,6,0,4.2059,0.009,0.0005
2026-09-06 23:51:00,23,51,6,0,5.4227,0.021,0.0006
2026-09-06 23:52:00,23,52,6,0,4.7324,0.022,0.0004
2026-09-06 23:53:00,23,53,6,0,4.7203,0.034,0.0009
2026-09-06 23:54:00,23,54,6,0,7.3415,0.033,0.002
2026-09-06 23:55:00,23,55,6,0,4.1902,0.043,0.0018
2026-09-06 23:56:00,23,56,6,1,6.2746,0.042,0.0009
2026-09-06 23:57:00,23,57,6,0,4.4739,0.023,0.0003
2026-09-06 23:58:00,23,58,6,0,9.0136,0.016,0.0008
2026-09-06 23:59:00,23,59,6,0,4.6978,0.005,0.001
2026-09-07 00:00:00,0,0,0,1,5.5311,0.015,0.0001
2026-09-07 00:01:00,0,1,0,0,4.3934,0.041,0.0001
2026-09-07 00:02:00,0,2,0,0,6.7267,0.007,0.0001
2026-09-07 00:03:00,0,3,0,0,4.5733,0.032,0.0014
2026-09-07 00:04:00,0,4,0,0,7.8837,0.006,0.0017
2026-09-07 00:05:00,0,5,0,0,7.0487,0.034,0.0008
2026-09-07 00:06:00,0,6,0,0,9.2492,0.018,0.0011
2026-09-07 00:07:00,0,7,0,0,5.7579,0.002,0.0017
2026-09-07 00:08:00,0,8,0,0,8.2767,0.007,0.0017
2026-09-07 00:09:00,0,9,0,0,6.6164,0.027,0.0005
2026-09-07 00:10:00,0,10,0,0,4.209,0.002,0.0006
2026-09-07 00:11:00,0,11,0,0,9.2052,0.037,0.0007
2026-09-07 00:12:00,0,12,0,0,8.9489,0.01,0.0009
2026-09-07 00:13:00,0,13,0,0,6.836,0.04,0.0
2026-09-07 00:14:00,0,14,0,0,7.2072,0.045,0.0014
2026-09-07 00:15:00,0,15,0,0,8.1237,0.006,0.0001
2026-09-07 00:16:00,0,16,0,0,5.7617,0.021,0.001
2026-09-07 00:17:00,0,17,0,0,4.9371,0.022,0.0015
2026-09-07 00:18:00,0,18,0,0,4.3578,0.007,0.0005
2026-09-07 00:19:00,0,19,0,0,5.3784,0.04,0.0013
2026-09-07 00:20:00,0,20,0,0,7.725,0.013,0.001
2026-09-07 00:21:00,0,21,0,0,5.578,0.033,0.001
2026-09-07 00:22:00,0,22,0,0,4.9564,0.001,0.0009
2026-09-07 00:23:00,0,23,0,0,4.354,0.04,0.0001
2026-09-07 00:24:00,0,24,0,1,4.0216,0.036,0.001
2026-09-07 00:25:00,0,25,0,0,6.1655,0.04,0.0018
2026-09-07 00:26:00,0,26,0,1,5.9029,0.036,0.0015
2026-09-07 00:27:00,0,27,0,0,4.2508,0.035,0.0002
2026-09-07 00:28:00,0,28,0,0,6.6376,0.016,0.0017
2026-09-07 00:29:00,0,29,0,0,7.8023,0.025,0.0013
2026-09-07 00:30:00,0,30,0,0,8.4931,0.039,0.0005
2026-09-07 00:31:00,0,31,0,0,8.5551,0.002,0.0003
2026-09-07 00:32:00,0,32,0,0,8.112,0.026,0.001
2026-09-07 00:33:00,0,33,0,0,7.7543,0.044,0.0007
2026-09-07 00:34:00,0,34,0,0,8.2408,0.013,0.0009
2026-09-07 00:35:00,0,35,0,0,5.0573,0.032,0.0014
2026-09-07 00:36:00,0,36,0,0,7.523,0.031,0.0005
2026-09-07 00:37:00,0,37,0,0,5.7766,0.022,0.0009
2026-09-07 00:38:00,0,38,0,0,5.2815,0.032,0.0012
2026-09-07 00:39:00,0,39,0,0,8.0032,0.002,0.0007
2026-09-07 00:40:00,0,40,0,0,4.5732,0.014,0.0001
2026-09-07 00:41:00,0,41,0,0,6.8798,0.001,0.0004
2026-09-07 00:42:00,0,42,0,0,4.3374,0.003,0.001
2026-09-07 00:43:00,0,43,0,0,9.2323,0.029,0.0006
2026-09-07 00:44:00,0,44,0,0,4.4463,0.014,0.001
2026-09-07 00:45:00,0,45,0,0,4.5025,0.029,0.0005
2026-09-07 00:46:00,0,46,0,0,8.5284,0.015,0.002
2026-09-07 00:47:00,0,47,0,1,8.2524,0.011,0.0014
2026-09-07 00:48:00,0,48,0,0,5.8844,0.028,0.001
2026-09-07 00:49:00,0,49,0,0,7.4937,0.025,0.0016
2026-09-07 00:50:00,0,50,0,0,4.2011,0.03,0.001
2026-09-07 00:51:00,0,51,0,0,6.4177,0.007,0.0013
2026-09-07 00:52:00,0,52,0,0,8.4893,0.027,0.001
2026-09-07 00:53:00,0,53,0,0,4.9178,0.034,0.0009
2026-09-07 00:54:00,0,54,0,0,7.4061,0.036,0.0013
2026-09-07 00:55:00,0,55,0,0,5.6704,0.028,0.0015
2026-09-07 00:56:00,0,56,0,0,8.6773,0.035,0.001
2026-09-07 00:57:00,0,57,0,0,9.164,0.018,0.0005
2026-09-07 00:58:00,0,58,0,0,5.3613,0.033,0.0013
2026-09-07 00:59:00,0,59,0,0,7.5839,0.023,0.001
2026-09-07 01:00:00,1,0,0,0,6.3116,0.033,0.0005
2026-09-07 01:01:00,1,1,0,0,9.4925,0.041,0.0009
2026-09-07 01:02:00,1,2,0,0,5.8296,0.027,0.0003
2026-09-07 01:03:00,1,3,0,0,6.8993,0.003,0.0007
2026-09-07 01:04:00,1,4,0,0,4.1472,0.038,0.0004
2026-09-07 01:05:00,1,5,0,0,8.7323,0.032,0.0009
2026-09-07 01:06:00,1,6,0,0,9.2982,0.033,0.0011
2026-09-07 01:07:00,1,7,0,0,8.3687,0.035,0.0002
2026-09-07 01:08:00,1,8,0,0,7.4908,0.013,0.0011
2026-09-07 01:09:00,1,9,0,0,7.7908,0.042,0.0012
2026-09-07 01:10:00,1,10,0,0,6.0597,0.014,0.0003
2026-09-07 01:11:00,1,11,0,0,7.0783,0.038,0.0003
2026-09-07 01:12:00,1,12,0,1,7.8443,0.034,0.0017
2026-09-07 01:13:00,1,13,0,0,7.4013,0.011,0.0007
2026-09-07 01:14:00,1,14,0,0,5.8007,0.04,0.0007
2026-09-07 01:15:00,1,15,0,1,4.6698,0.006,0.0002
2026-09-07 01:16:00,1,16,0,0,8.8018,0.035,0.0019
2026-09-07 01:17:00,1,17,0,0,7.5881,0.019,0.0001
2026-09-07 01:18:00,1,18,0,0,8.2582,0.035,0.0007
2026-09-07 01:19:00,1,19,0,0,8.3782,0.018,0.0019
2026-09-07 01:20:00,1,20,0,0,7.8587,0.021,0.0008
2026-09-07 01:21:00,1,21,0,0,8.4582,0.044,0.0008
2026-09-07 01:22:00,1,22,0,1,8.572,0.026,0.0005
2026-09-07 01:23:00,1,23,0,0,6.0995,0.044,0.0017
2026-09-07 01:24:00,1,24,0,0,7.0314,0.017,0.0015
2026-09-07 01:25:00,1,25,0,0,4.6731,0.008,0.0018
2026-09-07 01:26:00,1,26,0,0,8.442,0.024,0.0005
2026-09-07 01:27:00,1,27,0,0,6.7486,0.006,0.0005
2026-09-07 01:28:00,1,28,0,0,4.6251,0.045,0.0008
2026-09-07 01:29:00,1,29,0,0,7.6787,0.013,0.0001
2026-09-07 01:30:00,1,30,0,0,4.1216,0.034,0.0003
2026-09-07 01:31:00,1,31,0,0,7.599,0.015,0.0015
2026-09-07 01:32:00,1,32,0,0,8.645,0.039,0.0016
2026-09-07 01:33:00,1,33,0,0,4.2556,0.014,0.0015
2026-09-07 01:34:00,1,34,0,0,8.6877,0.003,0.0002
2026-09-07 01:35:00,1,35,0,0,4.0165,0.043,0.0002
2026-09-07 01:36:00,1,36,0,0,5.0302,0.036,0.001
2026-09-07 01:37:00,1,37,0,0,6.3166,0.043,0.0
2026-09-07 01:38:00,1,38,0,0,4.7102,0.027,0.0002
2026-09-07 01:39:00,1,39,0,0,7.5886,0.014,0.0008
2026-09-07 01:40:00,1,40,0,0,6.389,0.006,0.001
2026-09-07 01:41:00,1,41,0,0,9.4411,0.026,0.0011
2026-09-07 01:42:00,1,42,0,0,6.4251,0.014,0.0012
2026-09-07 01:43:00,1,43,0,0,8.6765,0.004,0.0018
2026-09-07 01:44:00,1,44,0,0,5.9195,0.031,0.0002
2026-09-07 01:45:00,1,45,0,0,4.6655,0.035,0.0013
2026-09-07 01:46:00,1,46,0,0,6.8656,0.002,0.0007
2026-09-07 01:47:00,1,47,0,0,6.1702,0.036,0.0001
2026-09-07 01:48:00,1,48,0,0,7.1013,0.024,0.0011
2026-09-07 01:49:00,1,49,0,0,9.2241,0.014,0.001
2026-09-07 01:50:00,1,50,0,1,9.2669,0.019,0.0011
2026-09-07 01:51:00,1,51,0,0,4.7202,0.003,0.0003
2026-09-07 01:52:00,1,52,0,0,6.3698,0.012,0.0007
2026-09-07 01:53:00,1,53,0,0,8.7573,0.004,0.0009
2026-09-07 01:54:00,1,54,0,0,8.2459,0.025,0.002
2026-09-07 01:55:00,1,55,0,0,4.0791,0.011,0.0013
2026-09-07 01:56:00,1,56,0,0,4.8541,0.015,0.0016
2026-09-07 01:57:00,1,57,0,0,8.2205,0.007,0.0008
2026-09-07 01:58:00,1,58,0,1,9.3068,0.015,0.0001
2026-09-07 01:59:00,1,59,0,0,4.4151,0.019,0.002
2026-09-07 02:00:00,2,0,0,1,5.8884,0.004,0.0009
2026-09-07 02:01:00,2,1,0,0,8.5932,0.011,0.0006
2026-09-07 02:02:00,2,2,0,0,7.7824,0.001,0.0014
2026-09-07 02:03:00,2,3,0,0,7.4964,0.007,0.0
2026-09-07 02:04:00,2,4,0,0,9.4117,0.028,0.0013
2026-09-07 02:05:00,2,5,0,0,5.6135,0.018,0.0019
2026-09-07 02:06:00,2,6,0,0,5.5961,0.003,0.0007
2026-09-07 02:07:00,2,7,0,0,8.6567,0.041,0.0008
2026-09-07 02:08:00,2,8,0,0,8.6242,0.031,0.0019
2026-09-07 02:09:00,2,9,0,0,4.4132,0.02,0.0006
2026-09-07 02:10:00,2,10,0,0,4.9118,0.027,0.0018
2026-09-07 02:11:00,2,11,0,0,6.9015,0.022,0.0009
2026-09-07 02:12:00,2,12,0,0,5.3197,0.003,0.0017
2026-09-07 02:13:00,2,13,0,0,7.1073,0.037,0.0008
2026-09-07 02:14:00,2,14,0,0,5.1649,0.032,0.0003
2026-09-07 02:15:00,2,15,0,0,4.9714,0.026,0.0013
2026-09-07 02:16:00,2,16,0,0,5.5596,0.024,0.0016
2026-09-07 02:17:00,2,17,0,0,7.0305,0.018,0.0001
2026-09-07 02:18:00,2,18,0,0,7.5165,0.037,0.0003
2026-09-07 02:19:00,2,19,0,0,6.7134,0.002,0.0015
2026-09-07 02:20:00,2,20,0,0,8.0298,0.01,0.0016
2026-09-07 02:21:00,2,21,0,0,7.2382,0.006,0.0004
2026-09-07 02:22:00,2,22,0,1,8.8899,0.001,0.001
2026-09-07 02:23:00,2,23,0,0,8.2979,0.02,0.0007
2026-09-07 02:24:00,2,24,0,0,5.9934,0.042,0.0013
2026-09-07 02:25:00,2,25,0,0,6.6574,0.028,0.0002
2026-09-07 02:26:00,2,26,0,0,8.4225,0.015,0.0012
2026-09-07 02:27:00,2,27,0,0,4.0311,0.036,0.0018
2026-09-07 02:28:00,2,28,0,0,8.2413,0.01,0.0004
2026-09-07 02:29:00,2,29,0,1,7.2104,0.041,0.0009
2026-09-07 02:30:00,2,30,0,0,8.7918,0.014,0.0008
2026-09-07 02:31:00,2,31,0,0,4.0762,0.032,0.0008
2026-09-07 02:32:00,2,32,0,0,6.5429,0.007,0.0005
2026-09-07 02:33:00,2,33,0,0,7.5247,0.032,0.0003
2026-09-07 02:34:00,2,34,0,0,4.1086,0.035,0.0003
2026-09-07 02:35:00,2,35,0,0,7.888,0.009,0.0
2026-09-07 02:36:00,2,36,0,1,6.7429,0.011,0.0017
2026-09-07 02:37:00,2,37,0,0,5.164,0.037,0.002
2026-09-07 02:38:00,2,38,0,0,8.3452,0.008,0.0009
2026-09-07 02:39:00,2,39,0,0,5.2606,0.026,0.0017
2026-09-07 02:40:00,2,40,0,0,8.1008,0.002,0.0013
2026-09-07 02:41:00,2,41,0,0,4.6123,0.033,0.0002
2026-09-07 02:42:00,2,42,0,0,8.4393,0.001,0.0003
2026-09-07 02:43:00,2,43,0,0,6.0077,0.009,0.0019
2026-09-07 02:44:00,2,44,0,0,7.3441,0.003,0.0011
2026-09-07 02:45:00,2,45,0,0,7.3642,0.0,0.0003
2026-09-07 02:46:00,2,46,0,0,8.8036,0.039,0.0001
2026-09-07 02:47:00,2,47,0,0,5.9366,0.039,0.0014
2026-09-07 02:48:00,2,48,0,0,5.1267,0.021,0.0006
2026-09-07 02:49:00,2,49,0,0,9.1691,0.002,0.002
2026-09-07 02:50:00,2,50,0,0,4.0193,0.019,0.0001
2026-09-07 02:51:00,2,51,0,0,7.0198,0.003,0.0006
2026-09-07 02:52:00,2,52,0,1,4.346,0.003,0.0011
2026-09-07 02:53:00,2,53,0,1,8.0668,0.034,0.0
2026-09-07 02:54:00,2,54,0,0,8.1969,0.022,0.0004
2026-09-07 02:55:00,2,55,0,0,9.4986,0.037,0.0004
2026-09-07 02:56:00,2,56,0,0,5.8893,0.025,0.0017
2026-09-07 02:57:00,2,57,0,0,8.4454,0.03,0.0008
2026-09-07 02:58:00,2,58,0,0,4.145,0.012,0.0018
2026-09-07 02:59:00,2,59,0,1,7.2258,0.018,0.001
2026-09-07 03:00:00,3,0,0,0,6.1167,0.029,0.002
2026-09-07 03:01:00,3,1,0,0,8.5431,0.027,0.002
2026-09-07 03:02:00,3,2,0,0,4.5964,0.015,0.0008
2026-09-07 03:03:00,3,3,0,0,6.3617,0.025,0.0013
2026-09-07 03:04:00,3,4,0,0,4.8696,0.013,0.0014
2026-09-07 03:05:00,3,5,0,0,5.71,0.028,0.0014
2026-09-07 03:06:00,3,6,0,0,6.1261,0.011,0.0004
2026-09-07 03:07:00,3,7,0,0,8.1265,0.044,0.0019
2026-09-07 03:08:00,3,8,0,0,5.9276,0.032,0.0002
2026-09-07 03:09:00,3,9,0,0,5.1021,0.007,0.0007
2026-09-07 03:10:00,3,10,0,0,6.6544,0.012,0.0011
2026-09-07 03:11:00,3,11,0,0,8.7868,0.009,0.001
2026-09-07 03:12:00,3,12,0,0,7.4739,0.032,0.0001
2026-09-07 03:13:00,3,13,0,0,8.2716,0.042,0.0014
2026-09-07 03:14:00,3,14,0,0,8.8729,0.004,0.0001
2026-09-07 03:15:00,3,15,0,0,8.0001,0.032,0.0008
2026-09-07 03:16:00,3,16,0,0,8.7526,0.003,0.0012
2026-09-07 03:17:00,3,17,0,1,9.4839,0.035,0.0009
2026-09-07 03:18:00,3,18,0,0,6.2768,0.028,0.0001
2026-09-07 03:19:00,3,19,0,0,8.6903,0.017,0.0014
2026-09-07 03:20:00,3,20,0,0,6.9716,0.024,0.0012
2026-09-07 03:21:00,3,21,0,0,6.9182,0.02,0.0009
2026-09-07 03:22:00,3,22,0,0,5.0706,0.013,0.0019
2026-09-07 03:23:00,3,23,0,0,6.7394,0.044,0.0001
2026-09-07 03:24:00,3,24,0,0,7.0159,0.038,0.0019
2026-09-07 03:25:00,3,25,0,0,7.9148,0.006,0.0002
2026-09-07 03:26:00,3,26,0,0,9.3404,0.024,0.0012
2026-09-07 03:27:00,3,27,0,0,4.0637,0.007,0.0001
2026-09-07 03:28:00,3,28,0,0,8.8499,0.042,0.0002
2026-09-07 03:29:00,3,29,0,0,6.2173,0.013,0.0009
2026-09-07 03:30:00,3,30,0,0,4.9395,0.0,0.0002
2026-09-07 03:31:00,3,31,0,0,8.2005,0.013,0.0017
2026-09-07 03:32:00,3,32,0,0,7.9871,0.021,0.0004
2026-09-07 03:33:00,3,33,0,0,7.7573,0.034,0.0011
2026-09-07 03:34:00,3,34,0,0,8.685,0.005,0.0006
2026-09-07 03:35:00,3,35,0,0,4.1147,0.036,0.0005
2026-09-07 03:36:00,3,36,0,0,9.0308,0.041,0.0008
2026-09-07 03:37:00,3,37,0,0,4.2778,0.009,0.0001
2026-09-07 03:38:00,3,38,0,0,6.4517,0.019,0.0011
2026-09-07 03:39:00,3,39,0,1,8.603,0.031,0.0011
2026-09-07 03:40:00,3,40,0,0,6.5693,0.017,0.0019
2026-09-07 03:41:00,3,41,0,0,4.2194,0.017,0.0001
2026-09-07 03:42:00,3,42,0,0,8.8066,0.002,0.0
2026-09-07 03:43:00,3,43,0,0,7.6843,0.028,0.0006
2026-09-07 03:44:00,3,44,0,0,7.895,0.023,0.0013
2026-09-07 03:45:00,3,45,0,0,7.2482,0.03,0.0016
2026-09-07 03:46:00,3,46,0,0,9.3303,0.026,0.0015
2026-09-07 03:47:00,3,47,0,0,5.8679,0.038,0.0014
2026-09-07 03:48:00,3,48,0,0,5.4845,0.001,0.0019
2026-09-07 03:49:00,3,49,0,1,7.1348,0.014,0.0009
2026-09-07 03:50:00,3,50,0,0,7.4363,0.022,0.0018
2026-09-07 03:51:00,3,51,0,0,4.3103,0.028,0.0016
2026-09-07 03:52:00,3,52,0,0,7.476,0.027,0.0016
2026-09-07 03:53:00,3,53,0,0,6.6992,0.037,0.0005
2026-09-07 03:54:00,3,54,0,0,6.2267,0.004,0.0
2026-09-07 03:55:00,3,55,0,0,8.6555,0.031,0.0014
2026-09-07 03:56:00,3,56,0,1,4.9993,0.016,0.0003
2026-09-07 03:57:00,3,57,0,0,8.8497,0.012,0.0008
2026-09-07 03:58:00,3,58,0,0,4.8384,0.015,0.001
2026-09-07 03:59:00,3,59,0,0,5.5275,0.022,0.0005
2026-09-07 04:00:00,4,0,0,0,5.6673,0.014,0.0017
2026-09-07 04:01:00,4,1,0,0,8.9662,0.005,0.0017
2026-09-07 04:02:00,4,2,0,0,8.377,0.032,0.0013
2026-09-07 04:03:00,4,3,0,0,8.6104,0.03,0.0003
2026-09-07 04:04:00,4,4,0,0,7.4074,0.014,0.0016
2026-09-07 04:05:00,4,5,0,0,9.3132,0.014,0.0015
2026-09-07 04:06:00,4,6,0,0,8.6547,0.014,0.0013
2026-09-07 04:07:00,4,7,0,0,6.3353,0.019,0.0014
2026-09-07 04:08:00,4,8,0,1,7.4286,0.026,0.002
2026-09-07 04:09:00,4,9,0,0,8.9364,0.045,0.0015
2026-09-07 04:10:00,4,10,0,0,6.6264,0.032,0.0005
2026-09-07 04:11:00,4,11,0,0,5.0099,0.031,0.0009
2026-09-07 04:12:00,4,12,0,0,7.6811,0.012,0.0017
2026-09-07 04:13:00,4,13,0,0,4.3244,0.001,0.0019
2026-09-07 04:14:00,4,14,0,0,6.9396,0.032,0.0003
2026-09-07 04:15:00,4,15,0,0,7.8651,0.007,0.0018
2026-09-07 04:16:00,4,16,0,0,4.134,0.006,0.0016
2026-09-07 04:17:00,4,17,0,0,9.1286,0.006,0.0016
2026-09-07 04:18:00,4,18,0,0,7.3375,0.011,0.0005
2026-09-07 04:19:00,4,19,0,0,4.9007,0.018,0.0016
2026-09-07 04:20:00,4,20,0,1,4.8396,0.027,0.0008
2026-09-07 04:21:00,4,21,0,1,9.306,0.025,0.0014
2026-09-07 04:22:00,4,22,0,0,6.0773,0.026,0.0007
2026-09-07 04:23:00,4,23,0,0,6.0547,0.02,0.0002
2026-09-07 04:24:00,4,24,0,0,7.3169,0.042,0.0007
2026-09-07 04:25:00,4,25,0,0,4.7525,0.022,0.0008
2026-09-07 04:26:00,4,26,0,0,6.6462,0.021,0.0003
2026-09-07 04:27:00,4,27,0,0,8.8231,0.031,0.0011
2026-09-07 04:28:00,4,28,0,0,4.7824,0.002,0.0003
2026-09-07 04:29:00,4,29,0,0,9.2993,0.031,0.0007
2026-09-07 04:30:00,4,30,0,0,7.6297,0.022,0.0018
2026-09-07 04:31:00,4,31,0,0,5.7423,0.024,0.0001
2026-09-07 04:32:00,4,32,0,0,8.4591,0.004,0.0018
2026-09-07 04:33:00,4,33,0,0,5.0943,0.003,0.0015
2026-09-07 04:34:00,4,34,0,1,4.964,0.041,0.0006
2026-09-07 04:35:00,4,35,0,0,8.1379,0.017,0.0009
2026-09-07 04:36:00,4,36,0,0,8.689,0.004,0.0003
2026-09-07 04:37:00,4,37,0,0,8.9863,0.018,0.0004
2026-09-07 04:38:00,4,38,0,0,5.9314,0.014,0.001
2026-09-07 04:39:00,4,39,0,0,6.4201,0.002,0.0012
2026-09-07 04:40:00,4,40,0,0,5.0642,0.032,0.0006
2026-09-07 04:41:00,4,41,0,0,7.939,0.043,0.0004
2026-09-07 04:42:00,4,42,0,0,6.1004,0.023,0.0017
2026-09-07 04:43:00,4,43,0,0,6.6639,0.045,0.0014
2026-09-07 04:44:00,4,44,0,1,4.8674,0.016,0.0014
2026-09-07 04:45:00,4,45,0,0,4.4142,0.004,0.0008
2026-09-07 04:46:00,4,46,0,0,7.3855,0.021,0.0012
2026-09-07 04:47:00,4,47,0,0,6.6359,0.019,0.0009
2026-09-07 04:48:00,4,48,0,0,6.5894,0.016,0.0001
2026-09-07 04:49:00,4,49,0,0,7.4131,0.009,0.0019
2026-09-07 04:50:00,4,50,0,1,5.3645,0.024,0.0012
2026-09-07 04:51:00,4,51,0,0,9.0593,0.012,0.0002
2026-09-07 04:52:00,4,52,0,0,8.0463,0.038,0.0001
2026-09-07 04:53:00,4,53,0,0,6.1997,0.029,0.0012
2026-09-07 04:54:00,4,54,0,0,5.6722,0.005,0.0003
2026-09-07 04:55:00,4,55,0,0,7.7582,0.039,0.0008
2026-09-07 04:56:00,4,56,0,0,8.7736,0.032,0.0001
2026-09-07 04:57:00,4,57,0,0,7.5504,0.035,0.0017
2026-09-07 04:58:00,4,58,0,0,4.8677,0.04,0.0017
2026-09-07 04:59:00,4,59,0,0,5.002,0.036,0.0006
2026-09-07 05:00:00,5,0,0,0,6.543,0.015,0.0017
2026-09-07 05:01:00,5,1,0,0,8.7887,0.021,0.0008
2026-09-07 05:02:00,5,2,0,0,6.395,0.005,0.0014
2026-09-07 05:03:00,5,3,0,1,4.4412,0.035,0.0012
2026-09-07 05:04:00,5,4,0,0,7.8326,0.027,0.0008
2026-09-07 05:05:00,5,5,0,1,7.7184,0.021,0.0007
2026-09-07 05:06:00,5,6,0,0,9.0257,0.022,0.0018
2026-09-07 05:07:00,5,7,0,0,5.7999,0.031,0.0008
2026-09-07 05:08:00,5,8,0,0,6.5086,0.026,0.0018
2026-09-07 05:09:00,5,9,0,0,7.1072,0.013,0.0019
2026-09-07 05:10:00,5,10,0,0,8.8972,0.001,0.001
2026-09-07 05:11:00,5,11,0,0,8.9886,0.028,0.0004
2026-09-07 05:12:00,5,12,0,0,6.4326,0.027,0.0016
2026-09-07 05:13:00,5,13,0,1,7.6876,0.01,0.0011
2026-09-07 05:14:00,5,14,0,0,9.1233,0.029,0.001
2026-09-07 05:15:00,5,15,0,0,7.8854,0.035,0.0001
2026-09-07 05:16:00,5,16,0,0,6.0023,0.006,0.0014
2026-09-07 05:17:00,5,17,0,0,4.4798,0.041,0.0013
2026-09-07 05:18:00,5,18,0,0,8.2929,0.032,0.0014
2026-09-07 05:19:00,5,19,0,0,8.9121,0.02,0.0008
2026-09-07 05:20:00,5,20,0,0,6.9297,0.036,0.0008
2026-09-07 05:21:00,5,21,0,0,6.9705,0.008,0.0014
2026-09-07 05:22:00,5,22,0,0,6.8159,0.01,0.0
2026-09-07 05:23:00,5,23,0,0,6.2375,0.005,0.0005
2026-09-07 05:24:00,5,24,0,0,7.083,0.005,0.0001
2026-09-07 05:25:00,5,25,0,0,8.3563,0.012,0.0008
2026-09-07 05:26:00,5,26,0,0,6.8805,0.012,0.0005
2026-09-07 05:27:00,5,27,0,0,7.3145,0.01,0.0014
2026-09-07 05:28:00,5,28,0,0,9.2962,0.021,0.001
2026-09-07 05:29:00,5,29,0,0,4.9157,0.01,0.0014
2026-09-07 05:30:00,5,30,0,0,5.6154,0.041,0.0015
2026-09-07 05:31:00,5,31,0,0,5.9723,0.002,0.0019
2026-09-07 05:32:00,5,32,0,0,6.4965,0.026,0.0011
2026-09-07 05:33:00,5,33,0,0,5.1017,0.039,0.0007
2026-09-07 05:34:00,5,34,0,0,6.5549,0.02,0.0002
2026-09-07 05:35:00,5,35,0,0,4.9167,0.041,0.0011
2026-09-07 05:36:00,5,36,0,0,5.2397,0.013,0.0005
2026-09-07 05:37:00,5,37,0,0,5.6001,0.035,0.0007
2026-09-07 05:38:00,5,38,0,0,9.4923,0.025,0.0019
2026-09-07 05:39:00,5,39,0,0,4.096,0.026,0.0001
2026-09-07 05:40:00,5,40,0,0,7.8085,0.031,0.0014
2026-09-07 05:41:00,5,41,0,1,6.47,0.018,0.0013
2026-09-07 05:42:00,5,42,0,0,8.5894,0.034,0.0009
2026-09-07 05:43:00,5,43,0,0,8.8882,0.033,0.0017
2026-09-07 05:44:00,5,44,0,0,5.8235,0.005,0.0014
2026-09-07 05:45:00,5,45,0,0,7.0503,0.017,0.0002
2026-09-07 05:46:00,5,46,0,0,8.2328,0.043,0.0014
2026-09-07 05:47:00,5,47,0,0,4.7204,0.006,0.0004
2026-09-07 05:48:00,5,48,0,0,5.3677,0.04,0.0011
2026-09-07 05:49:00,5,49,0,0,7.5421,0.006,0.0002
2026-09-07 05:50:00,5,50,0,0,8.1341,0.019,0.0012
2026-09-07 05:51:00,5,51,0,1,7.3518,0.012,0.0007
2026-09-07 05:52:00,5,52,0,0,8.0617,0.024,0.0013
2026-09-07 05:53:00,5,53,0,0,9.1659,0.019,0.0012
2026-09-07 05:54:00,5,54,0,1,7.12,0.034,0.0002
2026-09-07 05:55:00,5,55,0,0,6.4481,0.028,0.0
2026-09-07 05:56:00,5,56,0,0,8.7156,0.037,0.0015
2026-09-07 05:57:00,5,57,0,0,8.0247,0.024,0.0018
2026-09-07 05:58:00,5,58,0,0,5.9273,0.005,0.0008
2026-09-07 05:59:00,5,59,0,0,8.2463,0.044,0.0008
2026-09-07 06:00:00,6,0,0,0,8.2157,0.033,0.0019
2026-09-07 06:01:00,6,1,0,0,8.9878,0.044,0.0007
2026-09-07 06:02:00,6,2,0,0,7.4497,0.038,0.0016
2026-09-07 06:03:00,6,3,0,0,6.791,0.024,0.0017
2026-09-07 06:04:00,6,4,0,0,8.6401,0.006,0.002
2026-09-07 06:05:00,6,5,0,0,6.5287,0.035,0.0011
2026-09-07 06:06:00,6,6,0,0,8.6061,0.023,0.0017
2026-09-07 06:07:00,6,7,0,0,8.7545,0.017,0.0003
2026-09-07 06:08:00,6,8,0,1,5.7232,0.037,0.0014
2026-09-07 06:09:00,6,9,0,0,9.3812,0.003,0.0016
2026-09-07 06:10:00,6,10,0,0,5.6448,0.037,0.0004
2026-09-07 06:11:00,6,11,0,0,4.7173,0.023,0.0019
2026-09-07 06:12:00,6,12,0,0,5.9397,0.016,0.0015
2026-09-07 06:13:00,6,13,0,0,6.8304,0.011,0.001
2026-09-07 06:14:00,6,14,0,1,8.7786,0.028,0.002
2026-09-07 06:15:00,6,15,0,0,5.6395,0.004,0.001
2026-09-07 06:16:00,6,16,0,0,4.4682,0.035,0.0006
2026-09-07 06:17:00,6,17,0,0,7.1196,0.01,0.0001
2026-09-07 06:18:00,6,18,0,0,8.4238,0.014,0.0013
2026-09-07 06:19:00,6,19,0,0,8.8674,0.042,0.0014
2026-09-07 06:20:00,6,20,0,0,8.8468,0.031,0.0
2026-09-07 06:21:00,6,21,0,0,4.759,0.023,0.0001
2026-09-07 06:22:00,6,22,0,0,5.8088,0.026,0.001
2026-09-07 06:23:00,6,23,0,0,8.9256,0.01,0.0019
2026-09-07 06:24:00,6,24,0,1,6.6711,0.043,0.0014
2026-09-07 06:25:00,6,25,0,0,6.9701,0.038,0.001
2026-09-07 06:26:00,6,26,0,0,4.169,0.023,0.0005
2026-09-07 06:27:00,6,27,0,1,6.5494,0.034,0.0018
2026-09-07 06:28:00,6,28,0,0,8.5258,0.012,0.001
2026-09-07 06:29:00,6,29,0,0,8.6175,0.009,0.0005
2026-09-07 06:30:00,6,30,0,0,9.023,0.013,0.0007
2026-09-07 06:31:00,6,31,0,0,8.7105,0.012,0.0
2026-09-07 06:32:00,6,32,0,0,8.0495,0.044,0.0011
2026-09-07 06:33:00,6,33,0,0,8.7571,0.039,0.0018
2026-09-07 06:34:00,6,34,0,1,8.8846,0.027,0.0012
2026-09-07 06:35:00,6,35,0,0,7.7218,0.022,0.0015
2026-09-07 06:36:00,6,36,0,1,7.3787,0.044,0.0007
2026-09-07 06:37:00,6,37,0,0,8.6045,0.026,0.0007
2026-09-07 06:38:00,6,38,0,0,9.2841,0.02,0.0003
2026-09-07 06:39:00,6,39,0,0,4.244,0.007,0.0019
2026-09-07 06:40:00,6,40,0,0,7.9232,0.026,0.0018
2026-09-07 06:41:00,6,41,0,0,4.0447,0.04,0.0013
2026-09-07 06:42:00,6,42,0,0,8.6786,0.005,0.0012
2026-09-07 06:43:00,6,43,0,0,4.9477,0.035,0.0008
2026-09-07 06:44:00,6,44,0,1,8.2177,0.04,0.0017
2026-09-07 06:45:00,6,45,0,0,5.3917,0.038,0.0
2026-09-07 06:46:00,6,46,0,0,7.5441,0.03,0.002
2026-09-07 06:47:00,6,47,0,0,7.2771,0.017,0.0013
2026-09-07 06:48:00,6,48,0,0,8.4219,0.043,0.0004
2026-09-07 06:49:00,6,49,0,0,4.0174,0.016,0.0015
2026-09-07 06:50:00,6,50,0,0,9.018,0.019,0.0011
2026-09-07 06:51:00,6,51,0,1,7.2476,0.026,0.0006
2026-09-07 06:52:00,6,52,0,0,4.3719,0.012,0.0003
2026-09-07 06:53:00,6,53,0,1,9.3371,0.026,0.0002
2026-09-07 06:54:00,6,54,0,0,5.9769,0.024,0.0005
2026-09-07 06:55:00,6,55,0,0,6.236,0.011,0.0008
2026-09-07 06:56:00,6,56,0,0,5.38,0.016,0.0002
2026-09-07 06:57:00,6,57,0,0,5.8153,0.032,0.0002
2026-09-07 06:58:00,6,58,0,0,8.931,0.032,0.0012
2026-09-07 06:59:00,6,59,0,0,5.6825,0.023,0.0017
2026-09-07 07:00:00,7,0,0,2,14.3237,0.037,0.002
2026-09-07 07:01:00,7,1,0,1,11.2953,0.034,0.0021
2026-09-07 07:02:00,7,2,0,3,14.0319,0.038,0.0024
2026-09-07 07:03:00,7,3,0,2,11.5581,0.013,0.0012
2026-09-07 07:04:00,7,4,0,2,11.5922,0.006,0.0026
2026-09-07 07:05:00,7,5,0,3,13.331,0.037,0.0015
2026-09-07 07:06:00,7,6,0,1,12.7166,0.051,0.0007
2026-09-07 07:07:00,7,7,0,2,9.4546,0.018,0.0017
2026-09-07 07:08:00,7,8,0,2,10.7289,0.04,0.0018
2026-09-07 07:09:00,7,9,0,2,10.0521,0.002,0.0013
2026-09-07 07:10:00,7,10,0,2,10.7684,0.016,0.0014
2026-09-07 07:11:00,7,11,0,2,13.0525,0.01,0.0014
2026-09-07 07:12:00,7,12,0,1,10.1212,0.039,0.0001
2026-09-07 07:13:00,7,13,0,1,13.0324,0.003,0.0002
2026-09-07 07:14:00,7,14,0,3,12.9074,0.011,0.0023
2026-09-07 07:15:00,7,15,0,1,12.0071,0.04,0.001
2026-09-07 07:16:00,7,16,0,2,12.5754,0.035,0.0005
2026-09-07 07:17:00,7,17,0,1,13.6018,0.004,0.0002
2026-09-07 07:18:00,7,18,0,1,11.6338,0.05,0.0012
2026-09-07 07:19:00,7,19,0,2,11.9692,0.003,0.0014
2026-09-07 07:20:00,7,20,0,3,13.8158,0.009,0.0009
2026-09-07 07:21:00,7,21,0,1,13.0219,0.025,0.0002
2026-09-07 07:22:00,7,22,0,1,12.829,0.006,0.0003
2026-09-07 07:23:00,7,23,0,2,10.9989,0.032,0.0001
2026-09-07 07:24:00,7,24,0,2,10.0328,0.031,0.0016
2026-09-07 07:25:00,7,25,0,2,10.0295,0.046,0.0
2026-09-07 07:26:00,7,26,0,2,12.6669,0.023,0.0003
2026-09-07 07:27:00,7,27,0,1,12.9825,0.01,0.0019
2026-09-07 07:28:00,7,28,0,1,9.3785,0.045,0.0008
2026-09-07 07:29:00,7,29,0,2,13.8405,0.037,0.0019
2026-09-07 07:30:00,7,30,0,3,12.9593,0.009,0.0009
2026-09-07 07:31:00,7,31,0,2,14.2024,0.017,0.0013
2026-09-07 07:32:00,7,32,0,2,9.6136,0.005,0.0002
2026-09-07 07:33:00,7,33,0,1,9.368,0.002,0.001
2026-09-07 07:34:00,7,34,0,1,12.9157,0.052,0.0008
2026-09-07 07:35:00,7,35,0,1,11.9123,0.052,0.0007
2026-09-07 07:36:00,7,36,0,2,11.2606,0.024,0.0021
2026-09-07 07:37:00,7,37,0,1,10.202,0.021,0.0002
2026-09-07 07:38:00,7,38,0,2,11.8953,0.02,0.0009
2026-09-07 07:39:00,7,39,0,1,10.9755,0.012,0.0004
2026-09-07 07:40:00,7,40,0,1,13.7003,0.02,0.0005
2026-09-07 07:41:00,7,41,0,3,10.4716,0.033,0.0013
2026-09-07 07:42:00,7,42,0,1,9.5811,0.037,0.0025
2026-09-07 07:43:00,7,43,0,1,11.3579,0.021,0.0005
2026-09-07 07:44:00,7,44,0,2,12.4114,0.02,0.0008
2026-09-07 07:45:00,7,45,0,1,13.9937,0.045,0.0012
2026-09-07 07:46:00,7,46,0,3,13.4551,0.019,0.0021
2026-09-07 07:47:00,7,47,0,1,10.1048,0.02,0.0001
2026-09-07 07:48:00,7,48,0,2,11.1958,0.05,0.0022
2026-09-07 07:49:00,7,49,0,2,13.6764,0.007,0.0009
2026-09-07 07:50:00,7,50,0,3,11.1331,0.008,0.0025
2026-09-07 07:51:00,7,51,0,2,12.6418,0.043,0.0017
2026-09-07 07:52:00,7,52,0,1,10.0255,0.027,0.0005
2026-09-07 07:53:00,7,53,0,1,9.276,0.024,0.0015
2026-09-07 07:54:00,7,54,0,2,13.933,0.017,0.0
2026-09-07 07:55:00,7,55,0,2,10.598,0.031,0.0014
2026-09-07 07:56:00,7,56,0,2,9.2464,0.05,0.0023
2026-09-07 07:57:00,7,57,0,1,12.0405,0.012,0.0001
2026-09-07 07:58:00,7,58,0,1,10.3102,0.033,0.0007
2026-09-07 07:59:00,7,59,0,1,9.4358,0.002,0.0005
2026-09-07 08:00:00,8,0,0,4,54.9534,0.601,0.0486
2026-09-07 08:01:00,8,1,0,5,18.8143,0.569,0.0282
2026-09-07 08:02:00,8,2,0,4,27.7255,0.768,0.0289
2026-09-07 08:03:00,8,3,0,5,64.4552,1.305,0.0451
2026-09-07 08:04:00,8,4,0,4,24.4662,0.876,0.027
2026-09-07 08:05:00,8,5,0,5,48.4611,0.442,0.0456
2026-09-07 08:06:00,8,6,0,5,56.9729,1.279,0.0377
2026-09-07 08:07:00,8,7,0,4,16.287,0.698,0.0298
2026-09-07 08:08:00,8,8,0,4,53.8743,0.183,0.0361
2026-09-07 08:09:00,8,9,0,4,57.3661,0.828,0.042
2026-09-07 08:10:00,8,10,0,3,34.4764,0.61,0.0531
2026-09-07 08:11:00,8,11,0,3,34.7798,0.632,0.0605
2026-09-07 08:12:00,8,12,0,3,38.7897,0.445,0.0448
2026-09-07 08:13:00,8,13,0,4,54.7555,0.491,0.0391
2026-09-07 08:14:00,8,14,0,4,26.2554,0.36,0.0324
2026-09-07 08:15:00,8,15,0,1,11.4495,0.048,0.0004
2026-09-07 08:16:00,8,16,0,3,11.5124,0.018,0.0001
2026-09-07 08:17:00,8,17,0,2,13.4355,0.016,0.0017
2026-09-07 08:18:00,8,18,0,1,13.7885,0.037,0.0001
2026-09-07 08:19:00,8,19,0,3,9.0461,0.01,0.0001
2026-09-07 08:20:00,8,20,0,3,11.1208,0.001,0.0015
2026-09-07 08:21:00,8,21,0,2,10.0081,0.005,0.0001
2026-09-07 08:22:00,8,22,0,3,12.4802,0.007,0.0025
2026-09-07 08:23:00,8,23,0,1,12.117,0.044,0.0021
2026-09-07 08:24:00,8,24,0,3,13.2668,0.015,0.0012
2026-09-07 08:25:00,8,25,0,2,14.0089,0.006,0.0013
2026-09-07 08:26:00,8,26,0,3,9.1377,0.039,0.0002
2026-09-07 08:27:00,8,27,0,2,10.988,0.036,0.0015
2026-09-07 08:28:00,8,28,0,1,12.1866,0.005,0.0001
2026-09-07 08:29:00,8,29,0,1,14.2259,0.014,0.0021
2026-09-07 08:30:00,8,30,0,2,13.0258,0.002,0.0003
2026-09-07 08:31:00,8,31,0,1,9.0435,0.048,0.0011
2026-09-07 08:32:00,8,32,0,3,11.1898,0.038,0.0011
2026-09-07 08:33:00,8,33,0,3,9.3504,0.029,0.0006
2026-09-07 08:34:00,8,34,0,3,10.4316,0.041,0.0001
2026-09-07 08:35:00,8,35,0,1,9.2895,0.006,0.0001
2026-09-07 08:36:00,8,36,0,2,12.7547,0.039,0.001
2026-09-07 08:37:00,8,37,0,1,10.0503,0.023,0.0006
2026-09-07 08:38:00,8,38,0,1,12.3244,0.043,0.0016
2026-09-07 08:39:00,8,39,0,3,12.8077,0.045,0.0017
2026-09-07 08:40:00,8,40,0,1,13.2943,0.03,0.0005
2026-09-07 08:41:00,8,41,0,2,11.5794,0.044,0.002
2026-09-07 08:42:00,8,42,0,1,12.7231,0.025,0.0008
2026-09-07 08:43:00,8,43,0,2,10.2919,0.033,0.0006
2026-09-07 08:44:00,8,44,0,1,14.1308,0.014,0.0024
2026-09-07 08:45:00,8,45,0,2,14.4165,0.029,0.001
2026-09-07 08:46:00,8,46,0,2,10.5915,0.013,0.0016
2026-09-07 08:47:00,8,47,0,2,14.3353,0.016,0.0024
2026-09-07 08:48:00,8,48,0,3,11.8227,0.032,0.0003
2026-09-07 08:49:00,8,49,0,1,9.147,0.035,0.0014
2026-09-07 08:50:00,8,50,0,1,13.1022,0.013,0.0004
2026-09-07 08:51:00,8,51,0,3,9.7363,0.052,0.0025
2026-09-07 08:52:00,8,52,0,2,13.2284,0.004,0.0002
2026-09-07 08:53:00,8,53,0,2,13.3484,0.012,0.0006
2026-09-07 08:54:00,8,54,0,1,10.1858,0.037,0.0017
2026-09-07 08:55:00,8,55,0,1,13.1202,0.025,0.0025
2026-09-07 08:56:00,8,56,0,2,11.5284,0.051,0.0021
2026-09-07 08:57:00,8,57,0,2,11.7062,0.005,0.002
2026-09-07 08:58:00,8,58,0,2,9.571,0.005,0.0016
2026-09-07 08:59:00,8,59,0,2,14.1527,0.021,0.0024
2026-09-07 09:00:00,9,0,0,3,12.8046,0.005,0.0014
2026-09-07 09:01:00,9,1,0,1,11.0858,0.048,0.0014
2026-09-07 09:02:00,9,2,0,2,10.368,0.019,0.0016
2026-09-07 09:03:00,9,3,0,2,11.0997,0.038,0.0008
2026-09-07 09:04:00,9,4,0,2,14.4332,0.043,0.0015
2026-09-07 09:05:00,9,5,0,1,10.7883,0.011,0.002
2026-09-07 09:06:00,9,6,0,1,9.3491,0.015,0.002
2026-09-07 09:07:00,9,7,0,1,10.2589,0.029,0.0006
2026-09-07 09:08:00,9,8,0,2,12.5247,0.02,0.0017
2026-09-07 09:09:00,9,9,0,2,12.8267,0.026,0.0004
2026-09-07 09:10:00,9,10,0,2,11.4816,0.012,0.0005
2026-09-07 09:11:00,9,11,0,2,12.9617,0.041,0.0001
2026-09-07 09:12:00,9,12,0,2,13.0013,0.006,0.0019
2026-09-07 09:13:00,9,13,0,3,10.9179,0.045,0.0003
2026-09-07 09:14:00,9,14,0,1,13.898,0.05,0.0022
2026-09-07 09:15:00,9,15,0,2,11.2638,0.045,0.0015
2026-09-07 09:16:00,9,16,0,1,12.6045,0.022,0.001
2026-09-07 09:17:00,9,17,0,3,9.641,0.018,0.0015
2026-09-07 09:18:00,9,18,0,2,11.1516,0.019,0.0023
2026-09-07 09:19:00,9,19,0,3,13.9742,0.01,0.0013
2026-09-07 09:20:00,9,20,0,2,13.5937,0.028,0.0004
2026-09-07 09:21:00,9,21,0,1,14.1875,0.027,0.0019
2026-09-07 09:22:00,9,22,0,2,11.7491,0.005,0.0019
2026-09-07 09:23:00,9,23,0,1,9.8281,0.021,0.0005
2026-09-07 09:24:00,9,24,0,3,11.3903,0.009,0.0016
2026-09-07 09:25:00,9,25,0,3,12.2966,0.047,0.0021
2026-09-07 09:26:00,9,26,0,2,10.9393,0.028,0.0011
2026-09-07 09:27:00,9,27,0,2,12.0558,0.033,0.0025
2026-09-07 09:28:00,9,28,0,1,11.395,0.017,0.0006
2026-09-07 09:29:00,9,29,0,2,13.782,0.024,0.0018
2026-09-07 09:30:00,9,30,0,1,11.671,0.035,0.0023
2026-09-07 09:31:00,9,31,0,1,10.3632,0.033,0.0001
2026-09-07 09:32:00,9,32,0,1,11.1093,0.042,0.0024
2026-09-07 09:33:00,9,33,0,3,13.7988,0.019,0.0024
2026-09-07 09:34:00,9,34,0,1,10.0931,0.042,0.0007
2026-09-07 09:35:00,9,35,0,2,9.8091,0.051,0.0004
2026-09-07 09:36:00,9,36,0,1,10.5985,0.044,0.0021
2026-09-07 09:37:00,9,37,0,2,12.395,0.036,0.0008
2026-09-07 09:38:00,9,38,0,2,10.0461,0.032,0.0025
2026-09-07 09:39:00,9,39,0,1,12.0089,0.05,0.0013
2026-09-07 09:40:00,9,40,0,2,9.814,0.049,0.0016
2026-09-07 09:41:00,9,41,0,3,10.6482,0.012,0.002
2026-09-07 09:42:00,9,42,0,2,14.0518,0.014,0.001
2026-09-07 09:43:00,9,43,0,1,9.5392,0.005,0.0012
2026-09-07 09:44:00,9,44,0,1,9.6905,0.035,0.0017
2026-09-07 09:45:00,9,45,0,1,10.0101,0.039,0.0008
2026-09-07 09:46:00,9,46,0,1,13.755,0.023,0.0011
2026-09-07 09:47:00,9,47,0,1,9.6219,0.042,0.0003
2026-09-07 09:48:00,9,48,0,2,10.857,0.021,0.0021
2026-09-07 09:49:00,9,49,0,1,12.3728,0.001,0.0025
2026-09-07 09:50:00,9,50,0,1,12.7221,0.038,0.0016
2026-09-07 09:51:00,9,51,0,3,14.2348,0.018,0.0022
2026-09-07 09:52:00,9,52,0,2,10.1795,0.01,0.002
2026-09-07 09:53:00,9,53,0,1,13.3604,0.021,0.0021
2026-09-07 09:54:00,9,54,0,1,12.5863,0.031,0.0018
2026-09-07 09:55:00,9,55,0,1,11.1607,0.03,0.0011
2026-09-07 09:56:00,9,56,0,2,11.7657,0.015,0.0009
2026-09-07 09:57:00,9,57,0,2,13.6474,0.02,0.0019
2026-09-07 09:58:00,9,58,0,2,11.643,0.049,0.0011
2026-09-07 09:59:00,9,59,0,2,9.6989,0.045,0.0016
2026-09-07 10:00:00,10,0,0,5,15.6435,0.997,0.0417
2026-09-07 10:01:00,10,1,0,4,52.3286,1.146,0.0102
2026-09-07 10:02:00,10,2,0,4,45.8558,0.93,0.028
2026-09-07 10:03:00,10,3,0,4,55.6929,1.079,0.023
2026-09-07 10:04:00,10,4,0,5,53.8539,0.581,0.0451
2026-09-07 10:05:00,10,5,0,4,32.739,0.992,0.0419
2026-09-07 10:06:00,10,6,0,3,61.6297,0.343,0.0487
2026-09-07 10:07:00,10,7,0,3,53.0119,0.452,0.0505
2026-09-07 10:08:00,10,8,0,5,52.2594,0.885,0.0383
2026-09-07 10:09:00,10,9,0,3,62.8207,0.687,0.0642
2026-09-07 10:10:00,10,10,0,4,28.0837,0.279,0.0236
2026-09-07 10:11:00,10,11,0,3,31.0691,0.235,0.0444
2026-09-07 10:12:00,10,12,0,4,55.8584,0.835,0.0365
2026-09-07 10:13:00,10,13,0,3,20.8905,1.312,0.0617
2026-09-07 10:14:00,10,14,0,4,31.1583,0.26,0.0544
2026-09-07 10:15:00,10,15,0,1,14.3033,0.022,0.0016
2026-09-07 10:16:00,10,16,0,2,12.6026,0.011,0.001
2026-09-07 10:17:00,10,17,0,2,14.4805,0.005,0.0001
2026-09-07 10:18:00,10,18,0,3,11.5427,0.022,0.0011
2026-09-07 10:19:00,10,19,0,1,10.3288,0.018,0.0024
2026-09-07 10:20:00,10,20,0,3,9.1639,0.028,0.0012
2026-09-07 10:21:00,10,21,0,1,9.4188,0.004,0.0006
2026-09-07 10:22:00,10,22,0,1,13.4924,0.051,0.0025
2026-09-07 10:23:00,10,23,0,3,9.5791,0.001,0.0002
2026-09-07 10:24:00,10,24,0,3,13.2659,0.042,0.0005
2026-09-07 10:25:00,10,25,0,1,12.2732,0.045,0.0006
2026-09-07 10:26:00,10,26,0,2,11.66,0.03,0.0021
2026-09-07 10:27:00,10,27,0,1,9.3882,0.003,0.0022
2026-09-07 10:28:00,10,28,0,2,11.1802,0.044,0.0023
2026-09-07 10:29:00,10,29,0,1,13.4112,0.048,0.0015
2026-09-07 10:30:00,10,30,0,2,9.6153,0.018,0.0001
2026-09-07 10:31:00,10,31,0,1,10.7782,0.036,0.0015
2026-09-07 10:32:00,10,32,0,3,11.1274,0.046,0.0022
2026-09-07 10:33:00,10,33,0,1,10.1634,0.034,0.0011
2026-09-07 10:34:00,10,34,0,1,12.0871,0.031,0.0007
2026-09-07 10:35:00,10,35,0,1,14.1618,0.0,0.0014
2026-09-07 10:36:00,10,36,0,1,13.341,0.026,0.0018
2026-09-07 10:37:00,10,37,0,3,14.2869,0.005,0.0001
2026-09-07 10:38:00,10,38,0,2,12.9492,0.043,0.0008
2026-09-07 10:39:00,10,39,0,2,11.9555,0.001,0.0025
2026-09-07 10:40:00,10,40,0,1,10.8432,0.03,0.0022
2026-09-07 10:41:00,10,41,0,2,10.8884,0.003,0.0013
2026-09-07 10:42:00,10,42,0,2,12.1575,0.017,0.0014
2026-09-07 10:43:00,10,43,0,1,13.3197,0.021,0.0003
2026-09-07 10:44:00,10,44,0,2,9.4211,0.049,0.0026
2026-09-07 10:45:00,10,45,0,1,12.1457,0.001,0.0005
2026-09-07 10:46:00,10,46,0,1,14.015,0.048,0.0014
2026-09-07 10:47:00,10,47,0,1,10.1893,0.048,0.0
2026-09-07 10:48:00,10,48,0,3,9.9907,0.048,0.0026
2026-09-07 10:49:00,10,49,0,1,12.2724,0.027,0.0014
2026-09-07 10:50:00,10,50,0,1,11.1803,0.024,0.0022
2026-09-07 10:51:00,10,51,0,1,10.816,0.011,0.0011
2026-09-07 10:52:00,10,52,0,2,14.248,0.045,0.0026
2026-09-07 10:53:00,10,53,0,1,13.7171,0.037,0.0003
2026-09-07 10:54:00,10,54,0,1,14.3393,0.033,0.0007
2026-09-07 10:55:00,10,55,0,2,12.2278,0.038,0.0016
2026-09-07 10:56:00,10,56,0,2,9.9932,0.03,0.0014
2026-09-07 10:57:00,10,57,0,3,12.6662,0.023,0.0026
2026-09-07 10:58:00,10,58,0,1,13.6025,0.034,0.0025
2026-09-07 10:59:00,10,59,0,3,9.6106,0.002,0.0008
2026-09-07 11:00:00,11,0,0,1,11.5981,0.015,0.001
2026-09-07 11:01:00,11,1,0,1,11.7459,0.002,0.0005
2026-09-07 11:02:00,11,2,0,3,14.2643,0.049,0.0014
2026-09-07 11:03:00,11,3,0,3,10.8781,0.039,0.0012
2026-09-07 11:04:00,11,4,0,2,11.8859,0.039,0.0001
2026-09-07 11:05:00,11,5,0,2,11.5812,0.015,0.002
2026-09-07 11:06:00,11,6,0,1,12.1104,0.001,0.0012
2026-09-07 11:07:00,11,7,0,2,12.9071,0.017,0.0003
2026-09-07 11:08:00,11,8,0,2,9.5866,0.051,0.0021
2026-09-07 11:09:00,11,9,0,1,9.3534,0.015,0.0011
2026-09-07 11:10:00,11,10,0,2,11.4137,0.038,0.002
2026-09-07 11:11:00,11,11,0,1,14.3319,0.005,0.0
2026-09-07 11:12:00,11,12,0,1,9.4734,0.005,0.0022
2026-09-07 11:13:00,11,13,0,1,11.7101,0.01,0.0023
2026-09-07 11:14:00,11,14,0,1,9.7904,0.05,0.0001
2026-09-07 11:15:00,11,15,0,1,12.355,0.048,0.0024
2026-09-07 11:16:00,11,16,0,2,13.8892,0.044,0.0014
2026-09-07 11:17:00,11,17,0,3,12.9198,0.016,0.0001
2026-09-07 11:18:00,11,18,0,1,12.6826,0.051,0.0015
2026-09-07 11:19:00,11,19,0,2,12.1259,0.038,0.0019
2026-09-07 11:20:00,11,20,0,1,9.4797,0.016,0.0022
2026-09-07 11:21:00,11,21,0,1,13.5532,0.02,0.0025
2026-09-07 11:22:00,11,22,0,1,11.3943,0.013,0.0015
2026-09-07 11:23:00,11,23,0,1,11.3958,0.018,0.0011
2026-09-07 11:24:00,11,24,0,2,10.1896,0.016,0.0014
2026-09-07 11:25:00,11,25,0,1,10.4486,0.015,0.0021
2026-09-07 11:26:00,11,26,0,2,13.6742,0.024,0.0026
2026-09-07 11:27:00,11,27,0,3,12.866,0.046,0.0003
2026-09-07 11:28:00,11,28,0,1,12.3077,0.033,0.0024
2026-09-07 11:29:00,11,29,0,1,11.4098,0.004,0.0018
2026-09-07 11:30:00,11,30,0,2,11.8973,0.041,0.0009
2026-09-07 11:31:00,11,31,0,1,11.3031,0.014,0.0026
2026-09-07 11:32:00,11,32,0,2,11.4358,0.042,0.0018
2026-09-07 11:33:00,11,33,0,2,12.2922,0.039,0.0007
2026-09-07 11:34:00,11,34,0,1,11.7211,0.021,0.0014
2026-09-07 11:35:00,11,35,0,3,11.3966,0.045,0.0021
2026-09-07 11:36:00,11,36,0,2,12.9399,0.007,0.0009
2026-09-07 11:37:00,11,37,0,3,12.524,0.004,0.0002
2026-09-07 11:38:00,11,38,0,1,14.4646,0.052,0.0021
2026-09-07 11:39:00,11,39,0,1,12.9509,0.023,0.0001
2026-09-07 11:40:00,11,40,0,1,9.1271,0.005,0.0001
2026-09-07 11:41:00,11,41,0,2,11.0833,0.008,0.0004
2026-09-07 11:42:00,11,42,0,1,13.0287,0.015,0.0013
2026-09-07 11:43:00,11,43,0,3,11.2456,0.047,0.0026
2026-09-07 11:44:00,11,44,0,1,14.3691,0.035,0.0017
2026-09-07 11:45:00,11,45,0,3,13.7728,0.002,0.0023
2026-09-07 11:46:00,11,46,0,2,9.8254,0.047,0.0008
2026-09-07 11:47:00,11,47,0,2,10.4051,0.047,0.0022
2026-09-07 11:48:00,11,48,0,1,11.5239,0.019,0.002
2026-09-07 11:49:00,11,49,0,1,12.095,0.037,0.0026
2026-09-07 11:50:00,11,50,0,2,11.7836,0.023,0.0004
2026-09-07 11:51:00,11,51,0,1,12.3264,0.004,0.0004
2026-09-07 11:52:00,11,52,0,1,13.1187,0.031,0.0023
2026-09-07 11:53:00,11,53,0,3,9.8599,0.003,0.0017
2026-09-07 11:54:00,11,54,0,1,14.1391,0.014,0.0
2026-09-07 11:55:00,11,55,0,1,10.2833,0.027,0.0023
2026-09-07 11:56:00,11,56,0,3,11.9849,0.022,0.0002
2026-09-07 11:57:00,11,57,0,2,10.1255,0.042,0.0005
2026-09-07 11:58:00,11,58,0,2,12.2722,0.036,0.0016
2026-09-07 11:59:00,11,59,0,1,11.563,0.048,0.0
2026-09-07 12:00:00,12,0,0,3,30.5742,0.802,0.0219
2026-09-07 12:01:00,12,1,0,4,64.802,0.447,0.0599
2026-09-07 12:02:00,12,2,0,4,36.8413,0.393,0.0587
2026-09-07 12:03:00,12,3,0,3,52.1541,0.258,0.0186
2026-09-07 12:04:00,12,4,0,4,48.5652,0.561,0.0156
2026-09-07 12:05:00,12,5,0,5,39.7693,0.496,0.0375
2026-09-07 12:06:00,12,6,0,5,23.8547,0.509,0.0263
2026-09-07 12:07:00,12,7,0,5,48.2832,0.538,0.0357
2026-09-07 12:08:00,12,8,0,4,45.0662,0.961,0.0469
2026-09-07 12:09:00,12,9,0,3,21.9469,0.503,0.0101
2026-09-07 12:10:00,12,10,0,4,52.9679,0.258,0.0565
2026-09-07 12:11:00,12,11,0,4,43.2958,0.703,0.0537
2026-09-07 12:12:00,12,12,0,4,19.4837,0.176,0.0621
2026-09-07 12:13:00,12,13,0,5,34.1098,1.264,0.0234
2026-09-07 12:14:00,12,14,0,5,19.0486,0.388,0.0293
2026-09-07 12:15:00,12,15,0,3,13.4008,0.025,0.0025
2026-09-07 12:16:00,12,16,0,1,10.0906,0.001,0.0023
2026-09-07 12:17:00,12,17,0,3,12.4361,0.016,0.001
2026-09-07 12:18:00,12,18,0,1,10.7246,0.031,0.0003
2026-09-07 12:19:00,12,19,0,3,10.6412,0.042,0.0026
2026-09-07 12:20:00,12,20,0,1,10.2503,0.041,0.0021
2026-09-07 12:21:00,12,21,0,2,9.0959,0.036,0.0008
2026-09-07 12:22:00,12,22,0,1,9.0906,0.012,0.0007
2026-09-07 12:23:00,12,23,0,2,12.7355,0.051,0.0003
2026-09-07 12:24:00,12,24,0,1,12.0827,0.033,0.0019
2026-09-07 12:25:00,12,25,0,2,11.4151,0.04,0.0002
2026-09-07 12:26:00,12,26,0,1,14.0642,0.011,0.0003
2026-09-07 12:27:00,12,27,0,1,11.9157,0.002,0.0022
2026-09-07 12:28:00,12,28,0,2,12.9905,0.044,0.0018
2026-09-07 12:29:00,12,29,0,2,12.9842,0.007,0.0019
2026-09-07 12:30:00,12,30,0,2,9.9756,0.015,0.0015
2026-09-07 12:31:00,12,31,0,1,10.8169,0.009,0.0015
2026-09-07 12:32:00,12,32,0,1,13.6391,0.038,0.0014
2026-09-07 12:33:00,12,33,0,3,12.4308,0.038,0.0007
2026-09-07 12:34:00,12,34,0,1,14.4073,0.026,0.0022
2026-09-07 12:35:00,12,35,0,1,11.1408,0.048,0.002
2026-09-07 12:36:00,12,36,0,2,14.0659,0.044,0.0007
2026-09-07 12:37:00,12,37,0,2,12.1903,0.022,0.0013
2026-09-07 12:38:00,12,38,0,1,10.7078,0.009,0.0018
2026-09-07 12:39:00,12,39,0,2,10.4673,0.001,0.0011
2026-09-07 12:40:00,12,40,0,1,12.5922,0.026,0.0018
2026-09-07 12:41:00,12,41,0,2,10.0128,0.015,0.0022
2026-09-07 12:42:00,12,42,0,2,10.7403,0.02,0.0004
2026-09-07 12:43:00,12,43,0,1,11.59,0.029,0.0024
2026-09-07 12:44:00,12,44,0,2,9.091,0.002,0.0018
2026-09-07 12:45:00,12,45,0,1,12.8096,0.032,0.001
2026-09-07 12:46:00,12,46,0,1,9.841,0.004,0.0025
2026-09-07 12:47:00,12,47,0,2,10.1327,0.021,0.0
2026-09-07 12:48:00,12,48,0,1,13.5002,0.033,0.0
2026-09-07 12:49:00,12,49,0,2,13.3496,0.028,0.0015
2026-09-07 12:50:00,12,50,0,1,12.0661,0.003,0.0018
2026-09-07 12:51:00,12,51,0,2,14.4736,0.012,0.0024
2026-09-07 12:52:00,12,52,0,2,13.8806,0.051,0.0003
2026-09-07 12:53:00,12,53,0,3,11.0174,0.045,0.0022
2026-09-07 12:54:00,12,54,0,2,9.7351,0.039,0.001
2026-09-07 12:55:00,12,55,0,2,11.2601,0.018,0.0008
2026-09-07 12:56:00,12,56,0,1,11.6378,0.039,0.0022
2026-09-07 12:57:00,12,57,0,3,13.2677,0.022,0.0013
2026-09-07 12:58:00,12,58,0,1,12.5562,0.028,0.0
2026-09-07 12:59:00,12,59,0,1,9.8465,0.044,0.0017
2026-09-07 13:00:00,13,0,0,1,13.9568,0.05,0.0
2026-09-07 13:01:00,13,1,0,3,12.9408,0.052,0.0004
2026-09-07 13:02:00,13,2,0,2,12.4804,0.025,0.0021
2026-09-07 13:03:00,13,3,0,1,11.7563,0.002,0.0016
2026-09-07 13:04:00,13,4,0,1,14.2224,0.049,0.0005
2026-09-07 13:05:00,13,5,0,1,10.6545,0.023,0.0021
2026-09-07 13:06:00,13,6,0,1,9.1513,0.03,0.0002
2026-09-07 13:07:00,13,7,0,1,11.1185,0.051,0.0
2026-09-07 13:08:00,13,8,0,2,11.0789,0.037,0.001
2026-09-07 13:09:00,13,9,0,2,10.3341,0.033,0.0005
2026-09-07 13:10:00,13,10,0,1,12.7289,0.007,0.0017
2026-09-07 13:11:00,13,11,0,2,11.9608,0.008,0.0002
2026-09-07 13:12:00,13,12,0,2,9.9148,0.022,0.0023
2026-09-07 13:13:00,13,13,0,2,13.1769,0.049,0.0015
2026-09-07 13:14:00,13,14,0,2,9.2683,0.012,0.0
2026-09-07 13:15:00,13,15,0,2,10.2087,0.023,0.0022
2026-09-07 13:16:00,13,16,0,3,9.5063,0.051,0.0022
2026-09-07 13:17:00,13,17,0,3,11.4895,0.017,0.0008
2026-09-07 13:18:00,13,18,0,1,9.4427,0.001,0.0024
2026-09-07 13:19:00,13,19,0,1,9.6337,0.007,0.0003
2026-09-07 13:20:00,13,20,0,2,13.707,0.028,0.0025
2026-09-07 13:21:00,13,21,0,1,12.166,0.01,0.0025
2026-09-07 13:22:00,13,22,0,3,9.9733,0.023,0.0021
2026-09-07 13:23:00,13,23,0,2,10.2883,0.019,0.0022
2026-09-07 13:24:00,13,24,0,2,12.4121,0.029,0.0006
2026-09-07 13:25:00,13,25,0,2,14.481,0.035,0.0022
2026-09-07 13:26:00,13,26,0,2,10.8656,0.017,0.0004
2026-09-07 13:27:00,13,27,0,1,11.8442,0.019,0.0018
2026-09-07 13:28:00,13,28,0,3,12.8674,0.024,0.0021
2026-09-07 13:29:00,13,29,0,2,12.4916,0.027,0.0016
2026-09-07 13:30:00,13,30,0,1,10.8339,0.005,0.0021
2026-09-07 13:31:00,13,31,0,3,12.9367,0.031,0.0006
2026-09-07 13:32:00,13,32,0,1,9.1708,0.032,0.0006
2026-09-07 13:33:00,13,33,0,3,9.3145,0.029,0.0009
2026-09-07 13:34:00,13,34,0,1,12.0007,0.038,0.0008
2026-09-07 13:35:00,13,35,0,1,11.557,0.022,0.002
2026-09-07 13:36:00,13,36,0,2,13.5175,0.039,0.0022
2026-09-07 13:37:00,13,37,0,1,10.9087,0.027,0.0014
2026-09-07 13:38:00,13,38,0,1,11.1623,0.042,0.0018
2026-09-07 13:39:00,13,39,0,2,14.2212,0.02,0.0019
2026-09-07 13:40:00,13,40,0,3,9.6013,0.011,0.0011
2026-09-07 13:41:00,13,41,0,2,9.9784,0.051,0.0021
2026-09-07 13:42:00,13,42,0,1,14.2209,0.011,0.0014
2026-09-07 13:43:00,13,43,0,1,13.8683,0.02,0.0012
2026-09-07 13:44:00,13,44,0,3,10.563,0.013,0.0006
2026-09-07 13:45:00,13,45,0,1,11.4846,0.015,0.0017
2026-09-07 13:46:00,13,46,0,2,13.2569,0.036,0.0015
2026-09-07 13:47:00,13,47,0,2,12.3667,0.017,0.0017
2026-09-07 13:48:00,13,48,0,2,12.994,0.006,0.0006
2026-09-07 13:49:00,13,49,0,3,9.2114,0.008,0.0009
2026-09-07 13:50:00,13,50,0,1,12.84,0.031,0.0009
2026-09-07 13:51:00,13,51,0,1,14.1504,0.009,0.0014
2026-09-07 13:52:00,13,52,0,1,11.3593,0.036,0.0014
2026-09-07 13:53:00,13,53,0,2,12.7907,0.026,0.0015
2026-09-07 13:54:00,13,54,0,3,9.4857,0.013,0.0023
2026-09-07 13:55:00,13,55,0,2,14.1797,0.045,0.0008
2026-09-07 13:56:00,13,56,0,2,10.2154,0.008,0.0012
2026-09-07 13:57:00,13,57,0,2,12.8721,0.052,0.0025
2026-09-07 13:58:00,13,58,0,2,10.4282,0.042,0.0026
2026-09-07 13:59:00,13,59,0,3,13.3592,0.024,0.0023
2026-09-07 14:00:00,14,0,0,3,36.3891,1.256,0.0241
2026-09-07 14:01:00,14,1,0,4,44.5843,0.412,0.0138
2026-09-07 14:02:00,14,2,0,5,31.3777,0.254,0.0436
2026-09-07 14:03:00,14,3,0,4,54.7741,0.26,0.0173
2026-09-07 14:04:00,14,4,0,4,63.8867,0.265,0.0365
2026-09-07 14:05:00,14,5,0,4,42.4385,0.197,0.0497
2026-09-07 14:06:00,14,6,0,3,42.5729,0.33,0.0157
2026-09-07 14:07:00,14,7,0,3,56.3472,0.332,0.0112
2026-09-07 14:08:00,14,8,0,3,32.449,0.751,0.0343
2026-09-07 14:09:00,14,9,0,4,22.2617,0.448,0.0188
2026-09-07 14:10:00,14,10,0,5,29.852,1.196,0.0638
2026-09-07 14:11:00,14,11,0,3,32.1387,0.226,0.0592
2026-09-07 14:12:00,14,12,0,4,38.9288,1.061,0.0209
2026-09-07 14:13:00,14,13,0,4,64.5341,0.223,0.0188
2026-09-07 14:14:00,14,14,0,5,46.2146,0.389,0.0363
2026-09-07 14:15:00,14,15,0,1,13.5128,0.045,0.0025
2026-09-07 14:16:00,14,16,0,3,11.1412,0.049,0.0011
2026-09-07 14:17:00,14,17,0,2,14.2064,0.017,0.0001
2026-09-07 14:18:00,14,18,0,1,9.3781,0.019,0.001
2026-09-07 14:19:00,14,19,0,3,13.0025,0.047,0.0005
2026-09-07 14:20:00,14,20,0,2,9.7556,0.042,0.0013
2026-09-07 14:21:00,14,21,0,2,9.3177,0.01,0.0002
2026-09-07 14:22:00,14,22,0,2,10.1176,0.04,0.0022
2026-09-07 14:23:00,14,23,0,2,14.0518,0.024,0.002
2026-09-07 14:24:00,14,24,0,1,9.5776,0.014,0.002
2026-09-07 14:25:00,14,25,0,2,10.9738,0.044,0.0014
2026-09-07 14:26:00,14,26,0,1,10.9493,0.031,0.0025
2026-09-07 14:27:00,14,27,0,3,10.7324,0.036,0.0001
2026-09-07 14:28:00,14,28,0,2,9.3694,0.033,0.0021
2026-09-07 14:29:00,14,29,0,1,9.2716,0.046,0.0003
2026-09-07 14:30:00,14,30,0,3,13.4306,0.031,0.0011
2026-09-07 14:31:00,14,31,0,3,9.6908,0.011,0.0008
2026-09-07 14:32:00,14,32,0,2,10.0929,0.008,0.0023
2026-09-07 14:33:00,14,33,0,2,13.4977,0.05,0.0013
2026-09-07 14:34:00,14,34,0,2,9.9767,0.006,0.0003
2026-09-07 14:35:00,14,35,0,1,10.7967,0.045,0.0025
2026-09-07 14:36:00,14,36,0,3,11.1142,0.044,0.0005
2026-09-07 14:37:00,14,37,0,1,11.4491,0.007,0.0021
2026-09-07 14:38:00,14,38,0,1,12.1154,0.0,0.0013
2026-09-07 14:39:00,14,39,0,1,14.2947,0.034,0.0023
2026-09-07 14:40:00,14,40,0,3,11.1734,0.004,0.0011
2026-09-07 14:41:00,14,41,0,2,14.435,0.009,0.0025
2026-09-07 14:42:00,14,42,0,2,12.0636,0.037,0.0006
2026-09-07 14:43:00,14,43,0,2,13.3408,0.04,0.0017
2026-09-07 14:44:00,14,44,0,2,13.7573,0.031,0.0001
2026-09-07 14:45:00,14,45,0,2,13.6484,0.026,0.001
2026-09-07 14:46:00,14,46,0,2,14.0432,0.037,0.0024
2026-09-07 14:47:00,14,47,0,3,10.0006,0.04,0.0001
2026-09-07 14:48:00,14,48,0,2,9.8301,0.017,0.0007
2026-09-07 14:49:00,14,49,0,2,11.596,0.007,0.0004
2026-09-07 14:50:00,14,50,0,2,11.0712,0.009,0.0025
2026-09-07 14:51:00,14,51,0,2,14.435,0.018,0.0002
2026-09-07 14:52:00,14,52,0,2,10.4821,0.03,0.0012
2026-09-07 14:53:00,14,53,0,2,11.1902,0.032,0.0025
2026-09-07 14:54:00,14,54,0,1,9.1432,0.051,0.0009
2026-09-07 14:55:00,14,55,0,2,13.9005,0.04,0.0024
2026-09-07 14:56:00,14,56,0,3,9.365,0.051,0.0018
2026-09-07 14:57:00,14,57,0,2,13.9338,0.006,0.0019
2026-09-07 14:58:00,14,58,0,1,10.6076,0.038,0.0011
2026-09-07 14:59:00,14,59,0,2,13.6012,0.006,0.001
2026-09-07 15:00:00,15,0,0,2,14.3353,0.036,0.0
2026-09-07 15:01:00,15,1,0,2,14.1396,0.049,0.0021
2026-09-07 15:02:00,15,2,0,2,9.3528,0.011,0.0004
2026-09-07 15:03:00,15,3,0,2,13.4532,0.018,0.0019
2026-09-07 15:04:00,15,4,0,1,10.8759,0.008,0.0021
2026-09-07 15:05:00,15,5,0,2,10.1534,0.033,0.0
2026-09-07 15:06:00,15,6,0,3,10.6353,0.052,0.0007
2026-09-07 15:07:00,15,7,0,3,11.5123,0.045,0.0001
2026-09-07 15:08:00,15,8,0,3,12.4104,0.038,0.0009
2026-09-07 15:09:00,15,9,0,2,13.5148,0.002,0.002
2026-09-07 15:10:00,15,10,0,1,9.6626,0.024,0.0007
2026-09-07 15:11:00,15,11,0,2,10.3151,0.009,0.0022
2026-09-07 15:12:00,15,12,0,2,13.0919,0.014,0.0003
2026-09-07 15:13:00,15,13,0,3,10.3841,0.013,0.0001
2026-09-07 15:14:00,15,14,0,2,14.1704,0.05,0.0025
2026-09-07 15:15:00,15,15,0,2,9.2849,0.019,0.0005
2026-09-07 15:16:00,15,16,0,2,12.4595,0.023,0.0011
2026-09-07 15:17:00,15,17,0,3,11.0588,0.02,0.0018
2026-09-07 15:18:00,15,18,0,3,13.9902,0.013,0.0016
2026-09-07 15:19:00,15,19,0,2,11.4405,0.028,0.0014
2026-09-07 15:20:00,15,20,0,2,10.5719,0.014,0.0007
2026-09-07 15:21:00,15,21,0,2,9.6762,0.016,0.0013
2026-09-07 15:22:00,15,22,0,1,13.0565,0.032,0.001
2026-09-07 15:23:00,15,23,0,1,11.3545,0.004,0.0006
2026-09-07 15:24:00,15,24,0,3,13.3503,0.013,0.002
2026-09-07 15:25:00,15,25,0,3,9.0892,0.03,0.0008
2026-09-07 15:26:00,15,26,0,2,13.972,0.051,0.0012
2026-09-07 15:27:00,15,27,0,1,12.4424,0.018,0.0018
2026-09-07 15:28:00,15,28,0,2,13.6645,0.048,0.0013
2026-09-07 15:29:00,15,29,0,1,12.1546,0.033,0.0023
2026-09-07 15:30:00,15,30,0,2,10.2779,0.022,0.002
2026-09-07 15:31:00,15,31,0,2,13.0813,0.011,0.0001
2026-09-07 15:32:00,15,32,0,3,13.3807,0.016,0.0013
2026-09-07 15:33:00,15,33,0,2,10.5059,0.028,0.0007
2026-09-07 15:34:00,15,34,0,2,12.9048,0.017,0.0005
2026-09-07 15:35:00,15,35,0,3,13.8811,0.021,0.0003
2026-09-07 15:36:00,15,36,0,1,12.8935,0.033,0.0022
2026-09-07 15:37:00,15,37,0,1,11.7782,0.048,0.0024
2026-09-07 15:38:00,15,38,0,3,14.4414,0.028,0.0002
2026-09-07 15:39:00,15,39,0,2,12.251,0.043,0.001
2026-09-07 15:40:00,15,40,0,2,11.3265,0.022,0.0016
2026-09-07 15:41:00,15,41,0,1,9.215,0.051,0.0018
2026-09-07 15:42:00,15,42,0,1,11.0999,0.026,0.0006
2026-09-07 15:43:00,15,43,0,1,11.1144,0.003,0.0002
2026-09-07 15:44:00,15,44,0,1,14.4521,0.003,0.0024
2026-09-07 15:45:00,15,45,0,2,13.0669,0.015,0.0021
2026-09-07 15:46:00,15,46,0,1,9.6006,0.046,0.0011
2026-09-07 15:47:00,15,47,0,1,9.9011,0.004,0.0001
2026-09-07 15:48:00,15,48,0,1,9.5215,0.046,0.0003
2026-09-07 15:49:00,15,49,0,1,14.0631,0.022,0.0008
2026-09-07 15:50:00,15,50,0,2,10.3069,0.02,0.002
2026-09-07 15:51:00,15,51,0,1,12.9448,0.046,0.0024
2026-09-07 15:52:00,15,52,0,2,13.8896,0.002,0.0016
2026-09-07 15:53:00,15,53,0,1,9.8092,0.013,0.0014
2026-09-07 15:54:00,15,54,0,1,12.6204,0.002,0.0016
2026-09-07 15:55:00,15,55,0,3,11.6543,0.015,0.0011
2026-09-07 15:56:00,15,56,0,3,10.8381,0.015,0.0024
2026-09-07 15:57:00,15,57,0,2,11.6873,0.025,0.0012
2026-09-07 15:58:00,15,58,0,3,12.3362,0.019,0.0019
2026-09-07 15:59:00,15,59,0,1,9.0808,0.008,0.0012
2026-09-07 16:00:00,16,0,0,3,18.1725,0.171,0.0449
2026-09-07 16:01:00,16,1,0,5,64.8735,0.766,0.0281
2026-09-07 16:02:00,16,2,0,4,16.8158,0.24,0.0273
2026-09-07 16:03:00,16,3,0,5,45.8002,0.653,0.0436
2026-09-07 16:04:00,16,4,0,4,60.4776,0.707,0.0567
2026-09-07 16:05:00,16,5,0,5,15.4935,0.727,0.018
2026-09-07 16:06:00,16,6,0,5,18.2866,1.052,0.0453
2026-09-07 16:07:00,16,7,0,5,28.0364,0.478,0.0591
2026-09-07 16:08:00,16,8,0,4,25.4624,0.659,0.0212
2026-09-07 16:09:00,16,9,0,5,25.0304,0.574,0.018
2026-09-07 16:10:00,16,10,0,5,42.8843,1.168,0.0257
2026-09-07 16:11:00,16,11,0,3,53.3604,0.563,0.0316
2026-09-07 16:12:00,16,12,0,4,37.6459,0.447,0.012
2026-09-07 16:13:00,16,13,0,5,53.6441,0.175,0.0226
2026-09-07 16:14:00,16,14,0,4,44.4267,0.394,0.0336
2026-09-07 16:15:00,16,15,0,1,13.1352,0.033,0.0021
2026-09-07 16:16:00,16,16,0,2,14.4169,0.038,0.0011
2026-09-07 16:17:00,16,17,0,2,9.2061,0.013,0.0021
2026-09-07 16:18:00,16,18,0,1,14.2571,0.037,0.0024
2026-09-07 16:19:00,16,19,0,2,13.0752,0.016,0.0011
2026-09-07 16:20:00,16,20,0,1,11.5415,0.029,0.0015
2026-09-07 16:21:00,16,21,0,3,9.1361,0.024,0.0015
2026-09-07 16:22:00,16,22,0,3,11.7203,0.046,0.0018
2026-09-07 16:23:00,16,23,0,2,11.3962,0.051,0.0001
2026-09-07 16:24:00,16,24,0,1,13.24,0.015,0.0016
2026-09-07 16:25:00,16,25,0,2,10.9835,0.007,0.0005
2026-09-07 16:26:00,16,26,0,3,9.9374,0.029,0.0015
2026-09-07 16:27:00,16,27,0,1,13.0619,0.027,0.0005
2026-09-07 16:28:00,16,28,0,3,11.4449,0.026,0.0024
2026-09-07 16:29:00,16,29,0,1,13.4312,0.051,0.0024
2026-09-07 16:30:00,16,30,0,1,13.6806,0.031,0.0025
2026-09-07 16:31:00,16,31,0,1,11.399,0.048,0.0017
2026-09-07 16:32:00,16,32,0,1,10.9076,0.025,0.0006
2026-09-07 16:33:00,16,33,0,3,9.8142,0.046,0.001
2026-09-07 16:34:00,16,34,0,1,11.9966,0.013,0.0003
2026-09-07 16:35:00,16,35,0,1,11.7837,0.008,0.0021
2026-09-07 16:36:00,16,36,0,1,9.4639,0.032,0.0022
2026-09-07 16:37:00,16,37,0,1,11.5338,0.01,0.0018
2026-09-07 16:38:00,16,38,0,2,13.4478,0.006,0.0023
2026-09-07 16:39:00,16,39,0,2,9.9508,0.021,0.0005
2026-09-07 16:40:00,16,40,0,1,11.6104,0.038,0.0006
2026-09-07 16:41:00,16,41,0,3,10.9938,0.026,0.0018
2026-09-07 16:42:00,16,42,0,1,11.5071,0.003,0.0021
2026-09-07 16:43:00,16,43,0,3,10.1203,0.019,0.0002
2026-09-07 16:44:00,16,44,0,2,11.8487,0.005,0.0002
2026-09-07 16:45:00,16,45,0,1,12.6929,0.039,0.0002
2026-09-07 16:46:00,16,46,0,2,10.9688,0.045,0.0015
2026-09-07 16:47:00,16,47,0,1,9.4855,0.016,0.0016
2026-09-07 16:48:00,16,48,0,2,10.9248,0.017,0.0001
2026-09-07 16:49:00,16,49,0,2,10.9072,0.004,0.0004
2026-09-07 16:50:00,16,50,0,3,12.4845,0.051,0.0021
2026-09-07 16:51:00,16,51,0,2,12.3207,0.001,0.0012
2026-09-07 16:52:00,16,52,0,1,13.0313,0.045,0.0026
2026-09-07 16:53:00,16,53,0,3,12.0175,0.015,0.0013
2026-09-07 16:54:00,16,54,0,2,11.8249,0.012,0.0
2026-09-07 16:55:00,16,55,0,2,12.5454,0.026,0.002
2026-09-07 16:56:00,16,56,0,3,10.9963,0.037,0.0005
2026-09-07 16:57:00,16,57,0,1,10.6004,0.049,0.0019
2026-09-07 16:58:00,16,58,0,2,13.5707,0.048,0.0004
2026-09-07 16:59:00,16,59,0,1,11.0744,0.045,0.0019
2026-09-07 17:00:00,17,0,0,2,10.9226,0.004,0.0013
2026-09-07 17:01:00,17,1,0,3,9.2122,0.024,0.0021
2026-09-07 17:02:00,17,2,0,3,9.6034,0.045,0.0022
2026-09-07 17:03:00,17,3,0,1,13.9175,0.004,0.0011
2026-09-07 17:04:00,17,4,0,3,11.114,0.051,0.0014
2026-09-07 17:05:00,17,5,0,3,11.098,0.016,0.0015
2026-09-07 17:06:00,17,6,0,1,13.3704,0.01,0.0005
2026-09-07 17:07:00,17,7,0,2,11.3193,0.004,0.0024
2026-09-07 17:08:00,17,8,0,1,11.6383,0.02,0.0001
2026-09-07 17:09:00,17,9,0,1,13.4581,0.027,0.0001
2026-09-07 17:10:00,17,10,0,2,10.8427,0.026,0.0016
2026-09-07 17:11:00,17,11,0,1,11.2139,0.025,0.0019
2026-09-07 17:12:00,17,12,0,1,14.1153,0.003,0.0007
2026-09-07 17:13:00,17,13,0,2,11.4326,0.039,0.002
2026-09-07 17:14:00,17,14,0,1,11.6232,0.052,0.0
2026-09-07 17:15:00,17,15,0,2,9.8537,0.031,0.0006
2026-09-07 17:16:00,17,16,0,1,13.8045,0.047,0.0
2026-09-07 17:17:00,17,17,0,1,9.1446,0.023,0.0014
2026-09-07 17:18:00,17,18,0,2,9.5332,0.028,0.001
2026-09-07 17:19:00,17,19,0,1,9.3005,0.044,0.0022
2026-09-07 17:20:00,17,20,0,3,12.0057,0.007,0.0019
2026-09-07 17:21:00,17,21,0,1,9.911,0.016,0.0
2026-09-07 17:22:00,17,22,0,2,12.229,0.015,0.0007
2026-09-07 17:23:00,17,23,0,2,9.0241,0.041,0.0024
2026-09-07 17:24:00,17,24,0,1,12.0439,0.036,0.0004
2026-09-07 17:25:00,17,25,0,3,13.8693,0.041,0.002
2026-09-07 17:26:00,17,26,0,2,11.6397,0.027,0.0005
2026-09-07 17:27:00,17,27,0,1,13.4942,0.038,0.0024
2026-09-07 17:28:00,17,28,0,2,12.2661,0.023,0.0003
2026-09-07 17:29:00,17,29,0,2,11.9632,0.044,0.0019
2026-09-07 17:30:00,17,30,0,2,11.6176,0.028,0.0009
2026-09-07 17:31:00,17,31,0,1,13.7952,0.043,0.0018
2026-09-07 17:32:00,17,32,0,1,12.6345,0.007,0.0017
2026-09-07 17:33:00,17,33,0,2,13.2161,0.006,0.0009
2026-09-07 17:34:00,17,34,0,3,12.0436,0.03,0.0007
2026-09-07 17:35:00,17,35,0,2,14.1347,0.032,0.0026
2026-09-07 17:36:00,17,36,0,2,13.2233,0.033,0.0024
2026-09-07 17:37:00,17,37,0,2,9.8781,0.021,0.0008
2026-09-07 17:38:00,17,38,0,2,9.1724,0.042,0.0001
2026-09-07 17:39:00,17,39,0,3,14.1069,0.009,0.0015
2026-09-07 17:40:00,17,40,0,2,10.8554,0.043,0.001
2026-09-07 17:41:00,17,41,0,2,9.0397,0.047,0.0013
2026-09-07 17:42:00,17,42,0,1,9.5263,0.011,0.0005
2026-09-07 17:43:00,17,43,0,1,10.62,0.026,0.0013
2026-09-07 17:44:00,17,44,0,3,10.5783,0.001,0.0024
2026-09-07 17:45:00,17,45,0,1,13.1589,0.018,0.0008
2026-09-07 17:46:00,17,46,0,2,11.5226,0.04,0.0005
2026-09-07 17:47:00,17,47,0,3,10.8933,0.008,0.0022
2026-09-07 17:48:00,17,48,0,2,9.3703,0.004,0.0025
2026-09-07 17:49:00,17,49,0,1,13.4333,0.008,0.0002
2026-09-07 17:50:00,17,50,0,2,9.2404,0.028,0.0008
2026-09-07 17:51:00,17,51,0,1,11.5862,0.027,0.0024
2026-09-07 17:52:00,17,52,0,2,11.6483,0.03,0.0007
2026-09-07 17:53:00,17,53,0,1,9.2743,0.037,0.0021
2026-09-07 17:54:00,17,54,0,1,10.8832,0.004,0.0006
2026-09-07 17:55:00,17,55,0,3,11.3011,0.043,0.0021
2026-09-07 17:56:00,17,56,0,2,10.8912,0.02,0.0023
2026-09-07 17:57:00,17,57,0,2,12.0504,0.014,0.0004
2026-09-07 17:58:00,17,58,0,1,12.674,0.031,0.0014
2026-09-07 17:59:00,17,59,0,1,9.9042,0.003,0.0014
2026-09-07 18:00:00,18,0,0,0,9.0294,0.022,0.0002
2026-09-07 18:01:00,18,1,0,0,6.4383,0.032,0.0004
2026-09-07 18:02:00,18,2,0,0,4.633,0.004,0.0018
2026-09-07 18:03:00,18,3,0,0,6.4975,0.02,0.0007
2026-09-07 18:04:00,18,4,0,0,9.3354,0.032,0.002
2026-09-07 18:05:00,18,5,0,0,4.8483,0.016,0.0005
2026-09-07 18:06:00,18,6,0,1,5.6358,0.028,0.0
2026-09-07 18:07:00,18,7,0,0,6.1882,0.011,0.001
2026-09-07 18:08:00,18,8,0,0,6.2173,0.022,0.0013
2026-09-07 18:09:00,18,9,0,0,5.8436,0.039,0.0
2026-09-07 18:10:00,18,10,0,0,5.5159,0.045,0.0007
2026-09-07 18:11:00,18,11,0,0,5.2577,0.006,0.0005
2026-09-07 18:12:00,18,12,0,0,7.4396,0.008,0.0012
2026-09-07 18:13:00,18,13,0,0,7.5878,0.014,0.0017
2026-09-07 18:14:00,18,14,0,0,5.6402,0.017,0.0015
2026-09-07 18:15:00,18,15,0,0,7.767,0.003,0.0018
2026-09-07 18:16:00,18,16,0,0,7.0944,0.015,0.0001
2026-09-07 18:17:00,18,17,0,0,7.2983,0.038,0.0017
2026-09-07 18:18:00,18,18,0,0,5.2054,0.006,0.0013
2026-09-07 18:19:00,18,19,0,0,9.4213,0.044,0.0007
2026-09-07 18:20:00,18,20,0,0,6.2688,0.039,0.0015
2026-09-07 18:21:00,18,21,0,0,8.6333,0.042,0.0017
2026-09-07 18:22:00,18,22,0,0,8.9403,0.018,0.0012
2026-09-07 18:23:00,18,23,0,0,9.3881,0.036,0.0016
2026-09-07 18:24:00,18,24,0,0,7.3542,0.035,0.0007
2026-09-07 18:25:00,18,25,0,0,5.5036,0.04,0.0008
2026-09-07 18:26:00,18,26,0,0,7.8645,0.038,0.001
2026-09-07 18:27:00,18,27,0,0,5.8642,0.039,0.0011
2026-09-07 18:28:00,18,28,0,0,5.4547,0.037,0.0019
2026-09-07 18:29:00,18,29,0,0,7.3931,0.038,0.0012
2026-09-07 18:30:00,18,30,0,0,4.2863,0.009,0.0012
2026-09-07 18:31:00,18,31,0,0,9.0963,0.025,0.0017
2026-09-07 18:32:00,18,32,0,0,6.5544,0.027,0.0013
2026-09-07 18:33:00,18,33,0,0,4.9768,0.003,0.0003
2026-09-07 18:34:00,18,34,0,0,4.8611,0.022,0.0007
2026-09-07 18:35:00,18,35,0,0,4.6022,0.02,0.0014
2026-09-07 18:36:00,18,36,0,0,8.5508,0.019,0.0004
2026-09-07 18:37:00,18,37,0,0,6.7119,0.006,0.0017
2026-09-07 18:38:00,18,38,0,1,7.9737,0.039,0.0003
2026-09-07 18:39:00,18,39,0,1,7.0922,0.015,0.0009
2026-09-07 18:40:00,18,40,0,0,7.3804,0.026,0.0019
2026-09-07 18:41:00,18,41,0,0,5.0935,0.037,0.0013
2026-09-07 18:42:00,18,42,0,1,8.1243,0.025,0.0001
2026-09-07 18:43:00,18,43,0,0,6.2699,0.004,0.0005
2026-09-07 18:44:00,18,44,0,0,7.4154,0.032,0.0017
2026-09-07 18:45:00,18,45,0,0,5.8416,0.001,0.0006
2026-09-07 18:46:00,18,46,0,1,7.853,0.011,0.0012
2026-09-07 18:47:00,18,47,0,1,5.8012,0.018,0.0009
2026-09-07 18:48:00,18,48,0,0,7.993,0.019,0.0009
2026-09-07 18:49:00,18,49,0,0,7.4009,0.014,0.0012
2026-09-07 18:50:00,18,50,0,0,6.1622,0.027,0.0017
2026-09-07 18:51:00,18,51,0,0,5.6255,0.042,0.0017
2026-09-07 18:52:00,18,52,0,0,4.7447,0.022,0.0011
2026-09-07 18:53:00,18,53,0,0,9.4882,0.011,0.0012
2026-09-07 18:54:00,18,54,0,1,8.0492,0.015,0.0017
2026-09-07 18:55:00,18,55,0,1,8.1799,0.023,0.0011
2026-09-07 18:56:00,18,56,0,0,9.1621,0.043,0.0006
2026-09-07 18:57:00,18,57,0,0,5.5468,0.0,0.001
2026-09-07 18:58:00,18,58,0,0,4.3601,0.025,0.0009
2026-09-07 18:59:00,18,59,0,0,8.7213,0.005,0.0003
2026-09-07 19:00:00,19,0,0,0,4.3159,0.027,0.0006
2026-09-07 19:01:00,19,1,0,0,5.2949,0.043,0.0005
2026-09-07 19:02:00,19,2,0,0,8.5132,0.039,0.0018
2026-09-07 19:03:00,19,3,0,0,5.4244,0.013,0.0001
2026-09-07 19:04:00,19,4,0,0,9.2085,0.013,0.0018
2026-09-07 19:05:00,19,5,0,0,4.3804,0.003,0.0019
2026-09-07 19:06:00,19,6,0,0,6.3121,0.024,0.0014
2026-09-07 19:07:00,19,7,0,0,9.4378,0.007,0.0012
2026-09-07 19:08:00,19,8,0,0,6.3747,0.03,0.0019
2026-09-07 19:09:00,19,9,0,0,4.6476,0.044,0.0005
2026-09-07 19:10:00,19,10,0,0,7.4336,0.006,0.0016
2026-09-07 19:11:00,19,11,0,0,5.8835,0.038,0.0012
2026-09-07 19:12:00,19,12,0,0,8.6638,0.042,0.0009
2026-09-07 19:13:00,19,13,0,0,6.941,0.028,0.0007
2026-09-07 19:14:00,19,14,0,0,8.4019,0.015,0.0001
2026-09-07 19:15:00,19,15,0,0,5.1185,0.014,0.0011
2026-09-07 19:16:00,19,16,0,0,5.295,0.016,0.0016
2026-09-07 19:17:00,19,17,0,0,5.3414,0.031,0.0002
2026-09-07 19:18:00,19,18,0,0,5.5414,0.037,0.0002
2026-09-07 19:19:00,19,19,0,0,7.8533,0.003,0.0013
2026-09-07 19:20:00,19,20,0,0,7.2092,0.034,0.0013
2026-09-07 19:21:00,19,21,0,0,7.433,0.009,0.0018
2026-09-07 19:22:00,19,22,0,0,9.1892,0.033,0.001
2026-09-07 19:23:00,19,23,0,0,8.1317,0.027,0.0003
2026-09-07 19:24:00,19,24,0,0,5.4261,0.038,0.0005
2026-09-07 19:25:00,19,25,0,0,6.1127,0.043,0.0018
2026-09-07 19:26:00,19,26,0,0,8.3756,0.044,0.0004
2026-09-07 19:27:00,19,27,0,0,5.2664,0.013,0.0018
2026-09-07 19:28:00,19,28,0,0,4.678,0.002,0.0011
2026-09-07 19:29:00,19,29,0,0,9.34,0.033,0.0004
2026-09-07 19:30:00,19,30,0,0,7.2545,0.014,0.0003
2026-09-07 19:31:00,19,31,0,0,5.5581,0.019,0.0007
2026-09-07 19:32:00,19,32,0,0,9.3994,0.033,0.0015
2026-09-07 19:33:00,19,33,0,0,5.1095,0.034,0.001
2026-09-07 19:34:00,19,34,0,0,5.8015,0.041,0.0
2026-09-07 19:35:00,19,35,0,0,5.9258,0.024,0.0014
2026-09-07 19:36:00,19,36,0,0,4.3234,0.032,0.001
2026-09-07 19:37:00,19,37,0,0,5.753,0.0,0.0016
2026-09-07 19:38:00,19,38,0,0,4.7349,0.033,0.0013
2026-09-07 19:39:00,19,39,0,0,4.1052,0.025,0.0017
2026-09-07 19:40:00,19,40,0,0,7.5447,0.018,0.0004
2026-09-07 19:41:00,19,41,0,0,5.9526,0.035,0.0009
2026-09-07 19:42:00,19,42,0,0,4.8757,0.02,0.001
2026-09-07 19:43:00,19,43,0,1,5.1942,0.003,0.0003
2026-09-07 19:44:00,19,44,0,0,7.6455,0.038,0.0019
2026-09-07 19:45:00,19,45,0,0,9.139,0.004,0.0009
2026-09-07 19:46:00,19,46,0,0,8.9296,0.027,0.0013
2026-09-07 19:47:00,19,47,0,0,9.4418,0.03,0.0009
2026-09-07 19:48:00,19,48,0,0,5.955,0.019,0.0008
2026-09-07 19:49:00,19,49,0,0,8.2754,0.025,0.0007
2026-09-07 19:50:00,19,50,0,0,7.4524,0.009,0.0004
2026-09-07 19:51:00,19,51,0,0,4.1297,0.007,0.0019
2026-09-07 19:52:00,19,52,0,0,9.0533,0.018,0.0001
2026-09-07 19:53:00,19,53,0,0,8.0884,0.01,0.0002
2026-09-07 19:54:00,19,54,0,0,4.5671,0.038,0.0011
2026-09-07 19:55:00,19,55,0,0,4.5117,0.003,0.0005
2026-09-07 19:56:00,19,56,0,1,9.0748,0.026,0.0015
2026-09-07 19:57:00,19,57,0,0,6.0002,0.034,0.0008
2026-09-07 19:58:00,19,58,0,0,6.0724,0.0,0.0001
2026-09-07 19:59:00,19,59,0,0,6.9007,0.0,0.0003
2026-09-07 20:00:00,20,0,0,0,7.4797,0.017,0.0009
2026-09-07 20:01:00,20,1,0,0,4.2461,0.043,0.0019
2026-09-07 20:02:00,20,2,0,0,4.1149,0.01,0.0006
2026-09-07 20:03:00,20,3,0,0,4.3886,0.032,0.0006
2026-09-07 20:04:00,20,4,0,0,4.4464,0.033,0.0014
2026-09-07 20:05:00,20,5,0,1,9.423,0.014,0.0005
2026-09-07 20:06:00,20,6,0,0,9.0205,0.012,0.0013
2026-09-07 20:07:00,20,7,0,1,5.3487,0.017,0.0012
2026-09-07 20:08:00,20,8,0,0,6.1312,0.003,0.0019
2026-09-07 20:09:00,20,9,0,0,7.2608,0.001,0.0018
2026-09-07 20:10:00,20,10,0,0,7.7355,0.018,0.002
2026-09-07 20:11:00,20,11,0,0,5.1748,0.041,0.0013
2026-09-07 20:12:00,20,12,0,0,6.8837,0.043,0.0002
2026-09-07 20:13:00,20,13,0,0,9.1424,0.034,0.0004
2026-09-07 20:14:00,20,14,0,0,5.1107,0.021,0.0011
2026-09-07 20:15:00,20,15,0,1,4.7713,0.024,0.0019
2026-09-07 20:16:00,20,16,0,1,7.3595,0.014,0.0017
2026-09-07 20:17:00,20,17,0,0,5.215,0.042,0.0011
2026-09-07 20:18:00,20,18,0,0,6.4734,0.041,0.001
2026-09-07 20:19:00,20,19,0,0,7.5044,0.009,0.0016
2026-09-07 20:20:00,20,20,0,0,4.7091,0.016,0.0015
2026-09-07 20:21:00,20,21,0,0,5.8237,0.027,0.001
2026-09-07 20:22:00,20,22,0,0,5.5798,0.031,0.0015
2026-09-07 20:23:00,20,23,0,0,9.1462,0.023,0.0005
2026-09-07 20:24:00,20,24,0,0,8.6392,0.002,0.0013
2026-09-07 20:25:00,20,25,0,0,7.4983,0.012,0.0016
2026-09-07 20:26:00,20,26,0,0,4.2152,0.034,0.0017
2026-09-07 20:27:00,20,27,0,0,4.3184,0.004,0.0017
2026-09-07 20:28:00,20,28,0,0,8.5642,0.025,0.001
2026-09-07 20:29:00,20,29,0,0,4.7955,0.044,0.0016
2026-09-07 20:30:00,20,30,0,0,8.2406,0.027,0.0012
2026-09-07 20:31:00,20,31,0,0,6.6162,0.036,0.002
2026-09-07 20:32:00,20,32,0,0,5.1676,0.0,0.0005
2026-09-07 20:33:00,20,33,0,0,8.1407,0.01,0.0019
2026-09-07 20:34:00,20,34,0,0,4.1864,0.02,0.002
2026-09-07 20:35:00,20,35,0,0,7.8049,0.021,0.0017
2026-09-07 20:36:00,20,36,0,0,6.7762,0.011,0.0014
2026-09-07 20:37:00,20,37,0,0,9.3034,0.027,0.0011
2026-09-07 20:38:00,20,38,0,0,7.2618,0.012,0.0009
2026-09-07 20:39:00,20,39,0,0,6.6178,0.037,0.0013
2026-09-07 20:40:00,20,40,0,0,5.9765,0.024,0.0003
2026-09-07 20:41:00,20,41,0,0,5.9728,0.023,0.0003
2026-09-07 20:42:00,20,42,0,0,7.8333,0.037,0.0004
2026-09-07 20:43:00,20,43,0,0,9.1539,0.039,0.0015
2026-09-07 20:44:00,20,44,0,0,7.4276,0.0,0.0008
2026-09-07 20:45:00,20,45,0,0,5.3458,0.007,0.0006
2026-09-07 20:46:00,20,46,0,0,9.1284,0.017,0.0009
2026-09-07 20:47:00,20,47,0,1,5.7395,0.009,0.0014
2026-09-07 20:48:00,20,48,0,0,7.6313,0.031,0.0004
2026-09-07 20:49:00,20,49,0,1,6.2982,0.026,0.0
2026-09-07 20:50:00,20,50,0,0,7.4411,0.023,0.0016
2026-09-07 20:51:00,20,51,0,0,5.0279,0.038,0.0008
2026-09-07 20:52:00,20,52,0,0,8.3583,0.002,0.0001
2026-09-07 20:53:00,20,53,0,1,8.6548,0.024,0.0018
2026-09-07 20:54:00,20,54,0,1,9.4336,0.031,0.0012
2026-09-07 20:55:00,20,55,0,0,5.0468,0.041,0.0012
2026-09-07 20:56:00,20,56,0,0,8.7023,0.026,0.0017
2026-09-07 20:57:00,20,57,0,0,8.5844,0.012,0.0015
2026-09-07 20:58:00,20,58,0,0,7.3661,0.007,0.0009
2026-09-07 20:59:00,20,59,0,0,6.3694,0.04,0.0013
2026-09-07 21:00:00,21,0,0,0,4.8235,0.024,0.0011
2026-09-07 21:01:00,21,1,0,0,4.4914,0.024,0.0015
2026-09-07 21:02:00,21,2,0,0,7.3847,0.031,0.0016
2026-09-07 21:03:00,21,3,0,0,8.277,0.028,0.0013
2026-09-07 21:04:00,21,4,0,0,5.8326,0.011,0.0011
2026-09-07 21:05:00,21,5,0,0,6.7681,0.034,0.0012
2026-09-07 21:06:00,21,6,0,0,8.5635,0.036,0.0008
2026-09-07 21:07:00,21,7,0,1,4.8722,0.019,0.0014
2026-09-07 21:08:00,21,8,0,0,5.1748,0.02,0.0016
2026-09-07 21:09:00,21,9,0,0,4.3485,0.022,0.001
2026-09-07 21:10:00,21,10,0,0,4.0828,0.008,0.0008
2026-09-07 21:11:00,21,11,0,0,8.1409,0.017,0.001
2026-09-07 21:12:00,21,12,0,0,8.4466,0.006,0.0019
2026-09-07 21:13:00,21,13,0,1,5.6806,0.006,0.0004
2026-09-07 21:14:00,21,14,0,0,4.8856,0.032,0.0005
2026-09-07 21:15:00,21,15,0,0,8.4748,0.03,0.0017
2026-09-07 21:16:00,21,16,0,0,6.4748,0.035,0.0004
2026-09-07 21:17:00,21,17,0,0,5.6444,0.043,0.0013
2026-09-07 21:18:00,21,18,0,0,6.6334,0.02,0.0005
2026-09-07 21:19:00,21,19,0,0,5.218,0.038,0.0009
2026-09-07 21:20:00,21,20,0,1,5.9688,0.014,0.0019
2026-09-07 21:21:00,21,21,0,0,8.4135,0.01,0.0006
2026-09-07 21:22:00,21,22,0,0,8.2537,0.042,0.0017
2026-09-07 21:23:00,21,23,0,0,7.2408,0.013,0.0012
2026-09-07 21:24:00,21,24,0,0,5.6607,0.034,0.0012
2026-09-07 21:25:00,21,25,0,0,4.5519,0.032,0.0015
2026-09-07 21:26:00,21,26,0,0,6.5876,0.033,0.0019
2026-09-07 21:27:00,21,27,0,1,7.8081,0.018,0.0012
2026-09-07 21:28:00,21,28,0,0,6.014,0.032,0.0011
2026-09-07 21:29:00,21,29,0,0,8.4107,0.001,0.0011
2026-09-07 21:30:00,21,30,0,0,8.0362,0.03,0.0007
2026-09-07 21:31:00,21,31,0,1,7.0565,0.032,0.0001
2026-09-07 21:32:00,21,32,0,0,4.145,0.037,0.0014
2026-09-07 21:33:00,21,33,0,0,9.4403,0.022,0.0014
2026-09-07 21:34:00,21,34,0,0,4.7228,0.02,0.0002
2026-09-07 21:35:00,21,35,0,0,7.3274,0.021,0.0017
2026-09-07 21:36:00,21,36,0,0,5.4758,0.043,0.0008
2026-09-07 21:37:00,21,37,0,0,4.8134,0.041,0.0014
2026-09-07 21:38:00,21,38,0,0,7.7882,0.043,0.0013
2026-09-07 21:39:00,21,39,0,0,7.3403,0.012,0.0004
2026-09-07 21:40:00,21,40,0,0,7.4033,0.031,0.0006
2026-09-07 21:41:00,21,41,0,0,9.4707,0.022,0.0013
2026-09-07 21:42:00,21,42,0,1,5.3876,0.035,0.0001
2026-09-07 21:43:00,21,43,0,0,7.9862,0.009,0.0007
2026-09-07 21:44:00,21,44,0,0,8.3939,0.045,0.0019
2026-09-07 21:45:00,21,45,0,0,7.0767,0.007,0.0018
2026-09-07 21:46:00,21,46,0,0,6.6731,0.043,0.0017
2026-09-07 21:47:00,21,47,0,0,5.4033,0.038,0.001
2026-09-07 21:48:00,21,48,0,0,4.5202,0.027,0.0011
2026-09-07 21:49:00,21,49,0,1,7.6893,0.027,0.0004
2026-09-07 21:50:00,21,50,0,0,9.0115,0.033,0.0
2026-09-07 21:51:00,21,51,0,0,7.6219,0.044,0.0016
2026-09-07 21:52:00,21,52,0,0,6.251,0.001,0.0018
2026-09-07 21:53:00,21,53,0,0,4.0134,0.002,0.0018
2026-09-07 21:54:00,21,54,0,0,5.5423,0.018,0.0018
2026-09-07 21:55:00,21,55,0,0,5.4271,0.012,0.0019
2026-09-07 21:56:00,21,56,0,0,8.2225,0.038,0.0017
2026-09-07 21:57:00,21,57,0,0,7.1479,0.043,0.0017
2026-09-07 21:58:00,21,58,0,0,6.4728,0.026,0.0006
2026-09-07 21:59:00,21,59,0,0,5.6887,0.021,0.0007
2026-09-07 22:00:00,22,0,0,0,8.9052,0.044,0.0003
2026-09-07 22:01:00,22,1,0,0,5.376,0.035,0.0017
2026-09-07 22:02:00,22,2,0,0,6.0155,0.015,0.0018
2026-09-07 22:03:00,22,3,0,0,4.4855,0.023,0.0007
2026-09-07 22:04:00,22,4,0,0,4.7549,0.005,0.0014
2026-09-07 22:05:00,22,5,0,0,6.3518,0.021,0.0001
2026-09-07 22:06:00,22,6,0,0,9.0928,0.028,0.0004
2026-09-07 22:07:00,22,7,0,0,8.4174,0.006,0.0004
2026-09-07 22:08:00,22,8,0,0,8.1483,0.02,0.002
2026-09-07 22:09:00,22,9,0,0,5.8742,0.033,0.0012
2026-09-07 22:10:00,22,10,0,0,7.0838,0.02,0.0009
2026-09-07 22:11:00,22,11,0,1,6.5149,0.011,0.0002
2026-09-07 22:12:00,22,12,0,0,4.8239,0.03,0.0014
2026-09-07 22:13:00,22,13,0,0,8.881,0.011,0.0006
2026-09-07 22:14:00,22,14,0,0,5.5187,0.016,0.0011
2026-09-07 22:15:00,22,15,0,0,8.4743,0.031,0.0014
2026-09-07 22:16:00,22,16,0,0,6.5796,0.001,0.0
2026-09-07 22:17:00,22,17,0,0,4.5712,0.037,0.0009
2026-09-07 22:18:00,22,18,0,0,5.7223,0.022,0.0001
2026-09-07 22:19:00,22,19,0,0,4.5041,0.04,0.0005
2026-09-07 22:20:00,22,20,0,1,8.5229,0.004,0.0018
2026-09-07 22:21:00,22,21,0,0,4.8854,0.019,0.0001
2026-09-07 22:22:00,22,22,0,0,7.2075,0.014,0.0011
2026-09-07 22:23:00,22,23,0,0,9.1512,0.029,0.0013
2026-09-07 22:24:00,22,24,0,1,7.9458,0.033,0.0006
2026-09-07 22:25:00,22,25,0,0,7.0385,0.026,0.0014
2026-09-07 22:26:00,22,26,0,0,6.4081,0.02,0.0011
2026-09-07 22:27:00,22,27,0,0,7.8481,0.015,0.0014
2026-09-07 22:28:00,22,28,0,0,8.9336,0.007,0.0011
2026-09-07 22:29:00,22,29,0,0,9.4676,0.014,0.0004
2026-09-07 22:30:00,22,30,0,1,6.4708,0.042,0.0004
2026-09-07 22:31:00,22,31,0,0,4.9928,0.037,0.0012
2026-09-07 22:32:00,22,32,0,0,8.0307,0.032,0.0018
2026-09-07 22:33:00,22,33,0,0,8.6893,0.029,0.0018
2026-09-07 22:34:00,22,34,0,0,5.3531,0.011,0.0007
2026-09-07 22:35:00,22,35,0,0,6.8042,0.016,0.0011
2026-09-07 22:36:00,22,36,0,0,8.8422,0.035,0.0019
2026-09-07 22:37:00,22,37,0,0,6.3717,0.018,0.0
2026-09-07 22:38:00,22,38,0,0,6.524,0.023,0.0013
2026-09-07 22:39:00,22,39,0,0,4.4847,0.034,0.0006
2026-09-07 22:40:00,22,40,0,0,6.4623,0.041,0.0003
2026-09-07 22:41:00,22,41,0,0,6.3862,0.015,0.0017
2026-09-07 22:42:00,22,42,0,0,6.9861,0.043,0.0006
2026-09-07 22:43:00,22,43,0,0,9.1478,0.013,0.0017
2026-09-07 22:44:00,22,44,0,0,5.603,0.042,0.0018
2026-09-07 22:45:00,22,45,0,0,4.9853,0.021,0.0017
2026-09-07 22:46:00,22,46,0,0,4.3551,0.012,0.0016
2026-09-07 22:47:00,22,47,0,0,6.625,0.012,0.0002
2026-09-07 22:48:00,22,48,0,0,4.7245,0.043,0.0007
2026-09-07 22:49:00,22,49,0,0,4.8841,0.012,0.0011
2026-09-07 22:50:00,22,50,0,0,8.5139,0.002,0.0006
2026-09-07 22:51:00,22,51,0,0,4.5785,0.033,0.0007
2026-09-07 22:52:00,22,52,0,0,6.9206,0.004,0.0008
2026-09-07 22:53:00,22,53,0,0,5.0369,0.031,0.0016
2026-09-07 22:54:00,22,54,0,0,7.2586,0.03,0.0002
2026-09-07 22:55:00,22,55,0,0,7.2068,0.024,0.0004
2026-09-07 22:56:00,22,56,0,0,8.4311,0.006,0.0008
2026-09-07 22:57:00,22,57,0,0,5.6851,0.016,0.0006
2026-09-07 22:58:00,22,58,0,0,8.4994,0.016,0.0009
2026-09-07 22:59:00,22,59,0,0,9.3927,0.006,0.0001
2026-09-07 23:00:00,23,0,0,1,8.1218,0.012,0.0019
2026-09-07 23:01:00,23,1,0,0,6.6362,0.041,0.0017
2026-09-07 23:02:00,23,2,0,0,8.3751,0.035,0.0015
2026-09-07 23:03:00,23,3,0,0,9.4173,0.012,0.0017
2026-09-07 23:04:00,23,4,0,0,5.9474,0.007,0.0008
2026-09-07 23:05:00,23,5,0,0,8.9932,0.031,0.0003
2026-09-07 23:06:00,23,6,0,0,5.8766,0.011,0.0002
2026-09-07 23:07:00,23,7,0,0,7.6074,0.001,0.0009
2026-09-07 23:08:00,23,8,0,0,8.6545,0.031,0.0018
2026-09-07 23:09:00,23,9,0,0,6.7644,0.017,0.0017
2026-09-07 23:10:00,23,10,0,0,4.2691,0.019,0.0017
2026-09-07 23:11:00,23,11,0,0,4.3036,0.004,0.0013
2026-09-07 23:12:00,23,12,0,0,8.6698,0.037,0.0015
2026-09-07 23:13:00,23,13,0,1,7.7971,0.035,0.0017
2026-09-07 23:14:00,23,14,0,0,6.0267,0.035,0.0002
2026-09-07 23:15:00,23,15,0,0,7.6189,0.02,0.0011
2026-09-07 23:16:00,23,16,0,0,5.4687,0.029,0.0017
2026-09-07 23:17:00,23,17,0,0,6.8254,0.041,0.0002
2026-09-07 23:18:00,23,18,0,0,4.5343,0.01,0.0012
2026-09-07 23:19:00,23,19,0,0,8.6712,0.028,0.0006
2026-09-07 23:20:00,23,20,0,0,7.1537,0.024,0.002
2026-09-07 23:21:00,23,21,0,0,5.7222,0.036,0.001
2026-09-07 23:22:00,23,22,0,0,8.142,0.027,0.0019
2026-09-07 23:23:00,23,23,0,0,5.4942,0.027,0.0015
2026-09-07 23:24:00,23,24,0,0,9.1586,0.04,0.0006
2026-09-07 23:25:00,23,25,0,0,7.2773,0.01,0.0004
2026-09-07 23:26:00,23,26,0,0,6.7442,0.002,0.0007
2026-09-07 23:27:00,23,27,0,0,9.2562,0.042,0.0012
2026-09-07 23:28:00,23,28,0,0,5.9874,0.043,0.0013
2026-09-07 23:29:00,23,29,0,0,6.9144,0.006,0.0014
2026-09-07 23:30:00,23,30,0,0,5.6115,0.003,0.0003
2026-09-07 23:31:00,23,31,0,1,5.869,0.038,0.0001
2026-09-07 23:32:00,23,32,0,0,5.1936,0.019,0.0007
2026-09-07 23:33:00,23,33,0,0,9.3226,0.042,0.0007
2026-09-07 23:34:00,23,34,0,0,8.3422,0.004,0.0004
2026-09-07 23:35:00,23,35,0,0,8.5013,0.025,0.0014
2026-09-07 23:36:00,23,36,0,0,7.5129,0.01,0.0017
2026-09-07 23:37:00,23,37,0,0,4.0422,0.017,0.0007
2026-09-07 23:38:00,23,38,0,0,5.2953,0.027,0.0017
2026-09-07 23:39:00,23,39,0,0,5.2954,0.003,0.0006
2026-09-07 23:40:00,23,40,0,0,6.3868,0.024,0.0002
2026-09-07 23:41:00,23,41,0,0,8.8742,0.03,0.0008
2026-09-07 23:42:00,23,42,0,0,6.4144,0.004,0.0017
2026-09-07 23:43:00,23,43,0,0,6.4091,0.014,0.0008
2026-09-07 23:44:00,23,44,0,1,4.8391,0.025,0.0014
2026-09-07 23:45:00,23,45,0,1,7.5207,0.035,0.0015
2026-09-07 23:46:00,23,46,0,0,6.1504,0.034,0.0016
2026-09-07 23:47:00,23,47,0,0,9.3574,0.045,0.0
2026-09-07 23:48:00,23,48,0,0,7.3876,0.039,0.0015
2026-09-07 23:49:00,23,49,0,0,4.1091,0.014,0.0009
2026-09-07 23:50:00,23,50,0,0,7.5481,0.038,0.0013
2026-09-07 23:51:00,23,51,0,0,5.6447,0.029,0.0017
2026-09-07 23:52:00,23,52,0,1,9.3089,0.021,0.0
2026-09-07 23:53:00,23,53,0,0,7.1067,0.041,0.0015
2026-09-07 23:54:00,23,54,0,0,5.5759,0.027,0.0006
2026-09-07 23:55:00,23,55,0,1,8.1592,0.041,0.0012
2026-09-07 23:56:00,23,56,0,0,5.3822,0.045,0.0017
2026-09-07 23:57:00,23,57,0,0,8.1687,0.028,0.0009
2026-09-07 23:58:00,23,58,0,1,4.7022,0.011,0.0017
2026-09-07 23:59:00,23,59,0,0,6.2874,0.032,0.0014
2026-09-08 00:00:00,0,0,1,0,6.3546,0.006,0.0005
2026-09-08 00:01:00,0,1,1,0,5.5917,0.04,0.0014
2026-09-08 00:02:00,0,2,1,1,7.9933,0.005,0.0009
2026-09-08 00:03:00,0,3,1,0,9.4495,0.03,0.0006
2026-09-08 00:04:00,0,4,1,0,4.8693,0.021,0.0009
2026-09-08 00:05:00,0,5,1,0,8.2256,0.04,0.0009
2026-09-08 00:06:00,0,6,1,0,8.9882,0.039,0.0011
2026-09-08 00:07:00,0,7,1,0,8.7516,0.006,0.0003
2026-09-08 00:08:00,0,8,1,0,5.5504,0.031,0.0012
2026-09-08 00:09:00,0,9,1,0,4.8932,0.031,0.0003
2026-09-08 00:10:00,0,10,1,0,7.8865,0.013,0.0019
2026-09-08 00:11:00,0,11,1,0,7.1135,0.042,0.0006
2026-09-08 00:12:00,0,12,1,0,5.8904,0.043,0.0015
2026-09-08 00:13:00,0,13,1,0,4.2651,0.003,0.0007
2026-09-08 00:14:00,0,14,1,0,6.4827,0.03,0.0001
2026-09-08 00:15:00,0,15,1,0,5.3259,0.033,0.0016
2026-09-08 00:16:00,0,16,1,0,8.738,0.006,0.0005
2026-09-08 00:17:00,0,17,1,0,4.6379,0.03,0.0012
2026-09-08 00:18:00,0,18,1,0,9.1865,0.022,0.0019
2026-09-08 00:19:00,0,19,1,0,7.472,0.011,0.0001
2026-09-08 00:20:00,0,20,1,0,8.1055,0.026,0.0002
2026-09-08 00:21:00,0,21,1,0,6.3923,0.005,0.0012
2026-09-08 00:22:00,0,22,1,0,5.3644,0.031,0.0012
2026-09-08 00:23:00,0,23,1,0,9.2067,0.0,0.0012
2026-09-08 00:24:00,0,24,1,0,5.2951,0.028,0.0018
2026-09-08 00:25:00,0,25,1,1,7.0101,0.037,0.0017
2026-09-08 00:26:00,0,26,1,0,5.1948,0.033,0.0016
2026-09-08 00:27:00,0,27,1,0,6.3127,0.0,0.0016
2026-09-08 00:28:00,0,28,1,0,9.2699,0.009,0.0012
2026-09-08 00:29:00,0,29,1,0,5.1528,0.018,0.0013
2026-09-08 00:30:00,0,30,1,0,5.9071,0.025,0.0013
2026-09-08 00:31:00,0,31,1,0,8.1983,0.038,0.0009
2026-09-08 00:32:00,0,32,1,0,8.3015,0.014,0.0014
2026-09-08 00:33:00,0,33,1,0,4.3235,0.012,0.0016
2026-09-08 00:34:00,0,34,1,1,5.4844,0.029,0.0013
2026-09-08 00:35:00,0,35,1,0,7.7079,0.026,0.0002
2026-09-08 00:36:00,0,36,1,1,6.0278,0.011,0.0003
2026-09-08 00:37:00,0,37,1,0,6.2086,0.005,0.0016
2026-09-08 00:38:00,0,38,1,0,7.4353,0.008,0.0
2026-09-08 00:39:00,0,39,1,0,9.4069,0.025,0.001
2026-09-08 00:40:00,0,40,1,1,9.4768,0.011,0.0004
2026-09-08 00:41:00,0,41,1,0,5.1106,0.044,0.0004
2026-09-08 00:42:00,0,42,1,0,4.5784,0.023,0.0005
2026-09-08 00:43:00,0,43,1,0,4.9933,0.04,0.0005
2026-09-08 00:44:00,0,44,1,0,6.2742,0.006,0.0007
2026-09-08 00:45:00,0,45,1,0,4.1286,0.009,0.0014
2026-09-08 00:46:00,0,46,1,0,8.267,0.004,0.0007
2026-09-08 00:47:00,0,47,1,0,4.3675,0.001,0.0007
2026-09-08 00:48:00,0,48,1,0,8.8965,0.039,0.0009
2026-09-08 00:49:00,0,49,1,0,9.2394,0.026,0.0003
2026-09-08 00:50:00,0,50,1,0,8.8466,0.027,0.0017
2026-09-08 00:51:00,0,51,1,0,6.2313,0.012,0.0007
2026-09-08 00:52:00,0,52,1,0,6.2549,0.018,0.0002
2026-09-08 00:53:00,0,53,1,0,8.0215,0.006,0.0001
2026-09-08 00:54:00,0,54,1,0,5.4399,0.023,0.0017
2026-09-08 00:55:00,0,55,1,0,6.6237,0.042,0.0003
2026-09-08 00:56:00,0,56,1,0,4.1556,0.042,0.0007
2026-09-08 00:57:00,0,57,1,0,8.0868,0.008,0.0001
2026-09-08 00:58:00,0,58,1,0,8.4348,0.007,0.0004
2026-09-08 00:59:00,0,59,1,0,7.4279,0.01,0.0013
2026-09-08 01:00:00,1,0,1,0,6.1062,0.041,0.0013
2026-09-08 01:01:00,1,1,1,0,5.1375,0.014,0.0017
2026-09-08 01:02:00,1,2,1,0,9.3553,0.035,0.0002
2026-09-08 01:03:00,1,3,1,0,5.2236,0.028,0.0019
2026-09-08 01:04:00,1,4,1,0,5.7812,0.007,0.0004
2026-09-08 01:05:00,1,5,1,0,8.3766,0.039,0.0015
2026-09-08 01:06:00,1,6,1,0,5.2483,0.0,0.0001
2026-09-08 01:07:00,1,7,1,0,8.8505,0.011,0.0018
2026-09-08 01:08:00,1,8,1,0,7.2308,0.03,0.0015
2026-09-08 01:09:00,1,9,1,0,5.7515,0.022,0.0013
2026-09-08 01:10:00,1,10,1,0,4.2571,0.022,0.0016
2026-09-08 01:11:00,1,11,1,0,6.513,0.04,0.0002
2026-09-08 01:12:00,1,12,1,0,6.0285,0.019,0.0014
2026-09-08 01:13:00,1,13,1,0,8.8161,0.011,0.0009
2026-09-08 01:14:00,1,14,1,1,7.2215,0.042,0.0009
2026-09-08 01:15:00,1,15,1,0,4.5292,0.007,0.0006
2026-09-08 01:16:00,1,16,1,0,5.1715,0.002,0.0005
2026-09-08 01:17:00,1,17,1,0,5.4631,0.011,0.0015
2026-09-08 01:18:00,1,18,1,1,6.0943,0.04,0.0001
2026-09-08 01:19:00,1,19,1,0,4.2967,0.038,0.0007
2026-09-08 01:20:00,1,20,1,1,6.7131,0.031,0.0005
2026-09-08 01:21:00,1,21,1,0,9.2768,0.025,0.0015
2026-09-08 01:22:00,1,22,1,0,9.2512,0.028,0.0016
2026-09-08 01:23:00,1,23,1,0,6.6255,0.01,0.0015
2026-09-08 01:24:00,1,24,1,0,7.7926,0.008,0.0002
2026-09-08 01:25:00,1,25,1,0,5.9507,0.009,0.0007
2026-09-08 01:26:00,1,26,1,0,4.6231,0.018,0.0011
2026-09-08 01:27:00,1,27,1,1,8.2364,0.038,0.0004
2026-09-08 01:28:00,1,28,1,0,7.2691,0.04,0.0011
2026-09-08 01:29:00,1,29,1,0,5.6559,0.026,0.0012
2026-09-08 01:30:00,1,30,1,0,9.4694,0.044,0.0006
2026-09-08 01:31:00,1,31,1,0,6.6512,0.011,0.0019
2026-09-08 01:32:00,1,32,1,0,4.1195,0.042,0.0009
2026-09-08 01:33:00,1,33,1,0,8.9295,0.005,0.0012
2026-09-08 01:34:00,1,34,1,0,6.522,0.037,0.0012
2026-09-08 01:35:00,1,35,1,0,9.2832,0.037,0.0006
2026-09-08 01:36:00,1,36,1,1,6.9938,0.04,0.0006
2026-09-08 01:37:00,1,37,1,0,7.503,0.033,0.0009
2026-09-08 01:38:00,1,38,1,0,7.662,0.043,0.0001
2026-09-08 01:39:00,1,39,1,0,8.1304,0.045,0.0015
2026-09-08 01:40:00,1,40,1,1,8.7355,0.032,0.0011
2026-09-08 01:41:00,1,41,1,1,5.9172,0.01,0.002
2026-09-08 01:42:00,1,42,1,0,7.6551,0.023,0.0006
2026-09-08 01:43:00,1,43,1,0,5.7234,0.032,0.0001
2026-09-08 01:44:00,1,44,1,0,8.0321,0.011,0.0014
2026-09-08 01:45:00,1,45,1,0,9.053,0.02,0.0012
2026-09-08 01:46:00,1,46,1,1,4.7365,0.026,0.0003
2026-09-08 01:47:00,1,47,1,0,6.1377,0.008,0.0009
2026-09-08 01:48:00,1,48,1,0,8.783,0.044,0.0006
2026-09-08 01:49:00,1,49,1,0,5.187,0.031,0.0013
2026-09-08 01:50:00,1,50,1,0,6.2059,0.013,0.0011
2026-09-08 01:51:00,1,51,1,0,4.6832,0.029,0.0016
2026-09-08 01:52:00,1,52,1,0,5.3248,0.028,0.0015
2026-09-08 01:53:00,1,53,1,1,8.6422,0.009,0.0018
2026-09-08 01:54:00,1,54,1,0,4.0741,0.001,0.0006
2026-09-08 01:55:00,1,55,1,0,8.696,0.01,0.0003
2026-09-08 01:56:00,1,56,1,0,8.056,0.018,0.0005
2026-09-08 01:57:00,1,57,1,0,6.723,0.016,0.0006
2026-09-08 01:58:00,1,58,1,0,6.6388,0.005,0.001
2026-09-08 01:59:00,1,59,1,1,5.4095,0.04,0.0019
2026-09-08 02:00:00,2,0,1,0,5.2663,0.043,0.0011
2026-09-08 02:01:00,2,1,1,1,5.1838,0.011,0.0001
2026-09-08 02:02:00,2,2,1,0,7.8356,0.042,0.0016
2026-09-08 02:03:00,2,3,1,0,6.1406,0.016,0.0015
2026-09-08 02:04:00,2,4,1,0,8.3736,0.032,0.0007
2026-09-08 02:05:00,2,5,1,0,9.0387,0.041,0.001
2026-09-08 02:06:00,2,6,1,0,5.0583,0.002,0.0001
2026-09-08 02:07:00,2,7,1,0,5.2659,0.033,0.0018
2026-09-08 02:08:00,2,8,1,0,4.4004,0.038,0.0014
2026-09-08 02:09:00,2,9,1,0,8.1941,0.035,0.0013
2026-09-08 02:10:00,2,10,1,0,4.9755,0.011,0.0016
2026-09-08 02:11:00,2,11,1,0,5.9398,0.044,0.0008
2026-09-08 02:12:00,2,12,1,0,8.9248,0.029,0.0014
2026-09-08 02:13:00,2,13,1,0,7.1783,0.002,0.0016
2026-09-08 02:14:00,2,14,1,0,7.1363,0.003,0.001
2026-09-08 02:15:00,2,15,1,0,6.2964,0.027,0.0012
2026-09-08 02:16:00,2,16,1,0,9.4703,0.035,0.0011
2026-09-08 02:17:00,2,17,1,0,8.3622,0.02,0.0012
2026-09-08 02:18:00,2,18,1,0,4.0027,0.042,0.0001
2026-09-08 02:19:00,2,19,1,1,4.6637,0.039,0.0012
2026-09-08 02:20:00,2,20,1,0,8.377,0.014,0.0006
2026-09-08 02:21:00,2,21,1,0,7.8346,0.018,0.0007
2026-09-08 02:22:00,2,22,1,0,8.0088,0.033,0.0019
2026-09-08 02:23:00,2,23,1,0,5.6109,0.019,0.0003
2026-09-08 02:24:00,2,24,1,0,7.6148,0.001,0.0005
2026-09-08 02:25:00,2,25,1,0,4.3047,0.01,0.0019
2026-09-08 02:26:00,2,26,1,0,5.7409,0.003,0.0017
2026-09-08 02:27:00,2,27,1,0,7.2798,0.042,0.0002
2026-09-08 02:28:00,2,28,1,0,6.1852,0.037,0.0018
2026-09-08 02:29:00,2,29,1,0,4.4451,0.041,0.0001
2026-09-08 02:30:00,2,30,1,0,6.965,0.026,0.0018
2026-09-08 02:31:00,2,31,1,0,8.6156,0.019,0.0013
2026-09-08 02:32:00,2,32,1,0,4.5651,0.036,0.001
2026-09-08 02:33:00,2,33,1,0,6.858,0.041,0.0015
2026-09-08 02:34:00,2,34,1,0,6.4548,0.018,0.0016
2026-09-08 02:35:00,2,35,1,0,9.2711,0.021,0.0013
2026-09-08 02:36:00,2,36,1,0,6.7861,0.037,0.0014
2026-09-08 02:37:00,2,37,1,0,4.4036,0.041,0.0016
2026-09-08 02:38:00,2,38,1,0,4.3525,0.043,0.0005
2026-09-08 02:39:00,2,39,1,1,8.1072,0.005,0.0005
2026-09-08 02:40:00,2,40,1,0,5.2702,0.024,0.0004
2026-09-08 02:41:00,2,41,1,0,5.7847,0.035,0.0002
2026-09-08 02:42:00,2,42,1,1,7.716,0.031,0.0004
2026-09-08 02:43:00,2,43,1,0,5.2553,0.04,0.0003
2026-09-08 02:44:00,2,44,1,0,8.077,0.012,0.0018
2026-09-08 02:45:00,2,45,1,1,5.8503,0.038,0.0009
2026-09-08 02:46:00,2,46,1,0,5.2276,0.012,0.0012
2026-09-08 02:47:00,2,47,1,0,5.1889,0.027,0.0016
2026-09-08 02:48:00,2,48,1,0,9.1862,0.016,0.0004
2026-09-08 02:49:00,2,49,1,0,9.4004,0.026,0.001
2026-09-08 02:50:00,2,50,1,0,8.5849,0.01,0.0016
2026-09-08 02:51:00,2,51,1,1,5.4349,0.036,0.0009
2026-09-08 02:52:00,2,52,1,0,9.249,0.023,0.0018
2026-09-08 02:53:00,2,53,1,0,4.5569,0.007,0.0001
2026-09-08 02:54:00,2,54,1,0,4.8394,0.014,0.0009
2026-09-08 02:55:00,2,55,1,0,6.7705,0.021,0.0013
2026-09-08 02:56:00,2,56,1,0,8.8466,0.014,0.0006
2026-09-08 02:57:00,2,57,1,1,7.1962,0.023,0.0008
2026-09-08 02:58:00,2,58,1,0,4.2771,0.02,0.0015
2026-09-08 02:59:00,2,59,1,0,5.629,0.031,0.0015
2026-09-08 03:00:00,3,0,1,0,7.5447,0.015,0.0006
2026-09-08 03:01:00,3,1,1,0,4.6926,0.031,0.0
2026-09-08 03:02:00,3,2,1,0,8.963,0.017,0.001
2026-09-08 03:03:00,3,3,1,0,7.507,0.043,0.001
2026-09-08 03:04:00,3,4,1,0,6.1254,0.041,0.001
2026-09-08 03:05:00,3,5,1,0,8.5142,0.011,0.0017
2026-09-08 03:06:00,3,6,1,0,8.9978,0.033,0.0008
2026-09-08 03:07:00,3,7,1,0,9.1765,0.024,0.0018
2026-09-08 03:08:00,3,8,1,0,6.0333,0.029,0.0017
2026-09-08 03:09:00,3,9,1,0,5.9819,0.025,0.0004
2026-09-08 03:10:00,3,10,1,0,9.1378,0.026,0.0015
2026-09-08 03:11:00,3,11,1,0,4.5017,0.011,0.0013
2026-09-08 03:12:00,3,12,1,0,8.7388,0.029,0.0017
2026-09-08 03:13:00,3,13,1,1,9.2105,0.028,0.0014
2026-09-08 03:14:00,3,14,1,0,4.3303,0.012,0.0015
2026-09-08 03:15:00,3,15,1,1,5.7729,0.041,0.0008
2026-09-08 03:16:00,3,16,1,0,9.0265,0.038,0.001
2026-09-08 03:17:00,3,17,1,0,8.4259,0.043,0.0019
2026-09-08 03:18:00,3,18,1,0,9.4726,0.036,0.0011
2026-09-08 03:19:00,3,19,1,0,4.4477,0.038,0.0017
2026-09-08 03:20:00,3,20,1,0,8.737,0.02,0.0016
2026-09-08 03:21:00,3,21,1,0,6.643,0.001,0.0005
2026-09-08 03:22:00,3,22,1,0,5.2408,0.0,0.0001
2026-09-08 03:23:00,3,23,1,0,5.9452,0.002,0.0002
2026-09-08 03:24:00,3,24,1,0,5.3219,0.033,0.0016
2026-09-08 03:25:00,3,25,1,0,5.0735,0.033,0.0007
2026-09-08 03:26:00,3,26,1,0,8.5525,0.017,0.0008
2026-09-08 03:27:00,3,27,1,0,4.6904,0.017,0.0014
2026-09-08 03:28:00,3,28,1,1,8.7308,0.035,0.0008
2026-09-08 03:29:00,3,29,1,0,6.6072,0.044,0.0011
2026-09-08 03:30:00,3,30,1,0,5.884,0.02,0.0007
2026-09-08 03:31:00,3,31,1,0,8.7071,0.029,0.0008
2026-09-08 03:32:00,3,32,1,0,6.0407,0.006,0.0014
2026-09-08 03:33:00,3,33,1,0,6.4429,0.029,0.0014
2026-09-08 03:34:00,3,34,1,0,5.191,0.013,0.0005
2026-09-08 03:35:00,3,35,1,0,6.4626,0.024,0.0017
2026-09-08 03:36:00,3,36,1,0,5.4602,0.006,0.0014
2026-09-08 03:37:00,3,37,1,0,4.4735,0.034,0.0007
2026-09-08 03:38:00,3,38,1,0,8.9449,0.028,0.0013
2026-09-08 03:39:00,3,39,1,0,5.6063,0.036,0.0004
2026-09-08 03:40:00,3,40,1,1,7.4278,0.01,0.001
2026-09-08 03:41:00,3,41,1,0,4.5438,0.001,0.0014
2026-09-08 03:42:00,3,42,1,0,8.729,0.045,0.0014
2026-09-08 03:43:00,3,43,1,0,8.0219,0.012,0.0008
2026-09-08 03:44:00,3,44,1,0,6.2856,0.003,0.001
2026-09-08 03:45:00,3,45,1,0,8.3509,0.005,0.0017
2026-09-08 03:46:00,3,46,1,0,6.2266,0.026,0.0019
2026-09-08 03:47:00,3,47,1,0,8.0659,0.001,0.0007
2026-09-08 03:48:00,3,48,1,0,4.8294,0.03,0.001
2026-09-08 03:49:00,3,49,1,0,4.8537,0.034,0.0019
2026-09-08 03:50:00,3,50,1,0,5.1958,0.003,0.0002
2026-09-08 03:51:00,3,51,1,0,5.6513,0.002,0.0016
2026-09-08 03:52:00,3,52,1,0,5.9815,0.002,0.0018
2026-09-08 03:53:00,3,53,1,0,5.5824,0.002,0.0001
2026-09-08 03:54:00,3,54,1,0,8.2257,0.044,0.0012
2026-09-08 03:55:00,3,55,1,0,9.3832,0.01,0.0002
2026-09-08 03:56:00,3,56,1,0,4.2527,0.035,0.0008
2026-09-08 03:57:00,3,57,1,1,8.858,0.04,0.0017
2026-09-08 03:58:00,3,58,1,0,6.5205,0.033,0.0002
2026-09-08 03:59:00,3,59,1,0,4.4502,0.036,0.0002
2026-09-08 04:00:00,4,0,1,0,5.1965,0.007,0.0006
2026-09-08 04:01:00,4,1,1,1,5.1343,0.026,0.0018
2026-09-08 04:02:00,4,2,1,0,7.9245,0.042,0.0016
2026-09-08 04:03:00,4,3,1,0,8.5649,0.01,0.0008
2026-09-08 04:04:00,4,4,1,1,7.0668,0.041,0.0006
2026-09-08 04:05:00,4,5,1,0,5.8685,0.029,0.0001
2026-09-08 04:06:00,4,6,1,0,4.0962,0.006,0.0011
2026-09-08 04:07:00,4,7,1,1,9.1794,0.014,0.002
2026-09-08 04:08:00,4,8,1,0,4.5998,0.006,0.0008
2026-09-08 04:09:00,4,9,1,0,8.1735,0.023,0.0017
2026-09-08 04:10:00,4,10,1,0,4.9739,0.001,0.0012
2026-09-08 04:11:00,4,11,1,0,7.621,0.042,0.0017
2026-09-08 04:12:00,4,12,1,0,8.0893,0.033,0.0007
2026-09-08 04:13:00,4,13,1,0,6.6323,0.033,0.0004
2026-09-08 04:14:00,4,14,1,0,4.1255,0.014,0.0003
2026-09-08 04:15:00,4,15,1,0,4.1723,0.035,0.0004
2026-09-08 04:16:00,4,16,1,0,7.7149,0.04,0.0012
2026-09-08 04:17:00,4,17,1,0,8.0361,0.014,0.001
2026-09-08 04:18:00,4,18,1,0,6.7968,0.017,0.001
2026-09-08 04:19:00,4,19,1,0,8.7149,0.016,0.0005
2026-09-08 04:20:00,4,20,1,0,7.4941,0.039,0.0
2026-09-08 04:21:00,4,21,1,0,5.1069,0.029,0.0008
2026-09-08 04:22:00,4,22,1,0,4.2834,0.034,0.0017
2026-09-08 04:23:00,4,23,1,0,7.7062,0.03,0.0005
2026-09-08 04:24:00,4,24,1,0,7.0873,0.015,0.0008
2026-09-08 04:25:00,4,25,1,0,4.113,0.004,0.0015
2026-09-08 04:26:00,4,26,1,0,7.7426,0.006,0.0001
2026-09-08 04:27:00,4,27,1,0,6.0618,0.019,0.002
2026-09-08 04:28:00,4,28,1,0,4.9544,0.025,0.001
2026-09-08 04:29:00,4,29,1,0,7.5227,0.043,0.0006
2026-09-08 04:30:00,4,30,1,0,9.475,0.024,0.002
2026-09-08 04:31:00,4,31,1,0,7.023,0.041,0.0004
2026-09-08 04:32:00,4,32,1,0,4.2202,0.025,0.0019
2026-09-08 04:33:00,4,33,1,0,9.3375,0.015,0.0015
2026-09-08 04:34:00,4,34,1,0,7.4473,0.013,0.0005
2026-09-08 04:35:00,4,35,1,0,6.6412,0.015,0.0013
2026-09-08 04:36:00,4,36,1,0,6.1023,0.024,0.0019
2026-09-08 04:37:00,4,37,1,0,8.6686,0.04,0.0019
2026-09-08 04:38:00,4,38,1,0,6.8285,0.036,0.0018
2026-09-08 04:39:00,4,39,1,0,8.9036,0.039,0.0013
2026-09-08 04:40:00,4,40,1,0,6.5518,0.021,0.0011
2026-09-08 04:41:00,4,41,1,1,5.3112,0.028,0.0008
2026-09-08 04:42:00,4,42,1,0,5.6515,0.035,0.0013
2026-09-08 04:43:00,4,43,1,0,5.4088,0.038,0.0013
2026-09-08 04:44:00,4,44,1,0,8.0781,0.036,0.0013
2026-09-08 04:45:00,4,45,1,0,4.0713,0.006,0.0007
2026-09-08 04:46:00,4,46,1,0,6.1987,0.034,0.0017
2026-09-08 04:47:00,4,47,1,0,7.9693,0.015,0.0009
2026-09-08 04:48:00,4,48,1,0,5.254,0.005,0.0019
2026-09-08 04:49:00,4,49,1,0,8.4908,0.005,0.0019
2026-09-08 04:50:00,4,50,1,0,7.6478,0.027,0.0019
2026-09-08 04:51:00,4,51,1,0,8.554,0.019,0.0015
2026-09-08 04:52:00,4,52,1,0,6.12,0.017,0.0015
2026-09-08 04:53:00,4,53,1,0,6.9583,0.033,0.0002
2026-09-08 04:54:00,4,54,1,0,9.0313,0.038,0.0009
2026-09-08 04:55:00,4,55,1,0,4.1087,0.027,0.0015
2026-09-08 04:56:00,4,56,1,0,8.762,0.028,0.0017
2026-09-08 04:57:00,4,57,1,0,5.3757,0.032,0.0012
2026-09-08 04:58:00,4,58,1,0,7.1619,0.004,0.0002
2026-09-08 04:59:00,4,59,1,1,6.9514,0.021,0.0016
2026-09-08 05:00:00,5,0,1,0,7.2432,0.026,0.0015
2026-09-08 05:01:00,5,1,1,0,5.2186,0.039,0.0006
2026-09-08 05:02:00,5,2,1,0,5.1545,0.013,0.0017
2026-09-08 05:03:00,5,3,1,0,7.7343,0.03,0.0013
2026-09-08 05:04:00,5,4,1,0,5.5987,0.002,0.0008
2026-09-08 05:05:00,5,5,1,0,5.3676,0.001,0.0008
2026-09-08 05:06:00,5,6,1,0,8.7085,0.003,0.001
2026-09-08 05:07:00,5,7,1,1,9.1484,0.005,0.0013
2026-09-08 05:08:00,5,8,1,0,9.2084,0.009,0.0019
2026-09-08 05:09:00,5,9,1,0,7.9967,0.036,0.0013
2026-09-08 05:10:00,5,10,1,0,9.1945,0.022,0.0005
2026-09-08 05:11:00,5,11,1,0,5.6191,0.027,0.0003
2026-09-08 05:12:00,5,12,1,0,5.6782,0.031,0.0012
2026-09-08 05:13:00,5,13,1,0,6.0133,0.028,0.0015
2026-09-08 05:14:00,5,14,1,0,4.3021,0.021,0.0018
2026-09-08 05:15:00,5,15,1,0,4.2739,0.031,0.0019
2026-09-08 05:16:00,5,16,1,0,8.4075,0.044,0.0016
2026-09-08 05:17:00,5,17,1,0,4.3396,0.023,0.0003
2026-09-08 05:18:00,5,18,1,0,8.7433,0.044,0.0007
2026-09-08 05:19:00,5,19,1,0,6.6676,0.011,0.0
2026-09-08 05:20:00,5,20,1,0,7.6668,0.029,0.0007
2026-09-08 05:21:00,5,21,1,0,4.4121,0.031,0.0008
2026-09-08 05:22:00,5,22,1,0,5.4418,0.013,0.0007
2026-09-08 05:23:00,5,23,1,0,7.3404,0.034,0.0007
2026-09-08 05:24:00,5,24,1,1,8.3648,0.04,0.0014
2026-09-08 05:25:00,5,25,1,0,6.5573,0.044,0.002
2026-09-08 05:26:00,5,26,1,0,6.5938,0.034,0.0001
2026-09-08 05:27:00,5,27,1,0,5.3849,0.029,0.0001
2026-09-08 05:28:00,5,28,1,0,4.4814,0.022,0.0001
2026-09-08 05:29:00,5,29,1,0,5.3933,0.009,0.0006
2026-09-08 05:30:00,5,30,1,0,7.4703,0.03,0.0003
2026-09-08 05:31:00,5,31,1,0,9.0173,0.015,0.0016
2026-09-08 05:32:00,5,32,1,0,8.4447,0.026,0.0004
2026-09-08 05:33:00,5,33,1,0,6.187,0.045,0.0001
2026-09-08 05:34:00,5,34,1,0,6.3503,0.027,0.0017
2026-09-08 05:35:00,5,35,1,0,6.4411,0.019,0.0007
2026-09-08 05:36:00,5,36,1,0,4.5965,0.031,0.0008
2026-09-08 05:37:00,5,37,1,0,6.0112,0.007,0.0013
2026-09-08 05:38:00,5,38,1,0,8.3735,0.019,0.0004
2026-09-08 05:39:00,5,39,1,0,6.1091,0.006,0.0007
2026-09-08 05:40:00,5,40,1,0,5.7447,0.001,0.0004
2026-09-08 05:41:00,5,41,1,0,4.9622,0.04,0.0002
2026-09-08 05:42:00,5,42,1,0,5.6114,0.038,0.0009
2026-09-08 05:43:00,5,43,1,0,5.3745,0.022,0.0001
2026-09-08 05:44:00,5,44,1,0,6.8626,0.043,0.0014
2026-09-08 05:45:00,5,45,1,0,4.2969,0.036,0.0005
2026-09-08 05:46:00,5,46,1,0,8.5422,0.009,0.0012
2026-09-08 05:47:00,5,47,1,0,6.919,0.043,0.002
2026-09-08 05:48:00,5,48,1,0,9.2938,0.022,0.0003
2026-09-08 05:49:00,5,49,1,0,8.8181,0.031,0.0016
2026-09-08 05:50:00,5,50,1,1,4.0255,0.001,0.0015
2026-09-08 05:51:00,5,51,1,0,7.1439,0.041,0.0019
2026-09-08 05:52:00,5,52,1,0,4.5964,0.044,0.0019
2026-09-08 05:53:00,5,53,1,0,8.787,0.035,0.0003
2026-09-08 05:54:00,5,54,1,0,4.845,0.041,0.0016
2026-09-08 05:55:00,5,55,1,0,6.3029,0.032,0.0006
2026-09-08 05:56:00,5,56,1,0,5.1961,0.006,0.0019
2026-09-08 05:57:00,5,57,1,0,8.0298,0.037,0.0017
2026-09-08 05:58:00,5,58,1,0,4.575,0.042,0.0001
2026-09-08 05:59:00,5,59,1,0,7.8019,0.013,0.0004
2026-09-08 06:00:00,6,0,1,0,6.7696,0.043,0.0014
2026-09-08 06:01:00,6,1,1,1,9.1034,0.017,0.0017
2026-09-08 06:02:00,6,2,1,0,5.8844,0.037,0.001
2026-09-08 06:03:00,6,3,1,0,9.1101,0.03,0.0004
2026-09-08 06:04:00,6,4,1,0,7.9249,0.01,0.0
2026-09-08 06:05:00,6,5,1,0,4.4425,0.029,0.0012
2026-09-08 06:06:00,6,6,1,0,8.7265,0.007,0.0011
2026-09-08 06:07:00,6,7,1,0,4.5916,0.017,0.0006
2026-09-08 06:08:00,6,8,1,0,9.325,0.02,0.0011
2026-09-08 06:09:00,6,9,1,0,8.4087,0.021,0.001
2026-09-08 06:10:00,6,10,1,0,6.9199,0.028,0.0002
2026-09-08 06:11:00,6,11,1,0,5.5506,0.04,0.0013
2026-09-08 06:12:00,6,12,1,0,8.1282,0.032,0.0019
2026-09-08 06:13:00,6,13,1,0,5.2076,0.02,0.0005
2026-09-08 06:14:00,6,14,1,0,7.0311,0.043,0.0011
2026-09-08 06:15:00,6,15,1,0,6.8631,0.01,0.0004
2026-09-08 06:16:00,6,16,1,0,5.3685,0.037,0.0007
2026-09-08 06:17:00,6,17,1,0,5.1734,0.013,0.0012
2026-09-08 06:18:00,6,18,1,0,5.1816,0.023,0.0013
2026-09-08 06:19:00,6,19,1,0,7.2291,0.024,0.001
2026-09-08 06:20:00,6,20,1,0,8.6992,0.034,0.001
2026-09-08 06:21:00,6,21,1,1,7.3953,0.033,0.0013
2026-09-08 06:22:00,6,22,1,0,8.3829,0.002,0.0005
2026-09-08 06:23:00,6,23,1,0,6.7928,0.044,0.0004
2026-09-08 06:24:00,6,24,1,0,4.626,0.011,0.0007
2026-09-08 06:25:00,6,25,1,0,6.5309,0.036,0.0001
2026-09-08 06:26:00,6,26,1,0,7.863,0.017,0.0001
2026-09-08 06:27:00,6,27,1,0,4.0716,0.003,0.0012
2026-09-08 06:28:00,6,28,1,0,8.0513,0.017,0.0002
2026-09-08 06:29:00,6,29,1,1,7.8091,0.021,0.0015
2026-09-08 06:30:00,6,30,1,0,8.8887,0.042,0.0012
2026-09-08 06:31:00,6,31,1,0,8.3842,0.008,0.0009
2026-09-08 06:32:00,6,32,1,0,6.2415,0.035,0.0012
2026-09-08 06:33:00,6,33,1,0,6.1689,0.035,0.0007
2026-09-08 06:34:00,6,34,1,0,4.9658,0.012,0.0011
2026-09-08 06:35:00,6,35,1,0,6.2935,0.001,0.0001
2026-09-08 06:36:00,6,36,1,0,4.2343,0.034,0.0005
2026-09-08 06:37:00,6,37,1,0,5.0669,0.024,0.0014
2026-09-08 06:38:00,6,38,1,1,6.4698,0.02,0.0002
2026-09-08 06:39:00,6,39,1,0,6.2105,0.011,0.0017
2026-09-08 06:40:00,6,40,1,0,5.8318,0.02,0.0001
2026-09-08 06:41:00,6,41,1,0,8.8973,0.017,0.0015
2026-09-08 06:42:00,6,42,1,0,7.946,0.024,0.0007
2026-09-08 06:43:00,6,43,1,0,9.4581,0.001,0.0007
2026-09-08 06:44:00,6,44,1,0,5.7823,0.004,0.0009
2026-09-08 06:45:00,6,45,1,0,9.0307,0.024,0.0008
2026-09-08 06:46:00,6,46,1,0,6.4773,0.031,0.0
2026-09-08 06:47:00,6,47,1,0,7.6098,0.029,0.0008
2026-09-08 06:48:00,6,48,1,0,6.8756,0.008,0.001
2026-09-08 06:49:00,6,49,1,0,9.4952,0.026,0.0001
2026-09-08 06:50:00,6,50,1,0,5.6516,0.0,0.0018
2026-09-08 06:51:00,6,51,1,1,8.0358,0.039,0.0008
2026-09-08 06:52:00,6,52,1,0,4.382,0.038,0.001
2026-09-08 06:53:00,6,53,1,0,9.4542,0.022,0.0003
2026-09-08 06:54:00,6,54,1,1,4.4502,0.023,0.0019
2026-09-08 06:55:00,6,55,1,0,5.7429,0.015,0.0005
2026-09-08 06:56:00,6,56,1,0,8.7779,0.015,0.0003
2026-09-08 06:57:00,6,57,1,0,4.1587,0.007,0.0005
2026-09-08 06:58:00,6,58,1,0,5.4898,0.038,0.0019
2026-09-08 06:59:00,6,59,1,0,6.0313,0.039,0.001
2026-09-08 07:00:00,7,0,1,3,11.3226,0.009,0.0016
2026-09-08 07:01:00,7,1,1,3,9.1118,0.023,0.0017
2026-09-08 07:02:00,7,2,1,1,14.441,0.008,0.0015
2026-09-08 07:03:00,7,3,1,2,11.6508,0.046,0.0021
2026-09-08 07:04:00,7,4,1,1,9.8421,0.0,0.0021
2026-09-08 07:05:00,7,5,1,2,12.5983,0.014,0.0017
2026-09-08 07:06:00,7,6,1,3,9.1773,0.002,0.0008
2026-09-08 07:07:00,7,7,1,2,10.9656,0.009,0.0
2026-09-08 07:08:00,7,8,1,2,10.8064,0.031,0.0018
2026-09-08 07:09:00,7,9,1,2,13.4273,0.023,0.0024
2026-09-08 07:10:00,7,10,1,1,10.9035,0.038,0.0003
2026-09-08 07:11:00,7,11,1,2,14.3894,0.007,0.0023
2026-09-08 07:12:00,7,12,1,2,9.6681,0.015,0.0025
2026-09-08 07:13:00,7,13,1,2,12.1712,0.039,0.0001
2026-09-08 07:14:00,7,14,1,1,12.8971,0.034,0.0026
2026-09-08 07:15:00,7,15,1,2,11.8616,0.026,0.0016
2026-09-08 07:16:00,7,16,1,1,9.4592,0.023,0.0018
2026-09-08 07:17:00,7,17,1,1,12.6784,0.052,0.0008
2026-09-08 07:18:00,7,18,1,1,13.0399,0.015,0.0003
2026-09-08 07:19:00,7,19,1,1,13.6183,0.036,0.0
2026-09-08 07:20:00,7,20,1,1,9.9797,0.019,0.0011
2026-09-08 07:21:00,7,21,1,3,11.3147,0.044,0.0023
2026-09-08 07:22:00,7,22,1,1,11.5427,0.048,0.0001
2026-09-08 07:23:00,7,23,1,3,13.6869,0.021,0.0009
2026-09-08 07:24:00,7,24,1,2,9.8478,0.031,0.0022
2026-09-08 07:25:00,7,25,1,3,10.78,0.014,0.0
2026-09-08 07:26:00,7,26,1,2,9.307,0.022,0.0018
2026-09-08 07:27:00,7,27,1,1,13.7346,0.034,0.0023
2026-09-08 07:28:00,7,28,1,2,13.0285,0.02,0.0011
2026-09-08 07:29:00,7,29,1,1,9.7214,0.025,0.0002
2026-09-08 07:30:00,7,30,1,1,9.7173,0.034,0.0009
2026-09-08 07:31:00,7,31,1,3,9.6867,0.033,0.0013
2026-09-08 07:32:00,7,32,1,2,11.7037,0.011,0.0006
2026-09-08 07:33:00,7,33,1,3,12.8038,0.001,0.002
2026-09-08 07:34:00,7,34,1,3,10.2614,0.006,0.002
2026-09-08 07:35:00,7,35,1,3,13.1668,0.041,0.0021
2026-09-08 07:36:00,7,36,1,2,9.4067,0.014,0.0001
2026-09-08 07:37:00,7,37,1,2,11.6164,0.022,0.0025
2026-09-08 07:38:00,7,38,1,1,14.0357,0.047,0.0025
2026-09-08 07:39:00,7,39,1,2,10.0418,0.014,0.0001
2026-09-08 07:40:00,7,40,1,2,11.2879,0.021,0.0015
2026-09-08 07:41:00,7,41,1,2,12.2011,0.022,0.0023
2026-09-08 07:42:00,7,42,1,2,9.5103,0.042,0.0023
2026-09-08 07:43:00,7,43,1,1,11.6541,0.011,0.0006
2026-09-08 07:44:00,7,44,1,3,11.9409,0.003,0.0016
2026-09-08 07:45:00,7,45,1,1,13.8516,0.0,0.0021
2026-09-08 07:46:00,7,46,1,2,13.3326,0.024,0.0017
2026-09-08 07:47:00,7,47,1,2,14.48,0.039,0.0008
2026-09-08 07:48:00,7,48,1,1,13.7675,0.048,0.0021
2026-09-08 07:49:00,7,49,1,1,9.1238,0.01,0.0004
2026-09-08 07:50:00,7,50,1,2,13.0588,0.009,0.0016
2026-09-08 07:51:00,7,51,1,1,9.7972,0.028,0.0008
2026-09-08 07:52:00,7,52,1,1,9.8316,0.014,0.0005
2026-09-08 07:53:00,7,53,1,1,13.817,0.019,0.0014
2026-09-08 07:54:00,7,54,1,3,14.1119,0.034,0.0002
2026-09-08 07:55:00,7,55,1,1,9.4155,0.049,0.0008
2026-09-08 07:56:00,7,56,1,2,13.5516,0.051,0.002
2026-09-08 07:57:00,7,57,1,1,12.078,0.047,0.0018
2026-09-08 07:58:00,7,58,1,1,9.0798,0.045,0.0019
2026-09-08 07:59:00,7,59,1,2,13.3257,0.034,0.002
2026-09-08 08:00:00,8,0,1,5,38.8349,0.346,0.0397
2026-09-08 08:01:00,8,1,1,5,48.7417,0.789,0.0135
2026-09-08 08:02:00,8,2,1,4,17.2508,1.292,0.0103
2026-09-08 08:03:00,8,3,1,5,23.1166,0.2,0.057
2026-09-08 08:04:00,8,4,1,4,44.9764,1.083,0.0424
2026-09-08 08:05:00,8,5,1,4,46.4393,0.2,0.0621
2026-09-08 08:06:00,8,6,1,5,29.2349,1.207,0.0328
2026-09-08 08:07:00,8,7,1,4,57.7422,0.389,0.0479
2026-09-08 08:08:00,8,8,1,4,22.1469,0.353,0.0402
2026-09-08 08:09:00,8,9,1,5,51.518,0.824,0.0322
2026-09-08 08:10:00,8,10,1,4,32.9268,0.534,0.032
2026-09-08 08:11:00,8,11,1,5,64.9533,0.773,0.0121
2026-09-08 08:12:00,8,12,1,3,34.7654,0.787,0.0629
2026-09-08 08:13:00,8,13,1,3,59.3712,0.32,0.0169
2026-09-08 08:14:00,8,14,1,5,20.8087,0.387,0.0484
2026-09-08 08:15:00,8,15,1,2,14.1745,0.035,0.0002
2026-09-08 08:16:00,8,16,1,1,11.6913,0.032,0.001
2026-09-08 08:17:00,8,17,1,2,9.8185,0.038,0.0003
2026-09-08 08:18:00,8,18,1,2,13.4323,0.011,0.0008
2026-09-08 08:19:00,8,19,1,2,13.4977,0.015,0.0012
2026-09-08 08:20:00,8,20,1,1,13.7277,0.018,0.0015
2026-09-08 08:21:00,8,21,1,1,10.8683,0.046,0.0019
2026-09-08 08:22:00,8,22,1,1,13.1686,0.012,0.001
2026-09-08 08:23:00,8,23,1,1,12.3845,0.041,0.0002
2026-09-08 08:24:00,8,24,1,2,10.5713,0.015,0.0004
2026-09-08 08:25:00,8,25,1,2,12.2221,0.015,0.0017
2026-09-08 08:26:00,8,26,1,3,11.8916,0.04,0.0008
2026-09-08 08:27:00,8,27,1,1,10.8257,0.029,0.0024
2026-09-08 08:28:00,8,28,1,2,10.2271,0.023,0.0002
2026-09-08 08:29:00,8,29,1,2,12.2085,0.005,0.0018
2026-09-08 08:30:00,8,30,1,1,14.3352,0.0,0.001
2026-09-08 08:31:00,8,31,1,1,14.3966,0.004,0.002
2026-09-08 08:32:00,8,32,1,2,12.3066,0.032,0.0025
2026-09-08 08:33:00,8,33,1,1,9.7786,0.004,0.0001
2026-09-08 08:34:00,8,34,1,3,14.2041,0.014,0.0006
2026-09-08 08:35:00,8,35,1,2,9.6645,0.009,0.0022
2026-09-08 08:36:00,8,36,1,1,12.3944,0.037,0.0019
2026-09-08 08:37:00,8,37,1,1,9.3789,0.011,0.0019
2026-09-08 08:38:00,8,38,1,1,12.3194,0.007,0.0011
2026-09-08 08:39:00,8,39,1,1,12.531,0.0,0.001
2026-09-08 08:40:00,8,40,1,1,10.3318,0.008,0.0004
2026-09-08 08:41:00,8,41,1,2,12.5352,0.028,0.0005
2026-09-08 08:42:00,8,42,1,2,10.8977,0.045,0.0007
2026-09-08 08:43:00,8,43,1,2,9.6142,0.031,0.0001
2026-09-08 08:44:00,8,44,1,1,14.1674,0.034,0.0007
2026-09-08 08:45:00,8,45,1,2,13.3321,0.038,0.0021
2026-09-08 08:46:00,8,46,1,2,13.0188,0.042,0.0023
2026-09-08 08:47:00,8,47,1,1,9.2489,0.007,0.0019
2026-09-08 08:48:00,8,48,1,1,12.1223,0.026,0.002
2026-09-08 08:49:00,8,49,1,1,12.0506,0.049,0.0015
2026-09-08 08:50:00,8,50,1,1,10.1143,0.023,0.0001
2026-09-08 08:51:00,8,51,1,1,12.2601,0.005,0.0015
2026-09-08 08:52:00,8,52,1,2,12.3953,0.03,0.0012
2026-09-08 08:53:00,8,53,1,3,14.41,0.042,0.002
2026-09-08 08:54:00,8,54,1,3,11.0513,0.023,0.0012
2026-09-08 08:55:00,8,55,1,1,9.0041,0.002,0.0004
2026-09-08 08:56:00,8,56,1,1,12.0688,0.044,0.0006
2026-09-08 08:57:00,8,57,1,1,10.2375,0.039,0.0002
2026-09-08 08:58:00,8,58,1,2,13.3679,0.028,0.0017
2026-09-08 08:59:00,8,59,1,1,9.4107,0.011,0.0008
2026-09-08 09:00:00,9,0,1,1,10.1856,0.044,0.0007
2026-09-08 09:01:00,9,1,1,2,9.6347,0.019,0.0011
2026-09-08 09:02:00,9,2,1,2,10.8728,0.048,0.0023
2026-09-08 09:03:00,9,3,1,2,11.6295,0.037,0.0004
2026-09-08 09:04:00,9,4,1,1,9.3181,0.018,0.0015
2026-09-08 09:05:00,9,5,1,2,12.3496,0.016,0.0018
2026-09-08 09:06:00,9,6,1,2,11.7722,0.042,0.0011
2026-09-08 09:07:00,9,7,1,2,11.7285,0.014,0.0018
2026-09-08 09:08:00,9,8,1,2,13.6134,0.028,0.0012
2026-09-08 09:09:00,9,9,1,3,14.4851,0.03,0.0025
2026-09-08 09:10:00,9,10,1,2,12.4821,0.046,0.0019
2026-09-08 09:11:00,9,11,1,2,11.9505,0.029,0.0003
2026-09-08 09:12:00,9,12,1,2,10.9755,0.034,0.0002
2026-09-08 09:13:00,9,13,1,3,14.1461,0.019,0.0007
2026-09-08 09:14:00,9,14,1,1,9.6628,0.051,0.0006
2026-09-08 09:15:00,9,15,1,2,10.1567,0.046,0.0006
2026-09-08 09:16:00,9,16,1,1,13.3507,0.039,0.002
2026-09-08 09:17:00,9,17,1,2,10.0738,0.037,0.0004
2026-09-08 09:18:00,9,18,1,1,10.3023,0.025,0.001
2026-09-08 09:19:00,9,19,1,3,14.0224,0.033,0.0025
2026-09-08 09:20:00,9,20,1,2,10.2046,0.018,0.0007
2026-09-08 09:21:00,9,21,1,1,10.1213,0.018,0.0019
2026-09-08 09:22:00,9,22,1,2,11.1287,0.033,0.0005
2026-09-08 09:23:00,9,23,1,3,12.9627,0.033,0.0003
2026-09-08 09:24:00,9,24,1,1,9.3717,0.029,0.0009
2026-09-08 09:25:00,9,25,1,1,13.5791,0.04,0.0014
2026-09-08 09:26:00,9,26,1,2,12.0951,0.019,0.0008
2026-09-08 09:27:00,9,27,1,2,13.5561,0.009,0.0001
2026-09-08 09:28:00,9,28,1,1,9.7243,0.009,0.0008
2026-09-08 09:29:00,9,29,1,2,12.6172,0.017,0.0001
2026-09-08 09:30:00,9,30,1,1,12.164,0.038,0.0011
2026-09-08 09:31:00,9,31,1,2,11.6797,0.022,0.0006
2026-09-08 09:32:00,9,32,1,2,13.8055,0.013,0.0011
2026-09-08 09:33:00,9,33,1,3,13.563,0.049,0.0009
2026-09-08 09:34:00,9,34,1,3,12.4653,0.018,0.0017
2026-09-08 09:35:00,9,35,1,1,10.3096,0.007,0.0002
2026-09-08 09:36:00,9,36,1,2,14.2719,0.005,0.0014
2026-09-08 09:37:00,9,37,1,1,9.1433,0.006,0.0017
2026-09-08 09:38:00,9,38,1,2,10.1462,0.01,0.0026
2026-09-08 09:39:00,9,39,1,3,11.4141,0.028,0.0025
2026-09-08 09:40:00,9,40,1,3,11.8245,0.02,0.0004
2026-09-08 09:41:00,9,41,1,2,13.4833,0.009,0.0003
2026-09-08 09:42:00,9,42,1,1,10.2289,0.017,0.0018
2026-09-08 09:43:00,9,43,1,2,13.9377,0.05,0.0013
2026-09-08 09:44:00,9,44,1,2,11.0616,0.028,0.0008
2026-09-08 09:45:00,9,45,1,1,10.9746,0.007,0.0023
2026-09-08 09:46:00,9,46,1,1,11.0723,0.029,0.0015
2026-09-08 09:47:00,9,47,1,3,10.8902,0.036,0.0014
2026-09-08 09:48:00,9,48,1,2,10.0622,0.042,0.0015
2026-09-08 09:49:00,9,49,1,1,13.01,0.015,0.0005
2026-09-08 09:50:00,9,50,1,1,14.1706,0.04,0.0004
2026-09-08 09:51:00,9,51,1,1,13.1805,0.012,0.0012
2026-09-08 09:52:00,9,52,1,1,9.6725,0.0,0.0005
2026-09-08 09:53:00,9,53,1,2,11.0066,0.012,0.0005
2026-09-08 09:54:00,9,54,1,1,13.9553,0.024,0.0004
2026-09-08 09:55:00,9,55,1,1,12.9481,0.017,0.0006
2026-09-08 09:56:00,9,56,1,3,11.8347,0.05,0.0018
2026-09-08 09:57:00,9,57,1,1,14.2851,0.015,0.0015
2026-09-08 09:58:00,9,58,1,2,11.9361,0.017,0.0024
2026-09-08 09:59:00,9,59,1,2,12.5858,0.01,0.0017
2026-09-08 10:00:00,10,0,1,5,36.091,0.79,0.0463
2026-09-08 10:01:00,10,1,1,3,19.5208,0.447,0.0124
2026-09-08 10:02:00,10,2,1,4,50.3232,0.435,0.0596
2026-09-08 10:03:00,10,3,1,5,60.3457,0.398,0.036
2026-09-08 10:04:00,10,4,1,4,30.4011,1.215,0.0109
2026-09-08 10:05:00,10,5,1,4,50.2415,0.663,0.0357
2026-09-08 10:06:00,10,6,1,5,56.1201,1.013,0.0402
2026-09-08 10:07:00,10,7,1,4,26.0082,0.834,0.0308
2026-09-08 10:08:00,10,8,1,4,29.7667,0.162,0.0552
2026-09-08 10:09:00,10,9,1,4,45.4375,0.866,0.0546
2026-09-08 10:10:00,10,10,1,3,54.5129,0.501,0.0266
2026-09-08 10:11:00,10,11,1,4,29.9547,1.083,0.0413
2026-09-08 10:12:00,10,12,1,3,32.9763,0.51,0.0132
2026-09-08 10:13:00,10,13,1,5,48.4045,0.3,0.0358
2026-09-08 10:14:00,10,14,1,4,20.6554,1.03,0.0432
2026-09-08 10:15:00,10,15,1,1,14.2022,0.034,0.0021
2026-09-08 10:16:00,10,16,1,3,9.8372,0.044,0.0022
2026-09-08 10:17:00,10,17,1,1,11.2265,0.002,0.0015
2026-09-08 10:18:00,10,18,1,2,14.4388,0.025,0.0014
2026-09-08 10:19:00,10,19,1,2,13.2674,0.049,0.0018
2026-09-08 10:20:00,10,20,1,2,9.5404,0.039,0.0017
2026-09-08 10:21:00,10,21,1,3,13.08,0.034,0.0007
2026-09-08 10:22:00,10,22,1,1,13.1271,0.003,0.0012
2026-09-08 10:23:00,10,23,1,3,12.5265,0.04,0.0007
2026-09-08 10:24:00,10,24,1,1,13.1676,0.016,0.0004
2026-09-08 10:25:00,10,25,1,1,11.1318,0.001,0.0008
2026-09-08 10:26:00,10,26,1,1,12.1655,0.031,0.0019
2026-09-08 10:27:00,10,27,1,2,11.4974,0.033,0.0008
2026-09-08 10:28:00,10,28,1,1,11.7859,0.046,0.0023
2026-09-08 10:29:00,10,29,1,3,12.6145,0.02,0.0012
2026-09-08 10:30:00,10,30,1,1,12.9078,0.013,0.0007
2026-09-08 10:31:00,10,31,1,2,10.3339,0.01,0.0011
2026-09-08 10:32:00,10,32,1,2,10.3903,0.034,0.0025
2026-09-08 10:33:00,10,33,1,3,14.0123,0.034,0.0005
2026-09-08 10:34:00,10,34,1,2,10.1119,0.032,0.0001
2026-09-08 10:35:00,10,35,1,1,12.3853,0.014,0.0005
2026-09-08 10:36:00,10,36,1,2,10.2904,0.04,0.0006
2026-09-08 10:37:00,10,37,1,3,11.9149,0.024,0.0015
2026-09-08 10:38:00,10,38,1,3,9.2426,0.014,0.0009
2026-09-08 10:39:00,10,39,1,3,13.1368,0.013,0.001
2026-09-08 10:40:00,10,40,1,3,11.0475,0.033,0.0008
2026-09-08 10:41:00,10,41,1,1,14.2428,0.015,0.0014
2026-09-08 10:42:00,10,42,1,2,13.985,0.051,0.0013
2026-09-08 10:43:00,10,43,1,1,12.0448,0.031,0.0016
2026-09-08 10:44:00,10,44,1,1,9.1882,0.003,0.0006
2026-09-08 10:45:00,10,45,1,3,13.144,0.027,0.0026
2026-09-08 10:46:00,10,46,1,1,14.1028,0.032,0.0025
2026-09-08 10:47:00,10,47,1,1,11.5563,0.039,0.002
2026-09-08 10:48:00,10,48,1,1,12.3186,0.002,0.0006
2026-09-08 10:49:00,10,49,1,1,14.445,0.028,0.0021
2026-09-08 10:50:00,10,50,1,1,14.4412,0.014,0.0018
2026-09-08 10:51:00,10,51,1,3,11.718,0.016,0.0009
2026-09-08 10:52:00,10,52,1,3,12.5434,0.028,0.0009
2026-09-08 10:53:00,10,53,1,1,9.6647,0.029,0.0024
2026-09-08 10:54:00,10,54,1,3,12.6545,0.031,0.0007
2026-09-08 10:55:00,10,55,1,1,9.7518,0.041,0.0016
2026-09-08 10:56:00,10,56,1,2,10.6842,0.033,0.0023
2026-09-08 10:57:00,10,57,1,2,9.5867,0.048,0.0017
2026-09-08 10:58:00,10,58,1,1,12.8625,0.011,0.0001
2026-09-08 10:59:00,10,59,1,2,10.7166,0.021,0.0005
2026-09-08 11:00:00,11,0,1,2,13.4161,0.006,0.001
2026-09-08 11:01:00,11,1,1,2,12.915,0.023,0.0016
2026-09-08 11:02:00,11,2,1,1,9.4733,0.048,0.0014
2026-09-08 11:03:00,11,3,1,1,11.9417,0.009,0.0025
2026-09-08 11:04:00,11,4,1,2,10.9411,0.04,0.0018
2026-09-08 11:05:00,11,5,1,2,12.4028,0.007,0.0015
2026-09-08 11:06:00,11,6,1,2,12.6941,0.03,0.0019
2026-09-08 11:07:00,11,7,1,3,11.3014,0.031,0.0025
2026-09-08 11:08:00,11,8,1,1,11.3449,0.016,0.002
2026-09-08 11:09:00,11,9,1,2,9.4992,0.039,0.0003
2026-09-08 11:10:00,11,10,1,1,13.3506,0.036,0.0005
2026-09-08 11:11:00,11,11,1,2,13.3501,0.007,0.0023
2026-09-08 11:12:00,11,12,1,3,12.3926,0.043,0.0016
2026-09-08 11:13:00,11,13,1,2,12.3893,0.015,0.0022
2026-09-08 11:14:00,11,14,1,1,9.6245,0.048,0.0007
2026-09-08 11:15:00,11,15,1,3,12.4646,0.026,0.0015
2026-09-08 11:16:00,11,16,1,1,9.1828,0.051,0.0011
2026-09-08 11:17:00,11,17,1,1,13.9671,0.043,0.0003
2026-09-08 11:18:00,11,18,1,1,10.2326,0.034,0.0013
2026-09-08 11:19:00,11,19,1,2,9.3721,0.037,0.0025
2026-09-08 11:20:00,11,20,1,3,9.7943,0.018,0.0001
2026-09-08 11:21:00,11,21,1,1,9.6014,0.015,0.0021
2026-09-08 11:22:00,11,22,1,2,13.7484,0.034,0.0026
2026-09-08 11:23:00,11,23,1,2,12.7143,0.044,0.0007
2026-09-08 11:24:00,11,24,1,1,11.8775,0.014,0.001
2026-09-08 11:25:00,11,25,1,2,14.0512,0.012,0.0006
2026-09-08 11:26:00,11,26,1,1,11.9393,0.001,0.0008
2026-09-08 11:27:00,11,27,1,3,10.8137,0.043,0.0021
2026-09-08 11:28:00,11,28,1,2,13.3985,0.052,0.0024
2026-09-08 11:29:00,11,29,1,1,9.0491,0.034,0.0007
2026-09-08 11:30:00,11,30,1,3,13.8281,0.007,0.0021
2026-09-08 11:31:00,11,31,1,3,12.8111,0.012,0.0007
2026-09-08 11:32:00,11,32,1,1,14.1866,0.041,0.002
2026-09-08 11:33:00,11,33,1,2,14.1332,0.041,0.0003
2026-09-08 11:34:00,11,34,1,2,10.1562,0.026,0.0016
2026-09-08 11:35:00,11,35,1,1,13.3495,0.048,0.0008
2026-09-08 11:36:00,11,36,1,1,10.5167,0.012,0.001
2026-09-08 11:37:00,11,37,1,2,9.902,0.042,0.002
2026-09-08 11:38:00,11,38,1,3,10.887,0.039,0.0018
2026-09-08 11:39:00,11,39,1,1,11.5814,0.021,0.0012
2026-09-08 11:40:00,11,40,1,3,13.8946,0.033,0.0016
2026-09-08 11:41:00,11,41,1,1,13.0599,0.047,0.0012
2026-09-08 11:42:00,11,42,1,3,13.6043,0.021,0.0021
2026-09-08 11:43:00,11,43,1,1,14.3175,0.036,0.0012
2026-09-08 11:44:00,11,44,1,1,11.8782,0.029,0.0017
2026-09-08 11:45:00,11,45,1,1,12.0867,0.0,0.0019
2026-09-08 11:46:00,11,46,1,2,14.4569,0.015,0.0023
2026-09-08 11:47:00,11,47,1,1,14.4225,0.028,0.0014
2026-09-08 11:48:00,11,48,1,1,10.3504,0.027,0.0026
2026-09-08 11:49:00,11,49,1,2,11.2615,0.006,0.0008
2026-09-08 11:50:00,11,50,1,1,9.6041,0.019,0.0002
2026-09-08 11:51:00,11,51,1,2,12.6907,0.052,0.0003
2026-09-08 11:52:00,11,52,1,1,9.2256,0.017,0.0025
2026-09-08 11:53:00,11,53,1,1,14.3933,0.019,0.0005
2026-09-08 11:54:00,11,54,1,1,13.7661,0.029,0.0017
2026-09-08 11:55:00,11,55,1,3,9.2852,0.051,0.0007
2026-09-08 11:56:00,11,56,1,3,9.8263,0.013,0.001
2026-09-08 11:57:00,11,57,1,2,11.6954,0.034,0.0022
2026-09-08 11:58:00,11,58,1,1,11.5458,0.022,0.0002
2026-09-08 11:59:00,11,59,1,1,12.5689,0.022,0.0011
2026-09-08 12:00:00,12,0,1,5,45.1528,0.563,0.0418
2026-09-08 12:01:00,12,1,1,5,47.9643,0.866,0.025
2026-09-08 12:02:00,12,2,1,5,29.9033,0.872,0.0336
2026-09-08 12:03:00,12,3,1,4,39.1026,0.848,0.0134
2026-09-08 12:04:00,12,4,1,5,48.7517,0.585,0.0614
2026-09-08 12:05:00,12,5,1,5,59.2975,1.114,0.0459
2026-09-08 12:06:00,12,6,1,4,45.1874,1.137,0.0236
2026-09-08 12:07:00,12,7,1,4,37.3383,1.137,0.0336
2026-09-08 12:08:00,12,8,1,3,57.6584,0.39,0.0442
2026-09-08 12:09:00,12,9,1,3,57.5477,1.034,0.0627
2026-09-08 12:10:00,12,10,1,5,57.8301,0.694,0.028
2026-09-08 12:11:00,12,11,1,3,39.7176,0.887,0.0413
2026-09-08 12:12:00,12,12,1,4,41.8432,0.902,0.0208
2026-09-08 12:13:00,12,13,1,4,25.7364,0.488,0.027
2026-09-08 12:14:00,12,14,1,4,34.0547,0.906,0.0156
2026-09-08 12:15:00,12,15,1,2,12.2244,0.023,0.0005
2026-09-08 12:16:00,12,16,1,1,12.5022,0.007,0.0006
2026-09-08 12:17:00,12,17,1,3,11.5307,0.019,0.0001
2026-09-08 12:18:00,12,18,1,2,10.2183,0.008,0.0002
2026-09-08 12:19:00,12,19,1,2,13.3843,0.004,0.0013
2026-09-08 12:20:00,12,20,1,1,12.8912,0.009,0.0019
2026-09-08 12:21:00,12,21,1,2,12.473,0.018,0.0004
2026-09-08 12:22:00,12,22,1,3,12.7235,0.033,0.0022
2026-09-08 12:23:00,12,23,1,3,12.5067,0.028,0.0016
2026-09-08 12:24:00,12,24,1,2,10.1482,0.039,0.0015
2026-09-08 12:25:00,12,25,1,2,11.9623,0.041,0.0004
2026-09-08 12:26:00,12,26,1,1,9.643,0.012,0.0024
2026-09-08 12:27:00,12,27,1,3,9.4213,0.019,0.0016
2026-09-08 12:28:00,12,28,1,1,10.9243,0.013,0.0023
2026-09-08 12:29:00,12,29,1,2,13.2568,0.042,0.0019
2026-09-08 12:30:00,12,30,1,1,11.7775,0.014,0.0013
2026-09-08 12:31:00,12,31,1,2,10.0035,0.051,0.0025
2026-09-08 12:32:00,12,32,1,1,11.0956,0.04,0.0018
2026-09-08 12:33:00,12,33,1,1,11.9815,0.008,0.0025
2026-09-08 12:34:00,12,34,1,2,11.9208,0.005,0.0004
2026-09-08 12:35:00,12,35,1,1,13.3443,0.003,0.0024
2026-09-08 12:36:00,12,36,1,2,9.6322,0.026,0.0026
2026-09-08 12:37:00,12,37,1,1,9.3977,0.045,0.0018
2026-09-08 12:38:00,12,38,1,2,9.9988,0.014,0.0006
2026-09-08 12:39:00,12,39,1,3,10.8732,0.015,0.0007
2026-09-08 12:40:00,12,40,1,2,9.0524,0.016,0.0001
2026-09-08 12:41:00,12,41,1,2,14.2681,0.033,0.0013
2026-09-08 12:42:00,12,42,1,1,12.1238,0.013,0.002
2026-09-08 12:43:00,12,43,1,3,12.8509,0.005,0.0021
2026-09-08 12:44:00,12,44,1,1,11.3277,0.023,0.0004
2026-09-08 12:45:00,12,45,1,3,13.5225,0.006,0.0023
2026-09-08 12:46:00,12,46,1,2,14.0749,0.016,0.0015
2026-09-08 12:47:00,12,47,1,1,9.8723,0.007,0.0026
2026-09-08 12:48:00,12,48,1,3,12.1332,0.05,0.001
2026-09-08 12:49:00,12,49,1,1,14.3983,0.021,0.0015
2026-09-08 12:50:00,12,50,1,3,11.2316,0.015,0.001
2026-09-08 12:51:00,12,51,1,2,10.8317,0.044,0.0002
2026-09-08 12:52:00,12,52,1,1,11.5488,0.047,0.0019
2026-09-08 12:53:00,12,53,1,2,13.4442,0.024,0.0017
2026-09-08 12:54:00,12,54,1,1,11.914,0.034,0.0015
2026-09-08 12:55:00,12,55,1,1,11.775,0.05,0.0025
2026-09-08 12:56:00,12,56,1,1,12.8629,0.05,0.0009
2026-09-08 12:57:00,12,57,1,1,9.6999,0.035,0.0012
2026-09-08 12:58:00,12,58,1,3,9.0469,0.011,0.0005
2026-09-08 12:59:00,12,59,1,2,10.2364,0.012,0.0012
2026-09-08 13:00:00,13,0,1,3,13.3334,0.003,0.0006
2026-09-08 13:01:00,13,1,1,1,11.4339,0.043,0.0019
2026-09-08 13:02:00,13,2,1,1,9.7033,0.042,0.0004
2026-09-08 13:03:00,13,3,1,1,11.0359,0.038,0.0001
2026-09-08 13:04:00,13,4,1,1,14.2123,0.028,0.0025
2026-09-08 13:05:00,13,5,1,1,14.1903,0.014,0.0014
2026-09-08 13:06:00,13,6,1,2,10.2488,0.008,0.0002
2026-09-08 13:07:00,13,7,1,1,13.4654,0.03,0.0017
2026-09-08 13:08:00,13,8,1,1,13.2817,0.015,0.0026
2026-09-08 13:09:00,13,9,1,2,13.0358,0.02,0.0003
2026-09-08 13:10:00,13,10,1,2,10.34,0.05,0.0023
2026-09-08 13:11:00,13,11,1,1,11.2484,0.017,0.0011
2026-09-08 13:12:00,13,12,1,1,12.6283,0.03,0.0013
2026-09-08 13:13:00,13,13,1,3,14.3192,0.003,0.0022
2026-09-08 13:14:00,13,14,1,1,14.1482,0.017,0.0024
2026-09-08 13:15:00,13,15,1,3,13.392,0.029,0.0011
2026-09-08 13:16:00,13,16,1,1,12.4175,0.026,0.0008
2026-09-08 13:17:00,13,17,1,2,14.0073,0.001,0.0014
2026-09-08 13:18:00,13,18,1,2,11.6696,0.041,0.0001
2026-09-08 13:19:00,13,19,1,3,14.1397,0.035,0.0005
2026-09-08 13:20:00,13,20,1,2,13.0638,0.051,0.0022
2026-09-08 13:21:00,13,21,1,1,9.066,0.036,0.0012
2026-09-08 13:22:00,13,22,1,3,9.6535,0.018,0.0003
2026-09-08 13:23:00,13,23,1,1,10.5303,0.029,0.0012
2026-09-08 13:24:00,13,24,1,1,12.5164,0.03,0.0002
2026-09-08 13:25:00,13,25,1,3,12.0177,0.029,0.002
2026-09-08 13:26:00,13,26,1,3,10.9843,0.015,0.0008
2026-09-08 13:27:00,13,27,1,1,14.3292,0.026,0.0012
2026-09-08 13:28:00,13,28,1,2,10.2283,0.01,0.002
2026-09-08 13:29:00,13,29,1,3,9.3172,0.008,0.0008
2026-09-08 13:30:00,13,30,1,2,10.0771,0.022,0.0011
2026-09-08 13:31:00,13,31,1,1,13.3924,0.024,0.0017
2026-09-08 13:32:00,13,32,1,3,11.3731,0.03,0.0023
2026-09-08 13:33:00,13,33,1,1,11.0099,0.009,0.0019
2026-09-08 13:34:00,13,34,1,1,10.1994,0.025,0.0023
2026-09-08 13:35:00,13,35,1,3,11.2411,0.04,0.002
2026-09-08 13:36:00,13,36,1,1,11.2807,0.0,0.0024
2026-09-08 13:37:00,13,37,1,1,10.0132,0.022,0.0015
2026-09-08 13:38:00,13,38,1,1,11.5659,0.004,0.0006
2026-09-08 13:39:00,13,39,1,1,10.9987,0.044,0.0016
2026-09-08 13:40:00,13,40,1,2,10.5611,0.031,0.0007
2026-09-08 13:41:00,13,41,1,1,14.3012,0.018,0.0008
2026-09-08 13:42:00,13,42,1,1,14.2753,0.04,0.0005
2026-09-08 13:43:00,13,43,1,1,11.9256,0.049,0.0017
2026-09-08 13:44:00,13,44,1,2,9.7148,0.03,0.0008
2026-09-08 13:45:00,13,45,1,2,12.2174,0.011,0.0024
2026-09-08 13:46:00,13,46,1,2,14.3173,0.019,0.0016
2026-09-08 13:47:00,13,47,1,1,12.2614,0.051,0.001
2026-09-08 13:48:00,13,48,1,1,12.0269,0.025,0.0
2026-09-08 13:49:00,13,49,1,1,14.4382,0.034,0.0026
2026-09-08 13:50:00,13,50,1,3,12.6143,0.001,0.0006
2026-09-08 13:51:00,13,51,1,1,11.7874,0.051,0.0023
2026-09-08 13:52:00,13,52,1,1,10.4368,0.005,0.0001
2026-09-08 13:53:00,13,53,1,2,11.5895,0.05,0.0001
2026-09-08 13:54:00,13,54,1,1,13.6458,0.046,0.0025
2026-09-08 13:55:00,13,55,1,1,13.8446,0.039,0.0017
2026-09-08 13:56:00,13,56,1,1,13.6775,0.05,0.0004
2026-09-08 13:57:00,13,57,1,1,11.6565,0.036,0.0002
2026-09-08 13:58:00,13,58,1,2,9.5109,0.018,0.0019
2026-09-08 13:59:00,13,59,1,2,13.9993,0.028,0.001
2026-09-08 14:00:00,14,0,1,4,54.6913,0.444,0.0148
2026-09-08 14:01:00,14,1,1,4,43.7617,1.103,0.0342
2026-09-08 14:02:00,14,2,1,4,43.7482,1.05,0.0361
2026-09-08 14:03:00,14,3,1,3,41.2637,1.303,0.0309
2026-09-08 14:04:00,14,4,1,3,24.1609,1.142,0.019
2026-09-08 14:05:00,14,5,1,4,15.5663,0.857,0.0509
2026-09-08 14:06:00,14,6,1,4,56.0782,1.152,0.021
2026-09-08 14:07:00,14,7,1,3,28.2433,0.513,0.0249
2026-09-08 14:08:00,14,8,1,3,52.8465,1.313,0.0473
2026-09-08 14:09:00,14,9,1,4,61.5515,0.842,0.014
2026-09-08 14:10:00,14,10,1,4,30.4149,0.563,0.0314
2026-09-08 14:11:00,14,11,1,5,36.666,0.689,0.0151
2026-09-08 14:12:00,14,12,1,3,18.4171,0.435,0.0412
2026-09-08 14:13:00,14,13,1,4,17.1178,0.504,0.0303
2026-09-08 14:14:00,14,14,1,5,65.3371,0.325,0.035
2026-09-08 14:15:00,14,15,1,2,11.195,0.033,0.0005
2026-09-08 14:16:00,14,16,1,2,11.1456,0.007,0.0014
2026-09-08 14:17:00,14,17,1,2,13.6973,0.044,0.0023
2026-09-08 14:18:00,14,18,1,3,13.0461,0.014,0.0001
2026-09-08 14:19:00,14,19,1,2,11.5911,0.016,0.0018
2026-09-08 14:20:00,14,20,1,1,9.6659,0.043,0.0003
2026-09-08 14:21:00,14,21,1,1,12.9466,0.036,0.0024
2026-09-08 14:22:00,14,22,1,1,9.7183,0.03,0.0015
2026-09-08 14:23:00,14,23,1,2,14.1093,0.006,0.001
2026-09-08 14:24:00,14,24,1,2,10.9271,0.039,0.0021
2026-09-08 14:25:00,14,25,1,2,14.0421,0.044,0.0011
2026-09-08 14:26:00,14,26,1,2,11.0875,0.022,0.0016
2026-09-08 14:27:00,14,27,1,2,10.2023,0.032,0.0022
2026-09-08 14:28:00,14,28,1,3,11.2114,0.01,0.0006
2026-09-08 14:29:00,14,29,1,3,10.4889,0.039,0.0016
2026-09-08 14:30:00,14,30,1,3,11.8811,0.05,0.0024
2026-09-08 14:31:00,14,31,1,1,12.2102,0.022,0.0016
2026-09-08 14:32:00,14,32,1,1,12.3017,0.009,0.0015
2026-09-08 14:33:00,14,33,1,2,12.9452,0.021,0.0001
2026-09-08 14:34:00,14,34,1,3,9.6165,0.034,0.0012
2026-09-08 14:35:00,14,35,1,1,12.2326,0.042,0.0006
2026-09-08 14:36:00,14,36,1,1,11.328,0.025,0.0022
2026-09-08 14:37:00,14,37,1,2,10.5586,0.029,0.0001
2026-09-08 14:38:00,14,38,1,2,9.8741,0.0,0.0006
2026-09-08 14:39:00,14,39,1,1,10.3201,0.011,0.0013
2026-09-08 14:40:00,14,40,1,1,10.5109,0.046,0.0014
2026-09-08 14:41:00,14,41,1,3,10.7562,0.024,0.0008
2026-09-08 14:42:00,14,42,1,1,9.5701,0.019,0.0002
2026-09-08 14:43:00,14,43,1,1,13.7189,0.006,0.0015
2026-09-08 14:44:00,14,44,1,2,10.6323,0.038,0.0018
2026-09-08 14:45:00,14,45,1,2,10.5583,0.003,0.0004
2026-09-08 14:46:00,14,46,1,3,11.4014,0.034,0.0016
2026-09-08 14:47:00,14,47,1,2,10.6997,0.044,0.001
2026-09-08 14:48:00,14,48,1,3,9.9571,0.021,0.0022
2026-09-08 14:49:00,14,49,1,2,13.1135,0.039,0.0014
2026-09-08 14:50:00,14,50,1,1,11.6558,0.003,0.0021
2026-09-08 14:51:00,14,51,1,2,12.1335,0.016,0.0012
2026-09-08 14:52:00,14,52,1,1,9.598,0.019,0.0015
2026-09-08 14:53:00,14,53,1,1,11.5785,0.024,0.0016
2026-09-08 14:54:00,14,54,1,1,11.1219,0.002,0.0023
2026-09-08 14:55:00,14,55,1,1,12.7609,0.041,0.0004
2026-09-08 14:56:00,14,56,1,3,10.8777,0.048,0.002
2026-09-08 14:57:00,14,57,1,2,9.0198,0.0,0.0005
2026-09-08 14:58:00,14,58,1,3,10.7094,0.015,0.0024
2026-09-08 14:59:00,14,59,1,1,13.3357,0.019,0.0001
2026-09-08 15:00:00,15,0,1,3,10.9572,0.049,0.0005
2026-09-08 15:01:00,15,1,1,1,13.7857,0.051,0.0018
2026-09-08 15:02:00,15,2,1,2,12.6048,0.01,0.0025
2026-09-08 15:03:00,15,3,1,1,9.3356,0.043,0.0016
2026-09-08 15:04:00,15,4,1,1,13.828,0.012,0.0005
2026-09-08 15:05:00,15,5,1,3,10.9096,0.002,0.0023
2026-09-08 15:06:00,15,6,1,1,14.2617,0.05,0.0025
2026-09-08 15:07:00,15,7,1,2,13.7486,0.007,0.0013
2026-09-08 15:08:00,15,8,1,1,12.2227,0.004,0.0011
2026-09-08 15:09:00,15,9,1,1,13.2835,0.028,0.0022
2026-09-08 15:10:00,15,10,1,1,10.1438,0.035,0.0002
2026-09-08 15:11:00,15,11,1,1,12.0298,0.032,0.0009
2026-09-08 15:12:00,15,12,1,2,11.5497,0.014,0.002
2026-09-08 15:13:00,15,13,1,3,13.2678,0.009,0.0002
2026-09-08 15:14:00,15,14,1,1,12.9951,0.002,0.0023
2026-09-08 15:15:00,15,15,1,1,14.2743,0.048,0.0001
2026-09-08 15:16:00,15,16,1,1,11.8798,0.022,0.0016
2026-09-08 15:17:00,15,17,1,2,10.029,0.017,0.0025
2026-09-08 15:18:00,15,18,1,3,9.1499,0.02,0.002
2026-09-08 15:19:00,15,19,1,1,13.6211,0.003,0.0002
2026-09-08 15:20:00,15,20,1,3,12.0825,0.005,0.0019
2026-09-08 15:21:00,15,21,1,2,13.3964,0.001,0.0005
2026-09-08 15:22:00,15,22,1,2,11.6257,0.039,0.0025
2026-09-08 15:23:00,15,23,1,1,10.7395,0.006,0.0025
2026-09-08 15:24:00,15,24,1,2,10.2066,0.017,0.0018
2026-09-08 15:25:00,15,25,1,2,10.3858,0.021,0.001
2026-09-08 15:26:00,15,26,1,2,12.0639,0.038,0.0006
2026-09-08 15:27:00,15,27,1,1,13.7077,0.029,0.0017
2026-09-08 15:28:00,15,28,1,1,12.6387,0.003,0.0003
2026-09-08 15:29:00,15,29,1,1,12.2582,0.045,0.0019
2026-09-08 15:30:00,15,30,1,2,12.067,0.014,0.0005
2026-09-08 15:31:00,15,31,1,3,10.6719,0.037,0.0004
2026-09-08 15:32:00,15,32,1,1,10.9766,0.023,0.0018
2026-09-08 15:33:00,15,33,1,2,10.9725,0.004,0.0019
2026-09-08 15:34:00,15,34,1,2,9.8815,0.007,0.0006
2026-09-08 15:35:00,15,35,1,1,9.8017,0.02,0.0001
2026-09-08 15:36:00,15,36,1,1,11.6033,0.035,0.0022
2026-09-08 15:37:00,15,37,1,2,13.0207,0.038,0.0018
2026-09-08 15:38:00,15,38,1,3,13.6058,0.013,0.0011
2026-09-08 15:39:00,15,39,1,1,12.0797,0.05,0.0005
2026-09-08 15:40:00,15,40,1,1,11.3985,0.044,0.0013
2026-09-08 15:41:00,15,41,1,2,9.5736,0.047,0.0006
2026-09-08 15:42:00,15,42,1,3,9.2977,0.007,0.0012
2026-09-08 15:43:00,15,43,1,3,11.7881,0.028,0.0003
2026-09-08 15:44:00,15,44,1,3,10.0982,0.022,0.0025
2026-09-08 15:45:00,15,45,1,2,9.4751,0.003,0.0012
2026-09-08 15:46:00,15,46,1,3,9.8416,0.034,0.0008
2026-09-08 15:47:00,15,47,1,3,11.8602,0.024,0.0024
2026-09-08 15:48:00,15,48,1,2,10.8108,0.007,0.0015
2026-09-08 15:49:00,15,49,1,2,9.6506,0.036,0.0012
2026-09-08 15:50:00,15,50,1,2,12.409,0.042,0.0022
2026-09-08 15:51:00,15,51,1,2,9.764,0.015,0.0007
2026-09-08 15:52:00,15,52,1,1,14.2238,0.003,0.0011
2026-09-08 15:53:00,15,53,1,3,14.2119,0.034,0.002
2026-09-08 15:54:00,15,54,1,2,12.6972,0.025,0.0007
2026-09-08 15:55:00,15,55,1,1,12.9301,0.022,0.0018
2026-09-08 15:56:00,15,56,1,1,10.7809,0.023,0.0015
2026-09-08 15:57:00,15,57,1,1,9.7625,0.014,0.0001
2026-09-08 15:58:00,15,58,1,2,14.4183,0.014,0.0019
2026-09-08 15:59:00,15,59,1,3,10.1575,0.04,0.0003
2026-09-08 16:00:00,16,0,1,5,22.7143,0.216,0.0581
2026-09-08 16:01:00,16,1,1,5,46.5831,0.617,0.0414
2026-09-08 16:02:00,16,2,1,5,58.8934,0.325,0.0642
2026-09-08 16:03:00,16,3,1,4,51.1359,1.129,0.0507
2026-09-08 16:04:00,16,4,1,5,48.9634,0.212,0.0238
2026-09-08 16:05:00,16,5,1,5,54.7711,0.763,0.0637
2026-09-08 16:06:00,16,6,1,5,47.037,0.991,0.0504
2026-09-08 16:07:00,16,7,1,5,21.4097,0.35,0.0186
2026-09-08 16:08:00,16,8,1,5,54.5302,0.471,0.0357
2026-09-08 16:09:00,16,9,1,4,16.2047,0.392,0.0538
2026-09-08 16:10:00,16,10,1,4,51.3277,0.795,0.0329
2026-09-08 16:11:00,16,11,1,3,63.69,1.142,0.01
2026-09-08 16:12:00,16,12,1,3,31.7721,1.266,0.0268
2026-09-08 16:13:00,16,13,1,5,54.707,1.262,0.0255
2026-09-08 16:14:00,16,14,1,5,61.9246,1.114,0.0359
2026-09-08 16:15:00,16,15,1,1,10.5402,0.021,0.0022
2026-09-08 16:16:00,16,16,1,1,10.8437,0.01,0.0025
2026-09-08 16:17:00,16,17,1,1,11.1706,0.044,0.002
2026-09-08 16:18:00,16,18,1,2,9.5708,0.043,0.0006
2026-09-08 16:19:00,16,19,1,2,9.5614,0.02,0.0003
2026-09-08 16:20:00,16,20,1,2,10.3754,0.043,0.0014
2026-09-08 16:21:00,16,21,1,3,11.6555,0.015,0.0013
2026-09-08 16:22:00,16,22,1,2,13.0023,0.015,0.0006
2026-09-08 16:23:00,16,23,1,2,9.5855,0.047,0.0008
2026-09-08 16:24:00,16,24,1,1,13.0402,0.047,0.0002
2026-09-08 16:25:00,16,25,1,2,10.6724,0.002,0.0026
2026-09-08 16:26:00,16,26,1,2,10.3161,0.049,0.0002
2026-09-08 16:27:00,16,27,1,2,11.0911,0.025,0.0016
2026-09-08 16:28:00,16,28,1,2,11.0372,0.03,0.0025
2026-09-08 16:29:00,16,29,1,1,12.2232,0.015,0.0004
2026-09-08 16:30:00,16,30,1,2,9.3576,0.039,0.0002
2026-09-08 16:31:00,16,31,1,2,14.3287,0.009,0.0014
2026-09-08 16:32:00,16,32,1,2,12.4159,0.041,0.0011
2026-09-08 16:33:00,16,33,1,1,9.7314,0.026,0.0022
2026-09-08 16:34:00,16,34,1,3,12.4643,0.043,0.0021
2026-09-08 16:35:00,16,35,1,1,13.9561,0.046,0.0003
2026-09-08 16:36:00,16,36,1,2,9.8855,0.002,0.0007
2026-09-08 16:37:00,16,37,1,1,10.6604,0.013,0.0005
2026-09-08 16:38:00,16,38,1,1,13.3395,0.047,0.001
2026-09-08 16:39:00,16,39,1,1,13.6109,0.044,0.0025
2026-09-08 16:40:00,16,40,1,1,10.1416,0.042,0.0013
2026-09-08 16:41:00,16,41,1,1,14.0457,0.008,0.0001
2026-09-08 16:42:00,16,42,1,2,14.3819,0.004,0.0002
2026-09-08 16:43:00,16,43,1,1,14.4807,0.031,0.0024
2026-09-08 16:44:00,16,44,1,1,12.8417,0.035,0.0017
2026-09-08 16:45:00,16,45,1,2,10.618,0.016,0.0024
2026-09-08 16:46:00,16,46,1,2,11.7661,0.006,0.001
2026-09-08 16:47:00,16,47,1,3,10.6767,0.027,0.001
2026-09-08 16:48:00,16,48,1,1,12.0613,0.007,0.0004
2026-09-08 16:49:00,16,49,1,3,10.2681,0.005,0.0026
2026-09-08 16:50:00,16,50,1,1,10.4328,0.049,0.0021
2026-09-08 16:51:00,16,51,1,2,13.5365,0.019,0.0005
2026-09-08 16:52:00,16,52,1,1,11.3223,0.013,0.0002
2026-09-08 16:53:00,16,53,1,2,10.1203,0.043,0.002
2026-09-08 16:54:00,16,54,1,1,9.0178,0.027,0.0023
2026-09-08 16:55:00,16,55,1,2,14.0628,0.031,0.0011
2026-09-08 16:56:00,16,56,1,2,10.8698,0.037,0.0007
2026-09-08 16:57:00,16,57,1,2,14.4946,0.047,0.0018
2026-09-08 16:58:00,16,58,1,1,13.8963,0.006,0.0019
2026-09-08 16:59:00,16,59,1,2,10.9467,0.034,0.0016
2026-09-08 17:00:00,17,0,1,1,13.4755,0.045,0.0014
2026-09-08 17:01:00,17,1,1,2,13.1348,0.049,0.0003
2026-09-08 17:02:00,17,2,1,2,11.3683,0.038,0.0024
2026-09-08 17:03:00,17,3,1,2,13.1045,0.021,0.0013
2026-09-08 17:04:00,17,4,1,2,11.9932,0.047,0.0001
2026-09-08 17:05:00,17,5,1,2,14.4014,0.039,0.0012
2026-09-08 17:06:00,17,6,1,1,10.6951,0.006,0.0007
2026-09-08 17:07:00,17,7,1,1,13.2279,0.048,0.0002
2026-09-08 17:08:00,17,8,1,2,14.4733,0.003,0.0022
2026-09-08 17:09:00,17,9,1,1,13.2203,0.012,0.0002
2026-09-08 17:10:00,17,10,1,2,10.0844,0.042,0.0004
2026-09-08 17:11:00,17,11,1,3,14.4749,0.03,0.0001
2026-09-08 17:12:00,17,12,1,3,13.0303,0.036,0.0006
2026-09-08 17:13:00,17,13,1,3,11.4894,0.025,0.0002
2026-09-08 17:14:00,17,14,1,1,12.6188,0.005,0.001
2026-09-08 17:15:00,17,15,1,1,13.0464,0.04,0.0018
2026-09-08 17:16:00,17,16,1,2,11.1297,0.001,0.0003
2026-09-08 17:17:00,17,17,1,2,9.3935,0.025,0.0009
2026-09-08 17:18:00,17,18,1,2,10.8053,0.038,0.002
2026-09-08 17:19:00,17,19,1,3,11.2366,0.002,0.0013
2026-09-08 17:20:00,17,20,1,1,9.6048,0.051,0.002
2026-09-08 17:21:00,17,21,1,1,10.8949,0.014,0.0005
2026-09-08 17:22:00,17,22,1,3,9.4123,0.022,0.0001
2026-09-08 17:23:00,17,23,1,1,13.8509,0.046,0.0023
2026-09-08 17:24:00,17,24,1,1,11.4199,0.008,0.0012
2026-09-08 17:25:00,17,25,1,2,9.8764,0.027,0.0004
2026-09-08 17:26:00,17,26,1,2,11.1264,0.042,0.0023
2026-09-08 17:27:00,17,27,1,2,12.8796,0.02,0.0003
2026-09-08 17:28:00,17,28,1,2,13.1624,0.001,0.002
2026-09-08 17:29:00,17,29,1,1,12.967,0.035,0.0004
2026-09-08 17:30:00,17,30,1,3,12.567,0.0,0.0006
2026-09-08 17:31:00,17,31,1,2,12.8412,0.04,0.0021
2026-09-08 17:32:00,17,32,1,1,14.3836,0.035,0.0013
2026-09-08 17:33:00,17,33,1,2,14.1616,0.047,0.0005
2026-09-08 17:34:00,17,34,1,3,9.4334,0.027,0.0001
2026-09-08 17:35:00,17,35,1,3,13.1514,0.011,0.0008
2026-09-08 17:36:00,17,36,1,3,14.1417,0.026,0.0001
2026-09-08 17:37:00,17,37,1,3,13.5903,0.002,0.0008
2026-09-08 17:38:00,17,38,1,3,13.7474,0.012,0.0021
2026-09-08 17:39:00,17,39,1,2,13.4292,0.032,0.0019
2026-09-08 17:40:00,17,40,1,2,9.9891,0.038,0.002
2026-09-08 17:41:00,17,41,1,3,10.6628,0.007,0.0011
2026-09-08 17:42:00,17,42,1,2,12.5228,0.041,0.0018
2026-09-08 17:43:00,17,43,1,3,9.8501,0.037,0.0007
2026-09-08 17:44:00,17,44,1,2,14.0388,0.019,0.0018
2026-09-08 17:45:00,17,45,1,1,9.9182,0.001,0.0018
2026-09-08 17:46:00,17,46,1,2,12.8541,0.022,0.0001
2026-09-08 17:47:00,17,47,1,1,13.4742,0.021,0.0021
2026-09-08 17:48:00,17,48,1,3,9.408,0.02,0.0008
2026-09-08 17:49:00,17,49,1,3,13.2387,0.015,0.0003
2026-09-08 17:50:00,17,50,1,1,12.205,0.045,0.0002
2026-09-08 17:51:00,17,51,1,1,9.4812,0.019,0.0019
2026-09-08 17:52:00,17,52,1,3,14.1587,0.05,0.0014
2026-09-08 17:53:00,17,53,1,1,10.6327,0.052,0.0018
2026-09-08 17:54:00,17,54,1,1,12.8903,0.011,0.0003
2026-09-08 17:55:00,17,55,1,3,9.5844,0.003,0.0013
2026-09-08 17:56:00,17,56,1,2,9.5436,0.038,0.002
2026-09-08 17:57:00,17,57,1,1,10.8179,0.015,0.0018
2026-09-08 17:58:00,17,58,1,1,12.7561,0.04,0.0004
2026-09-08 17:59:00,17,59,1,3,9.7588,0.013,0.0012
2026-09-08 18:00:00,18,0,1,0,8.9335,0.024,0.0016
2026-09-08 18:01:00,18,1,1,0,7.8552,0.015,0.0009
2026-09-08 18:02:00,18,2,1,0,5.4943,0.003,0.0016
2026-09-08 18:03:00,18,3,1,0,4.6449,0.025,0.0008
2026-09-08 18:04:00,18,4,1,0,4.4859,0.001,0.0016
2026-09-08 18:05:00,18,5,1,0,9.2753,0.011,0.0014
2026-09-08 18:06:00,18,6,1,0,9.2282,0.025,0.0005
2026-09-08 18:07:00,18,7,1,0,7.6008,0.024,0.0005
2026-09-08 18:08:00,18,8,1,0,7.2919,0.027,0.0011
2026-09-08 18:09:00,18,9,1,0,5.0707,0.038,0.0011
2026-09-08 18:10:00,18,10,1,0,6.394,0.042,0.0006
2026-09-08 18:11:00,18,11,1,0,6.4553,0.026,0.0005
2026-09-08 18:12:00,18,12,1,0,8.1051,0.028,0.0017
2026-09-08 18:13:00,18,13,1,1,5.014,0.034,0.0019
2026-09-08 18:14:00,18,14,1,0,4.083,0.006,0.0013
2026-09-08 18:15:00,18,15,1,0,5.535,0.022,0.0017
2026-09-08 18:16:00,18,16,1,0,8.3134,0.03,0.0019
2026-09-08 18:17:00,18,17,1,0,8.7243,0.043,0.0005
2026-09-08 18:18:00,18,18,1,0,7.869,0.044,0.0009
2026-09-08 18:19:00,18,19,1,0,5.1951,0.043,0.0016
2026-09-08 18:20:00,18,20,1,0,4.8145,0.012,0.0011
2026-09-08 18:21:00,18,21,1,0,5.5759,0.03,0.0018
2026-09-08 18:22:00,18,22,1,1,5.9226,0.027,0.0001
2026-09-08 18:23:00,18,23,1,1,5.2807,0.033,0.0018
2026-09-08 18:24:00,18,24,1,0,4.0861,0.009,0.0016
2026-09-08 18:25:00,18,25,1,1,7.5511,0.029,0.0004
2026-09-08 18:26:00,18,26,1,0,7.2228,0.037,0.0015
2026-09-08 18:27:00,18,27,1,0,8.4242,0.003,0.0008
2026-09-08 18:28:00,18,28,1,0,7.5729,0.033,0.0006
2026-09-08 18:29:00,18,29,1,0,6.0303,0.041,0.0014
2026-09-08 18:30:00,18,30,1,0,7.2984,0.017,0.0002
2026-09-08 18:31:00,18,31,1,0,4.8569,0.043,0.0004
2026-09-08 18:32:00,18,32,1,0,6.6323,0.005,0.0017
2026-09-08 18:33:00,18,33,1,0,4.6029,0.005,0.0014
2026-09-08 18:34:00,18,34,1,0,8.646,0.029,0.0011
2026-09-08 18:35:00,18,35,1,0,8.2951,0.027,0.0015
2026-09-08 18:36:00,18,36,1,0,5.4845,0.032,0.0014
2026-09-08 18:37:00,18,37,1,0,4.9664,0.002,0.0005
2026-09-08 18:38:00,18,38,1,0,6.5043,0.035,0.001
2026-09-08 18:39:00,18,39,1,0,4.2129,0.043,0.0019
2026-09-08 18:40:00,18,40,1,0,8.7619,0.026,0.0008
2026-09-08 18:41:00,18,41,1,0,7.774,0.002,0.0007
2026-09-08 18:42:00,18,42,1,0,6.4344,0.025,0.0017
2026-09-08 18:43:00,18,43,1,1,7.7323,0.016,0.0003
2026-09-08 18:44:00,18,44,1,0,5.9304,0.018,0.0005
2026-09-08 18:45:00,18,45,1,0,4.6726,0.025,0.0
2026-09-08 18:46:00,18,46,1,0,7.1261,0.028,0.0012
2026-09-08 18:47:00,18,47,1,0,8.2075,0.007,0.0011
2026-09-08 18:48:00,18,48,1,0,5.8627,0.007,0.0008
2026-09-08 18:49:00,18,49,1,0,7.3788,0.012,0.0009
2026-09-08 18:50:00,18,50,1,0,8.6754,0.024,0.0019
2026-09-08 18:51:00,18,51,1,0,4.1536,0.008,0.0018
2026-09-08 18:52:00,18,52,1,0,9.0647,0.015,0.0019
2026-09-08 18:53:00,18,53,1,0,8.5828,0.018,0.0017
2026-09-08 18:54:00,18,54,1,0,5.478,0.038,0.0005
2026-09-08 18:55:00,18,55,1,0,8.4107,0.04,0.0013
2026-09-08 18:56:00,18,56,1,0,6.963,0.024,0.0007
2026-09-08 18:57:00,18,57,1,0,4.2152,0.001,0.0007
2026-09-08 18:58:00,18,58,1,0,8.4829,0.022,0.0017
2026-09-08 18:59:00,18,59,1,1,7.7128,0.002,0.0012
2026-09-08 19:00:00,19,0,1,0,5.0582,0.017,0.0016
2026-09-08 19:01:00,19,1,1,0,6.2188,0.044,0.0014
2026-09-08 19:02:00,19,2,1,0,9.0202,0.043,0.0004
2026-09-08 19:03:00,19,3,1,0,8.3462,0.026,0.0012
2026-09-08 19:04:00,19,4,1,0,5.4088,0.036,0.0011
2026-09-08 19:05:00,19,5,1,0,7.5544,0.042,0.0006
2026-09-08 19:06:00,19,6,1,1,7.2038,0.03,0.0017
2026-09-08 19:07:00,19,7,1,0,6.239,0.038,0.0004
2026-09-08 19:08:00,19,8,1,0,5.9012,0.02,0.0016
2026-09-08 19:09:00,19,9,1,1,8.3667,0.042,0.0007
2026-09-08 19:10:00,19,10,1,0,8.6115,0.027,0.0002
2026-09-08 19:11:00,19,11,1,0,8.1669,0.027,0.0012
2026-09-08 19:12:00,19,12,1,0,5.537,0.003,0.0015
2026-09-08 19:13:00,19,13,1,0,5.9222,0.025,0.001
2026-09-08 19:14:00,19,14,1,0,8.2572,0.016,0.0007
2026-09-08 19:15:00,19,15,1,0,8.2609,0.037,0.0008
2026-09-08 19:16:00,19,16,1,0,4.5029,0.037,0.0016
2026-09-08 19:17:00,19,17,1,0,4.6213,0.02,0.0002
2026-09-08 19:18:00,19,18,1,0,6.3799,0.044,0.0015
2026-09-08 19:19:00,19,19,1,1,5.3746,0.015,0.0006
2026-09-08 19:20:00,19,20,1,0,6.6551,0.043,0.0002
2026-09-08 19:21:00,19,21,1,0,4.0923,0.012,0.0002
2026-09-08 19:22:00,19,22,1,0,6.6122,0.037,0.0002
2026-09-08 19:23:00,19,23,1,0,6.9011,0.005,0.0014
2026-09-08 19:24:00,19,24,1,1,6.4641,0.034,0.0015
2026-09-08 19:25:00,19,25,1,0,5.1319,0.028,0.0014
2026-09-08 19:26:00,19,26,1,0,8.4497,0.025,0.0008
2026-09-08 19:27:00,19,27,1,1,9.1039,0.005,0.0019
2026-09-08 19:28:00,19,28,1,1,9.4975,0.015,0.0008
2026-09-08 19:29:00,19,29,1,0,6.5167,0.035,0.0015
2026-09-08 19:30:00,19,30,1,0,5.2905,0.039,0.0017
2026-09-08 19:31:00,19,31,1,0,7.6534,0.018,0.0002
2026-09-08 19:32:00,19,32,1,0,7.4521,0.006,0.0015
2026-09-08 19:33:00,19,33,1,0,9.3199,0.023,0.0013
2026-09-08 19:34:00,19,34,1,0,5.1045,0.034,0.0015
2026-09-08 19:35:00,19,35,1,0,7.1789,0.044,0.0015
2026-09-08 19:36:00,19,36,1,0,7.0626,0.007,0.0001
2026-09-08 19:37:00,19,37,1,0,9.3336,0.045,0.0005
2026-09-08 19:38:00,19,38,1,1,8.0397,0.042,0.0002
2026-09-08 19:39:00,19,39,1,0,5.577,0.036,0.0002
2026-09-08 19:40:00,19,40,1,0,8.7751,0.02,0.0012
2026-09-08 19:41:00,19,41,1,0,6.2141,0.028,0.0003
2026-09-08 19:42:00,19,42,1,0,8.8016,0.009,0.0009
2026-09-08 19:43:00,19,43,1,0,6.3556,0.001,0.0006
2026-09-08 19:44:00,19,44,1,0,5.2809,0.007,0.0015
2026-09-08 19:45:00,19,45,1,1,8.3902,0.028,0.0019
2026-09-08 19:46:00,19,46,1,0,5.0114,0.012,0.001
2026-09-08 19:47:00,19,47,1,0,5.0699,0.028,0.0013
2026-09-08 19:48:00,19,48,1,0,7.7443,0.045,0.0019
2026-09-08 19:49:00,19,49,1,0,5.882,0.011,0.0001
2026-09-08 19:50:00,19,50,1,0,5.3939,0.036,0.0009
2026-09-08 19:51:00,19,51,1,0,8.1772,0.031,0.001
2026-09-08 19:52:00,19,52,1,0,5.4416,0.003,0.0019
2026-09-08 19:53:00,19,53,1,0,7.8814,0.029,0.0006
2026-09-08 19:54:00,19,54,1,1,9.038,0.009,0.0017
2026-09-08 19:55:00,19,55,1,0,4.4543,0.001,0.0011
2026-09-08 19:56:00,19,56,1,0,6.514,0.01,0.0
2026-09-08 19:57:00,19,57,1,0,6.2454,0.025,0.0013
2026-09-08 19:58:00,19,58,1,0,6.1119,0.03,0.0015
2026-09-08 19:59:00,19,59,1,0,9.1453,0.006,0.0013
2026-09-08 20:00:00,20,0,1,0,7.1825,0.031,0.0002
2026-09-08 20:01:00,20,1,1,0,8.0194,0.007,0.0015
2026-09-08 20:02:00,20,2,1,0,7.7142,0.004,0.0007
2026-09-08 20:03:00,20,3,1,0,5.1276,0.023,0.0015
2026-09-08 20:04:00,20,4,1,0,4.3623,0.014,0.0019
2026-09-08 20:05:00,20,5,1,0,8.9337,0.036,0.0008
2026-09-08 20:06:00,20,6,1,0,7.6277,0.012,0.0014
2026-09-08 20:07:00,20,7,1,0,8.8422,0.014,0.0007
2026-09-08 20:08:00,20,8,1,1,7.2187,0.007,0.0003
2026-09-08 20:09:00,20,9,1,0,6.463,0.026,0.0011
2026-09-08 20:10:00,20,10,1,0,8.3309,0.034,0.0014
2026-09-08 20:11:00,20,11,1,0,5.2411,0.02,0.0017
2026-09-08 20:12:00,20,12,1,0,4.3495,0.03,0.0005
2026-09-08 20:13:00,20,13,1,0,8.6616,0.02,0.0008
2026-09-08 20:14:00,20,14,1,0,6.8094,0.022,0.0019
2026-09-08 20:15:00,20,15,1,0,6.5501,0.015,0.0019
2026-09-08 20:16:00,20,16,1,1,6.7532,0.025,0.0001
2026-09-08 20:17:00,20,17,1,0,8.4264,0.001,0.0009
2026-09-08 20:18:00,20,18,1,0,7.3957,0.025,0.0013
2026-09-08 20:19:00,20,19,1,0,6.9504,0.002,0.0005
2026-09-08 20:20:00,20,20,1,0,5.7899,0.012,0.0009
2026-09-08 20:21:00,20,21,1,0,5.3123,0.042,0.0016
2026-09-08 20:22:00,20,22,1,0,7.3861,0.008,0.0012
2026-09-08 20:23:00,20,23,1,0,7.2623,0.039,0.0012
2026-09-08 20:24:00,20,24,1,0,6.1381,0.021,0.0005
2026-09-08 20:25:00,20,25,1,0,6.5011,0.034,0.0007
2026-09-08 20:26:00,20,26,1,0,6.7367,0.019,0.0015
2026-09-08 20:27:00,20,27,1,0,7.6375,0.037,0.0016
2026-09-08 20:28:00,20,28,1,0,4.2238,0.002,0.0013
2026-09-08 20:29:00,20,29,1,0,4.2546,0.034,0.0014
2026-09-08 20:30:00,20,30,1,0,8.4903,0.043,0.0007
2026-09-08 20:31:00,20,31,1,0,7.8906,0.018,0.0004
2026-09-08 20:32:00,20,32,1,0,5.1138,0.021,0.0019
2026-09-08 20:33:00,20,33,1,0,7.9313,0.009,0.0014
2026-09-08 20:34:00,20,34,1,0,4.3945,0.018,0.0006
2026-09-08 20:35:00,20,35,1,0,8.6349,0.026,0.0008
2026-09-08 20:36:00,20,36,1,0,6.5541,0.014,0.0003
2026-09-08 20:37:00,20,37,1,0,5.5411,0.005,0.0002
2026-09-08 20:38:00,20,38,1,0,4.7794,0.024,0.0011
2026-09-08 20:39:00,20,39,1,0,6.4962,0.008,0.0007
2026-09-08 20:40:00,20,40,1,0,9.3873,0.035,0.0013
2026-09-08 20:41:00,20,41,1,0,7.7584,0.038,0.0011
2026-09-08 20:42:00,20,42,1,0,7.7504,0.004,0.0004
2026-09-08 20:43:00,20,43,1,0,8.4125,0.015,0.0013
2026-09-08 20:44:00,20,44,1,1,7.8481,0.029,0.0012
2026-09-08 20:45:00,20,45,1,0,7.8086,0.018,0.0018
2026-09-08 20:46:00,20,46,1,0,4.7785,0.004,0.0005
2026-09-08 20:47:00,20,47,1,0,8.6366,0.014,0.0007
2026-09-08 20:48:00,20,48,1,0,8.6498,0.019,0.0003
2026-09-08 20:49:00,20,49,1,0,6.6309,0.033,0.0008
2026-09-08 20:50:00,20,50,1,0,6.6795,0.044,0.0018
2026-09-08 20:51:00,20,51,1,0,6.1414,0.007,0.0008
2026-09-08 20:52:00,20,52,1,0,5.7348,0.025,0.0015
2026-09-08 20:53:00,20,53,1,0,7.1997,0.036,0.0004
2026-09-08 20:54:00,20,54,1,0,4.3996,0.021,0.0017
2026-09-08 20:55:00,20,55,1,0,6.9267,0.031,0.0001
2026-09-08 20:56:00,20,56,1,0,8.6599,0.027,0.001
2026-09-08 20:57:00,20,57,1,0,4.0494,0.042,0.0
2026-09-08 20:58:00,20,58,1,1,5.2395,0.033,0.0019
2026-09-08 20:59:00,20,59,1,0,6.3019,0.015,0.0019
2026-09-08 21:00:00,21,0,1,0,9.0389,0.017,0.0008
2026-09-08 21:01:00,21,1,1,0,6.3306,0.038,0.0013
2026-09-08 21:02:00,21,2,1,0,8.8502,0.003,0.001
2026-09-08 21:03:00,21,3,1,0,8.9755,0.022,0.0008
2026-09-08 21:04:00,21,4,1,0,7.6307,0.038,0.0015
2026-09-08 21:05:00,21,5,1,0,5.666,0.009,0.0017
2026-09-08 21:06:00,21,6,1,0,4.9421,0.028,0.0005
2026-09-08 21:07:00,21,7,1,0,4.8142,0.037,0.0019
2026-09-08 21:08:00,21,8,1,0,5.2351,0.017,0.0001
2026-09-08 21:09:00,21,9,1,0,7.5913,0.032,0.0012
2026-09-08 21:10:00,21,10,1,0,5.2994,0.023,0.0013
2026-09-08 21:11:00,21,11,1,0,4.9098,0.016,0.0009
2026-09-08 21:12:00,21,12,1,0,6.7588,0.03,0.0014
2026-09-08 21:13:00,21,13,1,0,7.5419,0.006,0.001
2026-09-08 21:14:00,21,14,1,0,8.9968,0.01,0.002
2026-09-08 21:15:00,21,15,1,0,6.1507,0.02,0.0013
2026-09-08 21:16:00,21,16,1,0,8.3514,0.012,0.0013
2026-09-08 21:17:00,21,17,1,0,8.7647,0.018,0.0013
2026-09-08 21:18:00,21,18,1,0,4.9024,0.019,0.0006
2026-09-08 21:19:00,21,19,1,0,8.2745,0.038,0.0013
2026-09-08 21:20:00,21,20,1,0,5.1441,0.006,0.0003
2026-09-08 21:21:00,21,21,1,0,8.022,0.014,0.0014
2026-09-08 21:22:00,21,22,1,0,8.4805,0.015,0.0017
2026-09-08 21:23:00,21,23,1,0,5.5745,0.027,0.0007
2026-09-08 21:24:00,21,24,1,1,4.449,0.012,0.0005
2026-09-08 21:25:00,21,25,1,0,4.988,0.038,0.0005
2026-09-08 21:26:00,21,26,1,1,5.1638,0.011,0.0014
2026-09-08 21:27:00,21,27,1,0,4.77,0.037,0.0008
2026-09-08 21:28:00,21,28,1,0,8.5636,0.001,0.0013
2026-09-08 21:29:00,21,29,1,0,6.5308,0.01,0.0005
2026-09-08 21:30:00,21,30,1,0,9.2106,0.027,0.002
2026-09-08 21:31:00,21,31,1,0,8.9721,0.006,0.0009
2026-09-08 21:32:00,21,32,1,0,8.8711,0.026,0.0005
2026-09-08 21:33:00,21,33,1,0,6.7658,0.038,0.0003
2026-09-08 21:34:00,21,34,1,0,6.8619,0.014,0.0018
2026-09-08 21:35:00,21,35,1,0,5.7644,0.025,0.0007
2026-09-08 21:36:00,21,36,1,0,5.2713,0.034,0.0012
2026-09-08 21:37:00,21,37,1,0,7.9146,0.002,0.0015
2026-09-08 21:38:00,21,38,1,0,6.1577,0.045,0.0015
2026-09-08 21:39:00,21,39,1,0,5.6737,0.019,0.0012
2026-09-08 21:40:00,21,40,1,0,9.1149,0.035,0.0001
2026-09-08 21:41:00,21,41,1,1,9.201,0.038,0.0018
2026-09-08 21:42:00,21,42,1,0,9.1256,0.025,0.0002
2026-09-08 21:43:00,21,43,1,1,5.4419,0.038,0.001
2026-09-08 21:44:00,21,44,1,0,7.4884,0.005,0.0003
2026-09-08 21:45:00,21,45,1,0,5.3409,0.043,0.0007
2026-09-08 21:46:00,21,46,1,0,5.4558,0.017,0.0006
2026-09-08 21:47:00,21,47,1,0,7.3562,0.01,0.0003
2026-09-08 21:48:00,21,48,1,0,6.4784,0.021,0.0001
2026-09-08 21:49:00,21,49,1,0,5.5383,0.013,0.0016
2026-09-08 21:50:00,21,50,1,0,4.761,0.023,0.001
2026-09-08 21:51:00,21,51,1,0,8.7433,0.045,0.002
2026-09-08 21:52:00,21,52,1,0,4.6616,0.017,0.0012
2026-09-08 21:53:00,21,53,1,0,9.3704,0.02,0.0012
2026-09-08 21:54:00,21,54,1,1,7.8189,0.029,0.0015
2026-09-08 21:55:00,21,55,1,0,8.8722,0.002,0.0001
2026-09-08 21:56:00,21,56,1,1,7.1212,0.005,0.0001
2026-09-08 21:57:00,21,57,1,0,4.3679,0.021,0.0003
2026-09-08 21:58:00,21,58,1,1,8.4264,0.036,0.0013
2026-09-08 21:59:00,21,59,1,0,4.1347,0.019,0.0014
2026-09-08 22:00:00,22,0,1,0,8.8041,0.027,0.0008
2026-09-08 22:01:00,22,1,1,0,5.9303,0.004,0.0001
2026-09-08 22:02:00,22,2,1,0,5.6047,0.043,0.0001
2026-09-08 22:03:00,22,3,1,0,8.7314,0.008,0.0017
2026-09-08 22:04:00,22,4,1,0,6.6077,0.018,0.0012
2026-09-08 22:05:00,22,5,1,0,7.5102,0.04,0.0006
2026-09-08 22:06:00,22,6,1,0,4.3764,0.03,0.0005
2026-09-08 22:07:00,22,7,1,0,6.8616,0.013,0.0009
2026-09-08 22:08:00,22,8,1,0,5.9423,0.006,0.0006
2026-09-08 22:09:00,22,9,1,0,4.81,0.002,0.001
2026-09-08 22:10:00,22,10,1,0,7.2444,0.009,0.0016
2026-09-08 22:11:00,22,11,1,0,6.8957,0.002,0.0013
2026-09-08 22:12:00,22,12,1,0,5.5309,0.007,0.0002
2026-09-08 22:13:00,22,13,1,0,6.1318,0.008,0.0009
2026-09-08 22:14:00,22,14,1,1,5.1531,0.015,0.0018
2026-09-08 22:15:00,22,15,1,0,8.7105,0.007,0.0013
2026-09-08 22:16:00,22,16,1,0,8.2445,0.032,0.0011
2026-09-08 22:17:00,22,17,1,1,5.1617,0.035,0.0003
2026-09-08 22:18:00,22,18,1,0,9.1519,0.021,0.0003
2026-09-08 22:19:00,22,19,1,0,8.7284,0.037,0.0003
2026-09-08 22:20:00,22,20,1,0,8.8277,0.006,0.0014
2026-09-08 22:21:00,22,21,1,0,5.9347,0.027,0.0015
2026-09-08 22:22:00,22,22,1,0,5.169,0.032,0.0006
2026-09-08 22:23:00,22,23,1,0,4.1653,0.036,0.0011
2026-09-08 22:24:00,22,24,1,0,5.9701,0.011,0.002
2026-09-08 22:25:00,22,25,1,0,9.2621,0.03,0.0013
2026-09-08 22:26:00,22,26,1,0,4.6338,0.038,0.0015
2026-09-08 22:27:00,22,27,1,0,4.9292,0.025,0.0001
2026-09-08 22:28:00,22,28,1,1,8.1608,0.016,0.0013
2026-09-08 22:29:00,22,29,1,1,5.9207,0.027,0.0012
2026-09-08 22:30:00,22,30,1,0,8.8794,0.024,0.0011
2026-09-08 22:31:00,22,31,1,0,5.9901,0.029,0.0008
2026-09-08 22:32:00,22,32,1,0,5.7962,0.004,0.0008
2026-09-08 22:33:00,22,33,1,0,8.198,0.002,0.0017
2026-09-08 22:34:00,22,34,1,1,8.2867,0.002,0.0014
2026-09-08 22:35:00,22,35,1,0,8.9391,0.018,0.0016
2026-09-08 22:36:00,22,36,1,0,5.7246,0.012,0.0019
2026-09-08 22:37:00,22,37,1,0,5.166,0.044,0.0018
2026-09-08 22:38:00,22,38,1,0,6.377,0.015,0.0016
2026-09-08 22:39:00,22,39,1,0,9.381,0.0,0.0011
2026-09-08 22:40:00,22,40,1,1,5.166,0.044,0.0011
2026-09-08 22:41:00,22,41,1,0,4.4257,0.025,0.001
2026-09-08 22:42:00,22,42,1,0,9.4549,0.028,0.0016
2026-09-08 22:43:00,22,43,1,0,4.6799,0.031,0.0019
2026-09-08 22:44:00,22,44,1,0,5.8875,0.004,0.0008
2026-09-08 22:45:00,22,45,1,1,6.7137,0.02,0.001
2026-09-08 22:46:00,22,46,1,0,5.61,0.014,0.0018
2026-09-08 22:47:00,22,47,1,0,8.389,0.005,0.0016
2026-09-08 22:48:00,22,48,1,0,9.2193,0.012,0.0019
2026-09-08 22:49:00,22,49,1,0,9.0679,0.017,0.0014
2026-09-08 22:50:00,22,50,1,0,6.6454,0.026,0.0004
2026-09-08 22:51:00,22,51,1,0,4.3872,0.007,0.0014
2026-09-08 22:52:00,22,52,1,0,8.0505,0.031,0.0011
2026-09-08 22:53:00,22,53,1,1,7.511,0.04,0.0004
2026-09-08 22:54:00,22,54,1,0,9.4154,0.005,0.0
2026-09-08 22:55:00,22,55,1,0,7.9588,0.016,0.0003
2026-09-08 22:56:00,22,56,1,0,5.8165,0.026,0.0018
2026-09-08 22:57:00,22,57,1,0,5.326,0.022,0.0003
2026-09-08 22:58:00,22,58,1,1,8.2777,0.016,0.0015
2026-09-08 22:59:00,22,59,1,0,7.9522,0.015,0.0014
2026-09-08 23:00:00,23,0,1,0,5.4007,0.034,0.001
2026-09-08 23:01:00,23,1,1,0,4.5285,0.021,0.0015
2026-09-08 23:02:00,23,2,1,0,7.928,0.018,0.0008
2026-09-08 23:03:00,23,3,1,0,4.9608,0.041,0.0005
2026-09-08 23:04:00,23,4,1,0,6.2125,0.019,0.0018
2026-09-08 23:05:00,23,5,1,1,8.0323,0.006,0.0005
2026-09-08 23:06:00,23,6,1,0,5.5377,0.026,0.0013
2026-09-08 23:07:00,23,7,1,0,7.9277,0.033,0.0005
2026-09-08 23:08:00,23,8,1,0,4.2145,0.003,0.0004
2026-09-08 23:09:00,23,9,1,0,8.5409,0.012,0.0016
2026-09-08 23:10:00,23,10,1,1,8.1317,0.012,0.0012
2026-09-08 23:11:00,23,11,1,0,5.6901,0.01,0.001
2026-09-08 23:12:00,23,12,1,0,6.3037,0.011,0.0004
2026-09-08 23:13:00,23,13,1,0,6.3394,0.003,0.0011
2026-09-08 23:14:00,23,14,1,0,6.7908,0.018,0.0006
2026-09-08 23:15:00,23,15,1,0,4.4765,0.032,0.0014
2026-09-08 23:16:00,23,16,1,0,4.7481,0.011,0.0019
2026-09-08 23:17:00,23,17,1,0,5.1748,0.008,0.0017
2026-09-08 23:18:00,23,18,1,1,7.39,0.014,0.0013
2026-09-08 23:19:00,23,19,1,0,4.5303,0.039,0.0005
2026-09-08 23:20:00,23,20,1,0,5.5906,0.003,0.0015
2026-09-08 23:21:00,23,21,1,0,4.4349,0.04,0.0016
2026-09-08 23:22:00,23,22,1,0,9.4922,0.002,0.0011
2026-09-08 23:23:00,23,23,1,0,8.28,0.035,0.0007
2026-09-08 23:24:00,23,24,1,0,9.1321,0.042,0.0018
2026-09-08 23:25:00,23,25,1,0,9.1629,0.011,0.0003
2026-09-08 23:26:00,23,26,1,0,8.2734,0.012,0.0019
2026-09-08 23:27:00,23,27,1,1,9.2617,0.025,0.0017
2026-09-08 23:28:00,23,28,1,0,9.2444,0.035,0.0008
2026-09-08 23:29:00,23,29,1,0,4.6837,0.03,0.0009
2026-09-08 23:30:00,23,30,1,0,8.6267,0.036,0.0001
2026-09-08 23:31:00,23,31,1,0,8.2018,0.009,0.0018
2026-09-08 23:32:00,23,32,1,0,6.9432,0.011,0.0018
2026-09-08 23:33:00,23,33,1,0,7.5703,0.032,0.001
2026-09-08 23:34:00,23,34,1,0,5.5368,0.012,0.0012
2026-09-08 23:35:00,23,35,1,0,5.354,0.039,0.0018
2026-09-08 23:36:00,23,36,1,0,6.9638,0.039,0.0007
2026-09-08 23:37:00,23,37,1,0,5.2998,0.001,0.0001
2026-09-08 23:38:00,23,38,1,0,6.7259,0.017,0.0005
2026-09-08 23:39:00,23,39,1,0,7.0729,0.013,0.0013
2026-09-08 23:40:00,23,40,1,0,6.8672,0.002,0.0011
2026-09-08 23:41:00,23,41,1,0,6.7314,0.025,0.0001
2026-09-08 23:42:00,23,42,1,0,8.6282,0.036,0.0003
2026-09-08 23:43:00,23,43,1,0,4.2925,0.014,0.0003
2026-09-08 23:44:00,23,44,1,0,6.6203,0.042,0.001
2026-09-08 23:45:00,23,45,1,0,6.0976,0.01,0.0006
2026-09-08 23:46:00,23,46,1,0,6.9479,0.013,0.0006
2026-09-08 23:47:00,23,47,1,0,6.0381,0.025,0.0004
2026-09-08 23:48:00,23,48,1,0,7.168,0.039,0.0006
2026-09-08 23:49:00,23,49,1,0,8.5504,0.005,0.0017
2026-09-08 23:50:00,23,50,1,0,5.5423,0.034,0.0002
2026-09-08 23:51:00,23,51,1,0,7.9317,0.032,0.0019
2026-09-08 23:52:00,23,52,1,0,4.4082,0.043,0.0015
2026-09-08 23:53:00,23,53,1,0,9.4904,0.021,0.0003
2026-09-08 23:54:00,23,54,1,0,5.516,0.017,0.0012
2026-09-08 23:55:00,23,55,1,0,7.3286,0.012,0.0013
2026-09-08 23:56:00,23,56,1,0,4.4488,0.026,0.002
2026-09-08 23:57:00,23,57,1,1,7.2133,0.033,0.0002
2026-09-08 23:58:00,23,58,1,0,6.0705,0.023,0.0014
2026-09-08 23:59:00,23,59,1,0,5.0752,0.012,0.0016
2026-09-09 00:00:00,0,0,2,0,5.8632,0.012,0.0012
2026-09-09 00:01:00,0,1,2,0,4.9898,0.009,0.0006
2026-09-09 00:02:00,0,2,2,0,4.2741,0.009,0.001
2026-09-09 00:03:00,0,3,2,0,4.572,0.04,0.0005
2026-09-09 00:04:00,0,4,2,0,8.3142,0.006,0.0013
2026-09-09 00:05:00,0,5,2,0,8.2044,0.008,0.0006
2026-09-09 00:06:00,0,6,2,0,9.2719,0.021,0.0001
2026-09-09 00:07:00,0,7,2,0,6.8947,0.005,0.0005
2026-09-09 00:08:00,0,8,2,0,6.1819,0.01,0.0008
2026-09-09 00:09:00,0,9,2,0,8.1246,0.023,0.0016
2026-09-09 00:10:00,0,10,2,0,4.0079,0.023,0.0019
2026-09-09 00:11:00,0,11,2,1,8.8859,0.017,0.001
2026-09-09 00:12:00,0,12,2,0,4.0532,0.037,0.0011
2026-09-09 00:13:00,0,13,2,0,4.7253,0.028,0.0017
2026-09-09 00:14:00,0,14,2,1,5.6498,0.029,0.0002
2026-09-09 00:15:00,0,15,2,0,4.1727,0.009,0.0012
2026-09-09 00:16:00,0,16,2,0,9.3585,0.032,0.0011
2026-09-09 00:17:00,0,17,2,0,8.1397,0.013,0.0003
2026-09-09 00:18:00,0,18,2,1,5.8506,0.011,0.0014
2026-09-09 00:19:00,0,19,2,0,5.718,0.036,0.0007
2026-09-09 00:20:00,0,20,2,0,7.0396,0.005,0.0007
2026-09-09 00:21:00,0,21,2,0,7.4477,0.017,0.0018
2026-09-09 00:22:00,0,22,2,1,4.2089,0.012,0.0004
2026-09-09 00:23:00,0,23,2,0,8.4507,0.013,0.0006
2026-09-09 00:24:00,0,24,2,1,7.7152,0.011,0.0001
2026-09-09 00:25:00,0,25,2,0,8.3617,0.014,0.0005
2026-09-09 00:26:00,0,26,2,0,8.6628,0.026,0.0003
2026-09-09 00:27:00,0,27,2,0,9.1231,0.022,0.0004
2026-09-09 00:28:00,0,28,2,0,8.9066,0.002,0.0012
2026-09-09 00:29:00,0,29,2,1,7.6683,0.021,0.0018
2026-09-09 00:30:00,0,30,2,0,6.1856,0.004,0.0007
2026-09-09 00:31:00,0,31,2,0,6.6381,0.003,0.001
2026-09-09 00:32:00,0,32,2,0,7.8417,0.041,0.0002
2026-09-09 00:33:00,0,33,2,0,4.1935,0.028,0.0001
2026-09-09 00:34:00,0,34,2,1,5.087,0.016,0.0016
2026-09-09 00:35:00,0,35,2,0,7.5821,0.01,0.0018
2026-09-09 00:36:00,0,36,2,0,4.3476,0.026,0.0014
2026-09-09 00:37:00,0,37,2,0,4.5348,0.038,0.0
2026-09-09 00:38:00,0,38,2,1,8.8824,0.036,0.0002
2026-09-09 00:39:00,0,39,2,0,5.8572,0.013,0.0015
2026-09-09 00:40:00,0,40,2,1,4.8933,0.028,0.0009
2026-09-09 00:41:00,0,41,2,0,8.3241,0.041,0.0012
2026-09-09 00:42:00,0,42,2,0,6.4038,0.009,0.0016
2026-09-09 00:43:00,0,43,2,1,6.5965,0.029,0.0005
2026-09-09 00:44:00,0,44,2,0,5.3461,0.005,0.0006
2026-09-09 00:45:00,0,45,2,0,7.8369,0.015,0.0005
2026-09-09 00:46:00,0,46,2,1,6.6225,0.025,0.0013
2026-09-09 00:47:00,0,47,2,0,6.9912,0.029,0.0017
2026-09-09 00:48:00,0,48,2,0,6.9685,0.023,0.0012
2026-09-09 00:49:00,0,49,2,0,4.7061,0.04,0.0008
2026-09-09 00:50:00,0,50,2,0,6.9599,0.025,0.0009
2026-09-09 00:51:00,0,51,2,0,7.1086,0.005,0.0018
2026-09-09 00:52:00,0,52,2,1,8.7245,0.003,0.0002
2026-09-09 00:53:00,0,53,2,0,4.9321,0.02,0.0019
2026-09-09 00:54:00,0,54,2,1,6.284,0.031,0.0005
2026-09-09 00:55:00,0,55,2,0,4.2415,0.021,0.0002
2026-09-09 00:56:00,0,56,2,0,9.2167,0.002,0.0002
2026-09-09 00:57:00,0,57,2,0,6.0131,0.026,0.0007
2026-09-09 00:58:00,0,58,2,0,6.2353,0.028,0.0019
2026-09-09 00:59:00,0,59,2,0,4.327,0.002,0.0015
2026-09-09 01:00:00,1,0,2,0,6.8915,0.039,0.0019
2026-09-09 01:01:00,1,1,2,0,8.3603,0.008,0.0014
2026-09-09 01:02:00,1,2,2,0,4.8196,0.026,0.0004
2026-09-09 01:03:00,1,3,2,0,5.7863,0.013,0.0015
2026-09-09 01:04:00,1,4,2,0,7.1267,0.013,0.0012
2026-09-09 01:05:00,1,5,2,0,4.8925,0.039,0.0005
2026-09-09 01:06:00,1,6,2,0,6.2202,0.023,0.0003
2026-09-09 01:07:00,1,7,2,0,7.8686,0.038,0.0002
2026-09-09 01:08:00,1,8,2,0,5.7021,0.004,0.001
2026-09-09 01:09:00,1,9,2,0,6.2732,0.035,0.0011
2026-09-09 01:10:00,1,10,2,0,8.3774,0.044,0.0
2026-09-09 01:11:00,1,11,2,0,4.0888,0.036,0.0019
2026-09-09 01:12:00,1,12,2,0,8.271,0.009,0.0015
2026-09-09 01:13:00,1,13,2,0,8.5459,0.025,0.0002
2026-09-09 01:14:00,1,14,2,0,4.6779,0.027,0.0015
2026-09-09 01:15:00,1,15,2,0,6.7673,0.021,0.0006
2026-09-09 01:16:00,1,16,2,0,7.949,0.002,0.0001
2026-09-09 01:17:00,1,17,2,0,5.3578,0.024,0.001
2026-09-09 01:18:00,1,18,2,0,8.6575,0.029,0.0009
2026-09-09 01:19:00,1,19,2,0,4.9303,0.009,0.0019
2026-09-09 01:20:00,1,20,2,0,4.7346,0.035,0.0008
2026-09-09 01:21:00,1,21,2,0,8.321,0.018,0.0003
2026-09-09 01:22:00,1,22,2,0,4.4251,0.023,0.0009
2026-09-09 01:23:00,1,23,2,0,5.3212,0.001,0.0015
2026-09-09 01:24:00,1,24,2,0,6.5933,0.017,0.0019
2026-09-09 01:25:00,1,25,2,0,9.0951,0.029,0.001
2026-09-09 01:26:00,1,26,2,0,7.5253,0.025,0.0013
2026-09-09 01:27:00,1,27,2,0,4.61,0.026,0.0015
2026-09-09 01:28:00,1,28,2,0,4.7502,0.026,0.0009
2026-09-09 01:29:00,1,29,2,0,8.1566,0.005,0.0003
2026-09-09 01:30:00,1,30,2,0,6.7438,0.038,0.0014
2026-09-09 01:31:00,1,31,2,0,4.5909,0.026,0.0016
2026-09-09 01:32:00,1,32,2,1,4.1207,0.015,0.0019
2026-09-09 01:33:00,1,33,2,0,7.3656,0.03,0.0016
2026-09-09 01:34:00,1,34,2,0,8.1285,0.025,0.0011
2026-09-09 01:35:00,1,35,2,0,7.2638,0.007,0.0016
2026-09-09 01:36:00,1,36,2,0,5.8931,0.043,0.001
2026-09-09 01:37:00,1,37,2,1,6.1833,0.02,0.0013
2026-09-09 01:38:00,1,38,2,0,6.3537,0.011,0.0013
2026-09-09 01:39:00,1,39,2,0,4.2373,0.04,0.0008
2026-09-09 01:40:00,1,40,2,0,6.4214,0.016,0.0014
2026-09-09 01:41:00,1,41,2,0,7.6686,0.009,0.0015
2026-09-09 01:42:00,1,42,2,0,6.0271,0.035,0.0006
2026-09-09 01:43:00,1,43,2,0,4.0186,0.003,0.0003
2026-09-09 01:44:00,1,44,2,0,9.4623,0.033,0.0012
2026-09-09 01:45:00,1,45,2,0,6.3343,0.013,0.0018
2026-09-09 01:46:00,1,46,2,0,4.9592,0.02,0.0014
2026-09-09 01:47:00,1,47,2,1,4.085,0.044,0.0009
2026-09-09 01:48:00,1,48,2,0,4.2478,0.03,0.0011
2026-09-09 01:49:00,1,49,2,0,8.6535,0.014,0.0013
2026-09-09 01:50:00,1,50,2,0,6.5653,0.014,0.0009
2026-09-09 01:51:00,1,51,2,0,8.3318,0.041,0.0008
2026-09-09 01:52:00,1,52,2,0,7.0033,0.002,0.0004
2026-09-09 01:53:00,1,53,2,0,6.127,0.041,0.0006
2026-09-09 01:54:00,1,54,2,0,6.6565,0.031,0.0019
2026-09-09 01:55:00,1,55,2,0,9.1619,0.01,0.0018
2026-09-09 01:56:00,1,56,2,0,4.6588,0.029,0.0006
2026-09-09 01:57:00,1,57,2,0,7.736,0.001,0.0002
2026-09-09 01:58:00,1,58,2,0,5.3159,0.008,0.0017
2026-09-09 01:59:00,1,59,2,0,5.7504,0.002,0.0001
2026-09-09 02:00:00,2,0,2,0,8.3433,0.032,0.0018
2026-09-09 02:01:00,2,1,2,0,4.829,0.034,0.0001
2026-09-09 02:02:00,2,2,2,0,4.552,0.033,0.0001
2026-09-09 02:03:00,2,3,2,0,7.3536,0.004,0.0014
2026-09-09 02:04:00,2,4,2,0,4.4077,0.027,0.0013
2026-09-09 02:05:00,2,5,2,0,9.0078,0.04,0.0002
2026-09-09 02:06:00,2,6,2,0,6.2224,0.042,0.0005
2026-09-09 02:07:00,2,7,2,0,8.883,0.045,0.0006
2026-09-09 02:08:00,2,8,2,0,6.2681,0.017,0.0015
2026-09-09 02:09:00,2,9,2,1,8.8728,0.004,0.0003
2026-09-09 02:10:00,2,10,2,0,7.1295,0.007,0.0
2026-09-09 02:11:00,2,11,2,0,6.6254,0.027,0.0015
2026-09-09 02:12:00,2,12,2,0,7.1691,0.015,0.0005
2026-09-09 02:13:00,2,13,2,0,7.4283,0.045,0.0019
2026-09-09 02:14:00,2,14,2,0,5.3516,0.02,0.0009
2026-09-09 02:15:00,2,15,2,0,6.1053,0.041,0.0014
2026-09-09 02:16:00,2,16,2,0,8.157,0.017,0.002
2026-09-09 02:17:00,2,17,2,0,8.5946,0.014,0.0012
2026-09-09 02:18:00,2,18,2,0,7.6931,0.023,0.0013
2026-09-09 02:19:00,2,19,2,0,6.6873,0.019,0.0005
2026-09-09 02:20:00,2,20,2,0,7.3317,0.011,0.0005
2026-09-09 02:21:00,2,21,2,0,4.5744,0.019,0.0019
2026-09-09 02:22:00,2,22,2,0,5.414,0.008,0.0012
2026-09-09 02:23:00,2,23,2,0,8.116,0.016,0.0008
2026-09-09 02:24:00,2,24,2,0,5.4814,0.007,0.0001
2026-09-09 02:25:00,2,25,2,0,7.6958,0.007,0.0
2026-09-09 02:26:00,2,26,2,0,7.9359,0.018,0.0013
2026-09-09 02:27:00,2,27,2,1,5.9478,0.035,0.0007
2026-09-09 02:28:00,2,28,2,0,5.716,0.002,0.0009
2026-09-09 02:29:00,2,29,2,0,5.9217,0.015,0.0014
2026-09-09 02:30:00,2,30,2,0,6.8209,0.014,0.0011
2026-09-09 02:31:00,2,31,2,0,5.0281,0.038,0.0004
2026-09-09 02:32:00,2,32,2,0,4.3792,0.043,0.0001
2026-09-09 02:33:00,2,33,2,0,5.4952,0.016,0.0015
2026-09-09 02:34:00,2,34,2,0,4.0153,0.021,0.0007
2026-09-09 02:35:00,2,35,2,0,7.2866,0.032,0.0012
2026-09-09 02:36:00,2,36,2,0,6.4749,0.043,0.0003
2026-09-09 02:37:00,2,37,2,0,5.7163,0.039,0.0003
2026-09-09 02:38:00,2,38,2,0,8.5624,0.036,0.0001
2026-09-09 02:39:00,2,39,2,0,7.8727,0.037,0.0002
2026-09-09 02:40:00,2,40,2,0,6.5123,0.021,0.0009
2026-09-09 02:41:00,2,41,2,0,5.6258,0.036,0.0
2026-09-09 02:42:00,2,42,2,0,8.7892,0.023,0.0003
2026-09-09 02:43:00,2,43,2,0,8.7216,0.029,0.0016
2026-09-09 02:44:00,2,44,2,0,8.1851,0.023,0.0005
2026-09-09 02:45:00,2,45,2,0,7.5769,0.044,0.0018
2026-09-09 02:46:00,2,46,2,0,6.5324,0.015,0.0013
2026-09-09 02:47:00,2,47,2,0,9.1326,0.04,0.0016
2026-09-09 02:48:00,2,48,2,0,8.4293,0.017,0.0001
2026-09-09 02:49:00,2,49,2,0,7.0714,0.032,0.0013
2026-09-09 02:50:00,2,50,2,0,7.4501,0.029,0.0018
2026-09-09 02:51:00,2,51,2,1,6.3393,0.016,0.0005
2026-09-09 02:52:00,2,52,2,0,4.7101,0.026,0.002
2026-09-09 02:53:00,2,53,2,0,4.8316,0.004,0.0001
2026-09-09 02:54:00,2,54,2,0,5.2935,0.014,0.0009
2026-09-09 02:55:00,2,55,2,0,4.5316,0.035,0.0004
2026-09-09 02:56:00,2,56,2,0,6.3734,0.043,0.0004
2026-09-09 02:57:00,2,57,2,0,9.3422,0.022,0.002
2026-09-09 02:58:00,2,58,2,0,5.7862,0.008,0.0009
2026-09-09 02:59:00,2,59,2,0,5.1206,0.032,0.0019
2026-09-09 03:00:00,3,0,2,0,9.294,0.003,0.0011
2026-09-09 03:01:00,3,1,2,0,6.992,0.011,0.0002
2026-09-09 03:02:00,3,2,2,0,9.2692,0.002,0.0011
2026-09-09 03:03:00,3,3,2,0,7.2399,0.016,0.0015
2026-09-09 03:04:00,3,4,2,0,8.5082,0.031,0.0007
2026-09-09 03:05:00,3,5,2,0,9.2295,0.033,0.0018
2026-09-09 03:06:00,3,6,2,0,9.1317,0.04,0.0019
2026-09-09 03:07:00,3,7,2,0,9.2389,0.022,0.0003
2026-09-09 03:08:00,3,8,2,0,8.2224,0.034,0.001
2026-09-09 03:09:00,3,9,2,1,8.3971,0.014,0.0
2026-09-09 03:10:00,3,10,2,0,5.6977,0.035,0.0009
2026-09-09 03:11:00,3,11,2,0,9.086,0.025,0.0014
2026-09-09 03:12:00,3,12,2,1,4.2288,0.013,0.0015
2026-09-09 03:13:00,3,13,2,0,8.0652,0.024,0.0007
2026-09-09 03:14:00,3,14,2,0,7.2893,0.041,0.0003
2026-09-09 03:15:00,3,15,2,0,8.8037,0.029,0.0003
2026-09-09 03:16:00,3,16,2,0,8.1223,0.032,0.0015
2026-09-09 03:17:00,3,17,2,0,4.6347,0.005,0.0004
2026-09-09 03:18:00,3,18,2,0,5.1756,0.01,0.0019
2026-09-09 03:19:00,3,19,2,0,9.494,0.043,0.0002
2026-09-09 03:20:00,3,20,2,0,9.2421,0.012,0.0012
2026-09-09 03:21:00,3,21,2,0,6.0659,0.015,0.0019
2026-09-09 03:22:00,3,22,2,0,7.7673,0.036,0.0014
2026-09-09 03:23:00,3,23,2,0,5.6629,0.027,0.0013
2026-09-09 03:24:00,3,24,2,0,5.2459,0.026,0.0015
2026-09-09 03:25:00,3,25,2,0,7.4445,0.016,0.0003
2026-09-09 03:26:00,3,26,2,0,7.5589,0.035,0.0
2026-09-09 03:27:00,3,27,2,0,5.1829,0.004,0.0009
2026-09-09 03:28:00,3,28,2,0,7.8349,0.039,0.0003
2026-09-09 03:29:00,3,29,2,0,5.1506,0.043,0.0008
2026-09-09 03:30:00,3,30,2,0,5.4014,0.043,0.0003
2026-09-09 03:31:00,3,31,2,1,7.2209,0.025,0.0009
2026-09-09 03:32:00,3,32,2,0,7.7772,0.0,0.0004
2026-09-09 03:33:00,3,33,2,0,6.7372,0.034,0.0007
2026-09-09 03:34:00,3,34,2,0,7.053,0.005,0.0015
2026-09-09 03:35:00,3,35,2,0,4.8652,0.0,0.0016
2026-09-09 03:36:00,3,36,2,0,4.6643,0.002,0.001
2026-09-09 03:37:00,3,37,2,0,6.0118,0.018,0.0005
2026-09-09 03:38:00,3,38,2,0,9.3379,0.017,0.0001
2026-09-09 03:39:00,3,39,2,1,8.0637,0.006,0.0013
2026-09-09 03:40:00,3,40,2,0,7.1377,0.018,0.0003
2026-09-09 03:41:00,3,41,2,0,8.3989,0.002,0.0001
2026-09-09 03:42:00,3,42,2,1,7.5866,0.012,0.0005
2026-09-09 03:43:00,3,43,2,0,9.4404,0.022,0.0016
2026-09-09 03:44:00,3,44,2,0,8.873,0.011,0.0014
2026-09-09 03:45:00,3,45,2,0,6.0286,0.034,0.0017
2026-09-09 03:46:00,3,46,2,0,4.7849,0.0,0.0008
2026-09-09 03:47:00,3,47,2,1,8.809,0.037,0.0012
2026-09-09 03:48:00,3,48,2,0,4.6266,0.015,0.0002
2026-09-09 03:49:00,3,49,2,0,4.4143,0.044,0.0012
2026-09-09 03:50:00,3,50,2,0,6.2121,0.016,0.0
2026-09-09 03:51:00,3,51,2,0,8.6372,0.038,0.0017
2026-09-09 03:52:00,3,52,2,0,9.242,0.022,0.0012
2026-09-09 03:53:00,3,53,2,0,5.0145,0.038,0.0005
2026-09-09 03:54:00,3,54,2,0,7.0216,0.034,0.0018
2026-09-09 03:55:00,3,55,2,0,6.2574,0.039,0.0004
2026-09-09 03:56:00,3,56,2,0,5.8642,0.014,0.0014
2026-09-09 03:57:00,3,57,2,0,8.4201,0.017,0.0012
2026-09-09 03:58:00,3,58,2,0,8.9842,0.043,0.0015
2026-09-09 03:59:00,3,59,2,0,5.2006,0.025,0.0017
2026-09-09 04:00:00,4,0,2,0,8.3492,0.045,0.0007
2026-09-09 04:01:00,4,1,2,1,4.2322,0.032,0.0011
2026-09-09 04:02:00,4,2,2,0,8.9022,0.042,0.0014
2026-09-09 04:03:00,4,3,2,0,9.1353,0.028,0.0014
2026-09-09 04:04:00,4,4,2,0,6.0824,0.036,0.0
2026-09-09 04:05:00,4,5,2,0,4.295,0.033,0.0005
2026-09-09 04:06:00,4,6,2,1,5.2575,0.02,0.0018
2026-09-09 04:07:00,4,7,2,0,7.2976,0.025,0.0014
2026-09-09 04:08:00,4,8,2,0,5.5382,0.033,0.0018
2026-09-09 04:09:00,4,9,2,1,6.5877,0.011,0.0017
2026-09-09 04:10:00,4,10,2,0,5.0983,0.035,0.0002
2026-09-09 04:11:00,4,11,2,0,5.7929,0.025,0.0001
2026-09-09 04:12:00,4,12,2,0,7.9035,0.015,0.0014
2026-09-09 04:13:00,4,13,2,0,6.3323,0.004,0.0019
2026-09-09 04:14:00,4,14,2,0,4.9946,0.005,0.0009
2026-09-09 04:15:00,4,15,2,0,6.7327,0.023,0.0014
2026-09-09 04:16:00,4,16,2,0,4.6113,0.04,0.0002
2026-09-09 04:17:00,4,17,2,0,9.286,0.025,0.002
2026-09-09 04:18:00,4,18,2,0,6.8424,0.038,0.0004
2026-09-09 04:19:00,4,19,2,0,5.6118,0.04,0.0014
2026-09-09 04:20:00,4,20,2,1,6.5117,0.0,0.002
2026-09-09 04:21:00,4,21,2,0,5.7565,0.04,0.0011
2026-09-09 04:22:00,4,22,2,0,8.2487,0.041,0.0009
2026-09-09 04:23:00,4,23,2,0,6.9498,0.017,0.0018
2026-09-09 04:24:00,4,24,2,0,4.988,0.041,0.0001
2026-09-09 04:25:00,4,25,2,0,6.0193,0.027,0.0007
2026-09-09 04:26:00,4,26,2,0,4.6982,0.03,0.0002
2026-09-09 04:27:00,4,27,2,0,4.9188,0.009,0.0002
2026-09-09 04:28:00,4,28,2,0,5.8282,0.001,0.0009
2026-09-09 04:29:00,4,29,2,0,9.2235,0.003,0.0018
2026-09-09 04:30:00,4,30,2,1,7.5576,0.019,0.001
2026-09-09 04:31:00,4,31,2,0,4.2211,0.005,0.0009
2026-09-09 04:32:00,4,32,2,0,7.5072,0.022,0.001
2026-09-09 04:33:00,4,33,2,0,8.9585,0.023,0.0014
2026-09-09 04:34:00,4,34,2,0,5.8134,0.038,0.0007
2026-09-09 04:35:00,4,35,2,0,6.8835,0.005,0.0014
2026-09-09 04:36:00,4,36,2,0,7.0242,0.041,0.0012
2026-09-09 04:37:00,4,37,2,0,5.2859,0.013,0.0004
2026-09-09 04:38:00,4,38,2,0,7.2446,0.024,0.0005
2026-09-09 04:39:00,4,39,2,0,4.1201,0.044,0.0019
2026-09-09 04:40:00,4,40,2,0,4.5478,0.021,0.0014
2026-09-09 04:41:00,4,41,2,0,5.4291,0.033,0.0007
2026-09-09 04:42:00,4,42,2,0,7.0033,0.022,0.0015
2026-09-09 04:43:00,4,43,2,0,8.7044,0.025,0.0003
2026-09-09 04:44:00,4,44,2,0,8.0134,0.006,0.0005
2026-09-09 04:45:00,4,45,2,0,6.085,0.019,0.0013
2026-09-09 04:46:00,4,46,2,0,5.2252,0.003,0.0011
2026-09-09 04:47:00,4,47,2,0,6.6858,0.004,0.0006
2026-09-09 04:48:00,4,48,2,0,6.4225,0.03,0.0
2026-09-09 04:49:00,4,49,2,0,7.1231,0.031,0.0001
2026-09-09 04:50:00,4,50,2,0,8.4756,0.023,0.0002
2026-09-09 04:51:00,4,51,2,0,5.8293,0.02,0.002
2026-09-09 04:52:00,4,52,2,0,4.3268,0.004,0.0015
2026-09-09 04:53:00,4,53,2,0,7.2703,0.003,0.0002
2026-09-09 04:54:00,4,54,2,0,8.7214,0.039,0.0005
2026-09-09 04:55:00,4,55,2,1,6.8293,0.045,0.0019
2026-09-09 04:56:00,4,56,2,0,7.9645,0.041,0.0011
2026-09-09 04:57:00,4,57,2,1,5.95,0.01,0.0012
2026-09-09 04:58:00,4,58,2,0,6.6246,0.031,0.0004
2026-09-09 04:59:00,4,59,2,0,9.3425,0.033,0.0008
2026-09-09 05:00:00,5,0,2,0,9.4646,0.026,0.0018
2026-09-09 05:01:00,5,1,2,0,4.4792,0.004,0.0005
2026-09-09 05:02:00,5,2,2,0,9.4388,0.011,0.0013
2026-09-09 05:03:00,5,3,2,0,7.1393,0.021,0.0019
2026-09-09 05:04:00,5,4,2,0,5.4004,0.019,0.0018
2026-09-09 05:05:00,5,5,2,0,7.5744,0.024,0.0004
2026-09-09 05:06:00,5,6,2,0,4.6975,0.015,0.0004
2026-09-09 05:07:00,5,7,2,1,7.6479,0.027,0.0004
2026-09-09 05:08:00,5,8,2,0,8.1327,0.028,0.0014
2026-09-09 05:09:00,5,9,2,0,9.1211,0.005,0.0018
2026-09-09 05:10:00,5,10,2,0,8.0906,0.022,0.0006
2026-09-09 05:11:00,5,11,2,0,6.6791,0.024,0.0015
2026-09-09 05:12:00,5,12,2,0,4.4894,0.043,0.0016
2026-09-09 05:13:00,5,13,2,0,4.1046,0.034,0.0007
2026-09-09 05:14:00,5,14,2,0,4.3579,0.016,0.0012
2026-09-09 05:15:00,5,15,2,0,8.3946,0.036,0.0002
2026-09-09 05:16:00,5,16,2,0,8.2832,0.03,0.0013
2026-09-09 05:17:00,5,17,2,0,5.8985,0.01,0.0003
2026-09-09 05:18:00,5,18,2,0,8.9091,0.028,0.0009
2026-09-09 05:19:00,5,19,2,0,4.7195,0.038,0.0009
2026-09-09 05:20:00,5,20,2,0,8.1126,0.041,0.0017
2026-09-09 05:21:00,5,21,2,0,7.1403,0.002,0.0011
2026-09-09 05:22:00,5,22,2,0,8.9136,0.008,0.0006
2026-09-09 05:23:00,5,23,2,0,8.5463,0.038,0.0005
2026-09-09 05:24:00,5,24,2,0,5.9845,0.042,0.0006
2026-09-09 05:25:00,5,25,2,0,8.2788,0.009,0.0013
2026-09-09 05:26:00,5,26,2,1,4.3127,0.036,0.0015
2026-09-09 05:27:00,5,27,2,0,5.4512,0.039,0.0006
2026-09-09 05:28:00,5,28,2,0,7.4636,0.019,0.0004
2026-09-09 05:29:00,5,29,2,1,7.0228,0.035,0.0009
2026-09-09 05:30:00,5,30,2,0,9.2795,0.001,0.0015
2026-09-09 05:31:00,5,31,2,1,5.1529,0.032,0.001
2026-09-09 05:32:00,5,32,2,0,4.3337,0.012,0.0001
2026-09-09 05:33:00,5,33,2,0,5.0165,0.025,0.0008
2026-09-09 05:34:00,5,34,2,0,4.546,0.032,0.0013
2026-09-09 05:35:00,5,35,2,0,4.114,0.037,0.0012
2026-09-09 05:36:00,5,36,2,0,4.3483,0.039,0.0006
2026-09-09 05:37:00,5,37,2,0,4.006,0.02,0.0004
2026-09-09 05:38:00,5,38,2,0,7.2968,0.036,0.0007
2026-09-09 05:39:00,5,39,2,0,6.6331,0.031,0.0008
2026-09-09 05:40:00,5,40,2,0,7.2782,0.02,0.0018
2026-09-09 05:41:00,5,41,2,0,5.7542,0.028,0.0003
2026-09-09 05:42:00,5,42,2,0,8.996,0.025,0.0004
2026-09-09 05:43:00,5,43,2,0,6.479,0.037,0.0013
2026-09-09 05:44:00,5,44,2,0,8.4385,0.025,0.0011
2026-09-09 05:45:00,5,45,2,0,6.8783,0.027,0.0018
2026-09-09 05:46:00,5,46,2,0,7.7142,0.028,0.0011
2026-09-09 05:47:00,5,47,2,1,6.8305,0.01,0.0016
2026-09-09 05:48:00,5,48,2,0,5.294,0.029,0.0015
2026-09-09 05:49:00,5,49,2,1,8.1765,0.019,0.0003
2026-09-09 05:50:00,5,50,2,0,6.0553,0.014,0.0004
2026-09-09 05:51:00,5,51,2,0,7.63,0.015,0.0012
2026-09-09 05:52:00,5,52,2,1,6.0221,0.042,0.0008
2026-09-09 05:53:00,5,53,2,0,7.1435,0.012,0.0002
2026-09-09 05:54:00,5,54,2,0,9.0933,0.034,0.0012
2026-09-09 05:55:00,5,55,2,0,6.0781,0.044,0.0016
2026-09-09 05:56:00,5,56,2,0,6.5542,0.04,0.0008
2026-09-09 05:57:00,5,57,2,0,8.0775,0.028,0.0007
2026-09-09 05:58:00,5,58,2,0,8.1775,0.014,0.0009
2026-09-09 05:59:00,5,59,2,1,5.4351,0.032,0.0014
2026-09-09 06:00:00,6,0,2,0,5.3217,0.012,0.0002
2026-09-09 06:01:00,6,1,2,0,4.9478,0.036,0.0018
2026-09-09 06:02:00,6,2,2,0,7.7095,0.023,0.0012
2026-09-09 06:03:00,6,3,2,0,6.2891,0.026,0.0008
2026-09-09 06:04:00,6,4,2,0,6.9504,0.043,0.0005
2026-09-09 06:05:00,6,5,2,0,6.8998,0.001,0.0002
2026-09-09 06:06:00,6,6,2,0,8.8619,0.019,0.0002
2026-09-09 06:07:00,6,7,2,0,8.2686,0.041,0.0006
2026-09-09 06:08:00,6,8,2,0,6.0178,0.039,0.0011
2026-09-09 06:09:00,6,9,2,0,5.2874,0.009,0.0016
2026-09-09 06:10:00,6,10,2,0,4.968,0.045,0.0016
2026-09-09 06:11:00,6,11,2,0,5.9684,0.022,0.0017
2026-09-09 06:12:00,6,12,2,0,8.6894,0.034,0.0004
2026-09-09 06:13:00,6,13,2,0,4.6291,0.033,0.0003
2026-09-09 06:14:00,6,14,2,0,8.3686,0.018,0.0002
2026-09-09 06:15:00,6,15,2,0,6.6059,0.005,0.0001
2026-09-09 06:16:00,6,16,2,1,4.0331,0.041,0.0006
2026-09-09 06:17:00,6,17,2,1,7.6773,0.02,0.0016
2026-09-09 06:18:00,6,18,2,0,8.4607,0.005,0.0005
2026-09-09 06:19:00,6,19,2,0,7.4019,0.014,0.0002
2026-09-09 06:20:00,6,20,2,0,8.3836,0.012,0.0009
2026-09-09 06:21:00,6,21,2,0,4.4847,0.043,0.0016
2026-09-09 06:22:00,6,22,2,0,4.9517,0.044,0.0001
2026-09-09 06:23:00,6,23,2,0,6.2874,0.028,0.0015
2026-09-09 06:24:00,6,24,2,0,5.7718,0.044,0.0009
2026-09-09 06:25:00,6,25,2,0,4.9694,0.021,0.0001
2026-09-09 06:26:00,6,26,2,0,7.8139,0.016,0.0014
2026-09-09 06:27:00,6,27,2,0,8.1755,0.042,0.0019
2026-09-09 06:28:00,6,28,2,0,8.4806,0.018,0.0016
2026-09-09 06:29:00,6,29,2,0,7.7029,0.044,0.0005
2026-09-09 06:30:00,6,30,2,0,4.4132,0.024,0.0005
2026-09-09 06:31:00,6,31,2,0,5.7316,0.04,0.0008
2026-09-09 06:32:00,6,32,2,0,4.3867,0.005,0.0016
2026-09-09 06:33:00,6,33,2,0,4.3352,0.026,0.001
2026-09-09 06:34:00,6,34,2,0,4.8497,0.029,0.0014
2026-09-09 06:35:00,6,35,2,0,9.0629,0.006,0.0002
2026-09-09 06:36:00,6,36,2,0,4.3217,0.001,0.0003
2026-09-09 06:37:00,6,37,2,0,4.9269,0.003,0.0001
2026-09-09 06:38:00,6,38,2,0,8.4686,0.003,0.002
2026-09-09 06:39:00,6,39,2,1,5.4989,0.043,0.0019
2026-09-09 06:40:00,6,40,2,1,4.8704,0.032,0.001
2026-09-09 06:41:00,6,41,2,0,6.2867,0.033,0.001
2026-09-09 06:42:00,6,42,2,0,4.7701,0.029,0.001
2026-09-09 06:43:00,6,43,2,0,9.4855,0.023,0.0017
2026-09-09 06:44:00,6,44,2,0,6.8697,0.011,0.0008
2026-09-09 06:45:00,6,45,2,0,5.8591,0.045,0.0004
2026-09-09 06:46:00,6,46,2,0,9.3576,0.018,0.0008
2026-09-09 06:47:00,6,47,2,0,8.291,0.029,0.0019
2026-09-09 06:48:00,6,48,2,1,5.1116,0.009,0.0019
2026-09-09 06:49:00,6,49,2,0,6.4018,0.036,0.0
2026-09-09 06:50:00,6,50,2,0,7.2621,0.012,0.0007
2026-09-09 06:51:00,6,51,2,0,7.3627,0.01,0.0013
2026-09-09 06:52:00,6,52,2,0,6.7891,0.01,0.0
2026-09-09 06:53:00,6,53,2,0,6.6652,0.02,0.0004
2026-09-09 06:54:00,6,54,2,0,8.5123,0.038,0.0012
2026-09-09 06:55:00,6,55,2,0,7.7449,0.025,0.001
2026-09-09 06:56:00,6,56,2,0,4.8383,0.042,0.0012
2026-09-09 06:57:00,6,57,2,0,6.3707,0.008,0.0006
2026-09-09 06:58:00,6,58,2,0,5.9416,0.021,0.0009
2026-09-09 06:59:00,6,59,2,0,4.0665,0.043,0.0017
2026-09-09 07:00:00,7,0,2,1,14.2658,0.031,0.0019
2026-09-09 07:01:00,7,1,2,1,11.2842,0.04,0.0012
2026-09-09 07:02:00,7,2,2,1,10.2525,0.033,0.0023
2026-09-09 07:03:00,7,3,2,1,9.2388,0.044,0.0012
2026-09-09 07:04:00,7,4,2,1,14.1271,0.033,0.0003
2026-09-09 07:05:00,7,5,2,2,14.0782,0.006,0.0005
2026-09-09 07:06:00,7,6,2,2,12.7509,0.004,0.0003
2026-09-09 07:07:00,7,7,2,2,10.7483,0.038,0.0008
2026-09-09 07:08:00,7,8,2,1,13.9517,0.039,0.0018
2026-09-09 07:09:00,7,9,2,2,14.0856,0.025,0.0006
2026-09-09 07:10:00,7,10,2,1,10.7729,0.018,0.0013
2026-09-09 07:11:00,7,11,2,3,13.3808,0.015,0.0006
2026-09-09 07:12:00,7,12,2,3,11.3755,0.003,0.0008
2026-09-09 07:13:00,7,13,2,1,9.3624,0.03,0.0007
2026-09-09 07:14:00,7,14,2,2,12.8975,0.04,0.0019
2026-09-09 07:15:00,7,15,2,1,11.7406,0.013,0.0018
2026-09-09 07:16:00,7,16,2,2,10.6261,0.041,0.0008
2026-09-09 07:17:00,7,17,2,3,13.2432,0.033,0.0002
2026-09-09 07:18:00,7,18,2,2,13.9981,0.047,0.0003
2026-09-09 07:19:00,7,19,2,3,12.695,0.03,0.001
2026-09-09 07:20:00,7,20,2,1,12.5805,0.034,0.0009
2026-09-09 07:21:00,7,21,2,3,13.0486,0.027,0.0005
2026-09-09 07:22:00,7,22,2,1,9.9197,0.041,0.0024
2026-09-09 07:23:00,7,23,2,2,9.7657,0.007,0.0002
2026-09-09 07:24:00,7,24,2,3,14.1662,0.032,0.0002
2026-09-09 07:25:00,7,25,2,1,14.3584,0.002,0.0002
2026-09-09 07:26:00,7,26,2,3,11.4132,0.002,0.001
2026-09-09 07:27:00,7,27,2,2,12.1392,0.041,0.0002
2026-09-09 07:28:00,7,28,2,2,12.9832,0.021,0.0004
2026-09-09 07:29:00,7,29,2,3,11.9344,0.038,0.0005
2026-09-09 07:30:00,7,30,2,1,10.5507,0.037,0.0002
2026-09-09 07:31:00,7,31,2,2,13.009,0.04,0.0004
2026-09-09 07:32:00,7,32,2,1,9.8327,0.016,0.0004
2026-09-09 07:33:00,7,33,2,2,13.0815,0.017,0.0
2026-09-09 07:34:00,7,34,2,1,14.1368,0.034,0.0006
2026-09-09 07:35:00,7,35,2,1,14.3787,0.047,0.0017
2026-09-09 07:36:00,7,36,2,1,9.0805,0.002,0.0016
2026-09-09 07:37:00,7,37,2,3,13.2209,0.046,0.0009
2026-09-09 07:38:00,7,38,2,3,13.5723,0.036,0.0009
2026-09-09 07:39:00,7,39,2,2,9.4792,0.032,0.001
2026-09-09 07:40:00,7,40,2,1,10.7673,0.003,0.0021
2026-09-09 07:41:00,7,41,2,2,12.8653,0.031,0.0026
2026-09-09 07:42:00,7,42,2,2,14.0434,0.016,0.0005
2026-09-09 07:43:00,7,43,2,1,13.344,0.013,0.0006
2026-09-09 07:44:00,7,44,2,2,13.1783,0.045,0.0011
2026-09-09 07:45:00,7,45,2,2,11.1353,0.025,0.0012
2026-09-09 07:46:00,7,46,2,3,11.152,0.01,0.002
2026-09-09 07:47:00,7,47,2,3,10.2377,0.037,0.0016
2026-09-09 07:48:00,7,48,2,3,11.6608,0.007,0.0012
2026-09-09 07:49:00,7,49,2,2,9.9071,0.036,0.0004
2026-09-09 07:50:00,7,50,2,2,11.7193,0.043,0.0004
2026-09-09 07:51:00,7,51,2,2,9.3461,0.043,0.0009
2026-09-09 07:52:00,7,52,2,3,12.398,0.048,0.0018
2026-09-09 07:53:00,7,53,2,1,13.0458,0.001,0.0021
2026-09-09 07:54:00,7,54,2,3,9.9936,0.038,0.0003
2026-09-09 07:55:00,7,55,2,3,10.15,0.051,0.001
2026-09-09 07:56:00,7,56,2,2,10.2504,0.024,0.0021
2026-09-09 07:57:00,7,57,2,3,12.5943,0.03,0.0014
2026-09-09 07:58:00,7,58,2,1,9.9386,0.038,0.001
2026-09-09 07:59:00,7,59,2,1,13.0912,0.039,0.0015
2026-09-09 08:00:00,8,0,2,3,21.4537,1.315,0.0181
2026-09-09 08:01:00,8,1,2,4,15.2042,0.346,0.0589
2026-09-09 08:02:00,8,2,2,4,55.3036,1.274,0.0122
2026-09-09 08:03:00,8,3,2,3,37.5796,0.252,0.0629
2026-09-09 08:04:00,8,4,2,3,24.2507,0.755,0.0368
2026-09-09 08:05:00,8,5,2,4,26.899,0.498,0.0583
2026-09-09 08:06:00,8,6,2,3,62.4947,1.191,0.0292
2026-09-09 08:07:00,8,7,2,4,25.7395,1.099,0.0356
2026-09-09 08:08:00,8,8,2,3,17.0397,0.255,0.0244
2026-09-09 08:09:00,8,9,2,4,48.2164,1.224,0.0231
2026-09-09 08:10:00,8,10,2,5,24.1083,1.247,0.0454
2026-09-09 08:11:00,8,11,2,4,27.5333,1.171,0.0272
2026-09-09 08:12:00,8,12,2,5,24.073,0.736,0.0489
2026-09-09 08:13:00,8,13,2,5,24.1855,0.195,0.0471
2026-09-09 08:14:00,8,14,2,4,23.0,0.516,0.0353
2026-09-09 08:15:00,8,15,2,1,10.6095,0.001,0.002
2026-09-09 08:16:00,8,16,2,3,14.1896,0.02,0.0017
2026-09-09 08:17:00,8,17,2,1,12.3394,0.014,0.002
2026-09-09 08:18:00,8,18,2,3,11.0751,0.041,0.0009
2026-09-09 08:19:00,8,19,2,2,11.2803,0.011,0.0012
2026-09-09 08:20:00,8,20,2,1,9.6375,0.01,0.0007
2026-09-09 08:21:00,8,21,2,1,13.6727,0.039,0.0002
2026-09-09 08:22:00,8,22,2,2,13.2354,0.018,0.0
2026-09-09 08:23:00,8,23,2,2,10.0915,0.013,0.0024
2026-09-09 08:24:00,8,24,2,1,10.606,0.025,0.0025
2026-09-09 08:25:00,8,25,2,2,13.9819,0.051,0.0013
2026-09-09 08:26:00,8,26,2,1,12.125,0.043,0.0008
2026-09-09 08:27:00,8,27,2,2,11.8381,0.001,0.0002
2026-09-09 08:28:00,8,28,2,2,9.3144,0.01,0.0004
2026-09-09 08:29:00,8,29,2,1,9.5539,0.05,0.0023
2026-09-09 08:30:00,8,30,2,2,10.4035,0.029,0.0013
2026-09-09 08:31:00,8,31,2,2,9.5256,0.032,0.0014
2026-09-09 08:32:00,8,32,2,3,13.5503,0.003,0.0001
2026-09-09 08:33:00,8,33,2,3,10.0648,0.005,0.0012
2026-09-09 08:34:00,8,34,2,2,13.7879,0.051,0.0015
2026-09-09 08:35:00,8,35,2,1,10.4659,0.045,0.0006
2026-09-09 08:36:00,8,36,2,1,9.3097,0.034,0.0006
2026-09-09 08:37:00,8,37,2,1,10.4005,0.008,0.0015
2026-09-09 08:38:00,8,38,2,1,11.2735,0.033,0.0016
2026-09-09 08:39:00,8,39,2,3,12.921,0.038,0.0003
2026-09-09 08:40:00,8,40,2,3,10.3596,0.025,0.0006
2026-09-09 08:41:00,8,41,2,1,14.3761,0.024,0.0016
2026-09-09 08:42:00,8,42,2,3,11.3829,0.039,0.0004
2026-09-09 08:43:00,8,43,2,1,9.295,0.045,0.0026
2026-09-09 08:44:00,8,44,2,1,14.4532,0.04,0.0006
2026-09-09 08:45:00,8,45,2,1,10.0378,0.026,0.0
2026-09-09 08:46:00,8,46,2,2,9.9625,0.052,0.0012
2026-09-09 08:47:00,8,47,2,3,9.7047,0.007,0.0017
2026-09-09 08:48:00,8,48,2,2,12.0337,0.003,0.0016
2026-09-09 08:49:00,8,49,2,1,13.4089,0.04,0.0004
2026-09-09 08:50:00,8,50,2,2,13.0511,0.022,0.0026
2026-09-09 08:51:00,8,51,2,1,9.1515,0.049,0.0023
2026-09-09 08:52:00,8,52,2,2,10.9019,0.026,0.0011
2026-09-09 08:53:00,8,53,2,2,10.7179,0.04,0.0012
2026-09-09 08:54:00,8,54,2,1,11.7505,0.041,0.0019
2026-09-09 08:55:00,8,55,2,3,11.5734,0.018,0.0015
2026-09-09 08:56:00,8,56,2,2,10.0125,0.04,0.002
2026-09-09 08:57:00,8,57,2,1,10.8175,0.018,0.0013
2026-09-09 08:58:00,8,58,2,2,13.7092,0.037,0.0001
2026-09-09 08:59:00,8,59,2,2,14.0564,0.011,0.0001
2026-09-09 09:00:00,9,0,2,1,13.4964,0.027,0.0022
2026-09-09 09:01:00,9,1,2,1,12.0783,0.05,0.001
2026-09-09 09:02:00,9,2,2,3,9.0651,0.047,0.0024
2026-09-09 09:03:00,9,3,2,2,9.6797,0.032,0.0024
2026-09-09 09:04:00,9,4,2,2,11.886,0.039,0.0019
2026-09-09 09:05:00,9,5,2,2,11.4273,0.007,0.0023
2026-09-09 09:06:00,9,6,2,2,9.6984,0.002,0.0023
2026-09-09 09:07:00,9,7,2,2,12.701,0.031,0.0003
2026-09-09 09:08:00,9,8,2,1,13.3755,0.018,0.0016
2026-09-09 09:09:00,9,9,2,1,13.7106,0.016,0.0017
2026-09-09 09:10:00,9,10,2,3,11.0933,0.024,0.0003
2026-09-09 09:11:00,9,11,2,1,9.4972,0.005,0.0016
2026-09-09 09:12:00,9,12,2,1,14.0751,0.012,0.0022
2026-09-09 09:13:00,9,13,2,1,11.8798,0.048,0.0022
2026-09-09 09:14:00,9,14,2,1,13.0032,0.011,0.0006
2026-09-09 09:15:00,9,15,2,1,14.0925,0.039,0.0024
2026-09-09 09:16:00,9,16,2,1,11.6026,0.002,0.0016
2026-09-09 09:17:00,9,17,2,3,10.2643,0.039,0.002
2026-09-09 09:18:00,9,18,2,2,10.1345,0.006,0.0002
2026-09-09 09:19:00,9,19,2,2,11.3052,0.032,0.0023
2026-09-09 09:20:00,9,20,2,2,13.9942,0.049,0.0002
2026-09-09 09:21:00,9,21,2,2,13.7497,0.018,0.0
2026-09-09 09:22:00,9,22,2,1,12.8003,0.007,0.0008
2026-09-09 09:23:00,9,23,2,2,10.7393,0.021,0.0002
2026-09-09 09:24:00,9,24,2,2,12.912,0.035,0.0014
2026-09-09 09:25:00,9,25,2,1,10.269,0.05,0.0009
2026-09-09 09:26:00,9,26,2,2,10.8324,0.026,0.0005
2026-09-09 09:27:00,9,27,2,1,13.9436,0.008,0.0018
2026-09-09 09:28:00,9,28,2,3,12.8942,0.029,0.0026
2026-09-09 09:29:00,9,29,2,2,9.4142,0.012,0.0022
2026-09-09 09:30:00,9,30,2,1,12.0268,0.029,0.0017
2026-09-09 09:31:00,9,31,2,2,13.6571,0.021,0.0015
2026-09-09 09:32:00,9,32,2,2,9.6455,0.033,0.0002
2026-09-09 09:33:00,9,33,2,2,10.224,0.023,0.002
2026-09-09 09:34:00,9,34,2,3,11.392,0.051,0.0008
2026-09-09 09:35:00,9,35,2,3,9.4959,0.036,0.0018
2026-09-09 09:36:00,9,36,2,1,10.3327,0.017,0.0023
2026-09-09 09:37:00,9,37,2,2,11.8283,0.028,0.0018
2026-09-09 09:38:00,9,38,2,3,11.3688,0.034,0.0018
2026-09-09 09:39:00,9,39,2,3,14.0141,0.024,0.0023
2026-09-09 09:40:00,9,40,2,1,13.3324,0.029,0.0004
2026-09-09 09:41:00,9,41,2,2,13.7708,0.03,0.0007
2026-09-09 09:42:00,9,42,2,2,10.2136,0.024,0.0022
2026-09-09 09:43:00,9,43,2,1,10.3772,0.017,0.002
2026-09-09 09:44:00,9,44,2,2,10.3085,0.034,0.001
2026-09-09 09:45:00,9,45,2,1,9.5769,0.048,0.0001
2026-09-09 09:46:00,9,46,2,2,14.1609,0.05,0.0005
2026-09-09 09:47:00,9,47,2,1,9.366,0.039,0.0012
2026-09-09 09:48:00,9,48,2,1,9.7829,0.012,0.0018
2026-09-09 09:49:00,9,49,2,2,13.0603,0.019,0.0011
2026-09-09 09:50:00,9,50,2,3,9.8545,0.014,0.0017
2026-09-09 09:51:00,9,51,2,3,12.2731,0.001,0.0015
2026-09-09 09:52:00,9,52,2,3,13.4183,0.003,0.0012
2026-09-09 09:53:00,9,53,2,2,12.2003,0.015,0.0004
2026-09-09 09:54:00,9,54,2,2,12.6668,0.035,0.0025
2026-09-09 09:55:00,9,55,2,3,10.6393,0.027,0.0012
2026-09-09 09:56:00,9,56,2,3,11.9989,0.033,0.0012
2026-09-09 09:57:00,9,57,2,2,11.7269,0.008,0.0006
2026-09-09 09:58:00,9,58,2,3,11.4361,0.051,0.001
2026-09-09 09:59:00,9,59,2,1,12.0974,0.011,0.0007
2026-09-09 10:00:00,10,0,2,4,20.653,1.021,0.03
2026-09-09 10:01:00,10,1,2,3,16.4675,0.261,0.017
2026-09-09 10:02:00,10,2,2,4,29.8793,0.442,0.038
2026-09-09 10:03:00,10,3,2,4,20.4566,0.648,0.061
2026-09-09 10:04:00,10,4,2,4,49.784,0.804,0.0434
2026-09-09 10:05:00,10,5,2,4,45.1089,0.221,0.0158
2026-09-09 10:06:00,10,6,2,5,40.6849,0.638,0.0227
2026-09-09 10:07:00,10,7,2,5,21.0516,0.885,0.03
2026-09-09 10:08:00,10,8,2,5,45.4084,0.243,0.0161
2026-09-09 10:09:00,10,9,2,4,26.358,0.615,0.0255
2026-09-09 10:10:00,10,10,2,5,53.9053,0.285,0.0147
2026-09-09 10:11:00,10,11,2,4,64.7564,0.382,0.0226
2026-09-09 10:12:00,10,12,2,3,49.5393,0.779,0.056
2026-09-09 10:13:00,10,13,2,3,64.7535,0.703,0.0576
2026-09-09 10:14:00,10,14,2,3,55.2573,0.777,0.0625
2026-09-09 10:15:00,10,15,2,3,12.6027,0.023,0.0015
2026-09-09 10:16:00,10,16,2,2,12.9036,0.051,0.0016
2026-09-09 10:17:00,10,17,2,1,13.7033,0.04,0.0004
2026-09-09 10:18:00,10,18,2,2,10.3092,0.051,0.0011
2026-09-09 10:19:00,10,19,2,1,10.9565,0.015,0.0011
2026-09-09 10:20:00,10,20,2,2,13.1391,0.029,0.0014
2026-09-09 10:21:00,10,21,2,2,9.2047,0.019,0.0006
2026-09-09 10:22:00,10,22,2,2,13.6549,0.036,0.001
2026-09-09 10:23:00,10,23,2,2,13.3402,0.005,0.0006
2026-09-09 10:24:00,10,24,2,2,10.4729,0.034,0.0001
2026-09-09 10:25:00,10,25,2,2,12.9055,0.048,0.0019
2026-09-09 10:26:00,10,26,2,2,13.3061,0.025,0.001
2026-09-09 10:27:00,10,27,2,1,11.8023,0.05,0.0003
2026-09-09 10:28:00,10,28,2,1,10.9822,0.004,0.0006
2026-09-09 10:29:00,10,29,2,2,13.8918,0.001,0.0018
2026-09-09 10:30:00,10,30,2,2,10.3411,0.028,0.0025
2026-09-09 10:31:00,10,31,2,2,14.1225,0.025,0.0024
2026-09-09 10:32:00,10,32,2,2,9.1981,0.007,0.0004
2026-09-09 10:33:00,10,33,2,1,14.3564,0.028,0.0013
2026-09-09 10:34:00,10,34,2,3,11.5907,0.019,0.0024
2026-09-09 10:35:00,10,35,2,1,10.2672,0.0,0.0012
2026-09-09 10:36:00,10,36,2,3,12.0841,0.002,0.0007
2026-09-09 10:37:00,10,37,2,1,10.2911,0.012,0.0021
2026-09-09 10:38:00,10,38,2,3,13.194,0.033,0.0015
2026-09-09 10:39:00,10,39,2,2,9.7485,0.036,0.0021
2026-09-09 10:40:00,10,40,2,3,10.4455,0.037,0.0004
2026-09-09 10:41:00,10,41,2,1,14.3048,0.005,0.0023
2026-09-09 10:42:00,10,42,2,1,14.3932,0.037,0.0012
2026-09-09 10:43:00,10,43,2,2,11.0891,0.042,0.002
2026-09-09 10:44:00,10,44,2,2,11.0338,0.05,0.0004
2026-09-09 10:45:00,10,45,2,1,13.1566,0.032,0.0024
2026-09-09 10:46:00,10,46,2,3,13.4876,0.01,0.0024
2026-09-09 10:47:00,10,47,2,2,12.263,0.018,0.0002
2026-09-09 10:48:00,10,48,2,1,11.0,0.038,0.002
2026-09-09 10:49:00,10,49,2,1,11.9552,0.047,0.0007
2026-09-09 10:50:00,10,50,2,3,11.9873,0.003,0.001
2026-09-09 10:51:00,10,51,2,1,12.6249,0.01,0.0024
2026-09-09 10:52:00,10,52,2,2,9.7443,0.045,0.0013
2026-09-09 10:53:00,10,53,2,1,11.3325,0.03,0.0005
2026-09-09 10:54:00,10,54,2,1,12.7753,0.048,0.0005
2026-09-09 10:55:00,10,55,2,1,10.1022,0.028,0.0026
2026-09-09 10:56:00,10,56,2,1,12.8111,0.017,0.0023
2026-09-09 10:57:00,10,57,2,1,9.8303,0.042,0.0001
2026-09-09 10:58:00,10,58,2,1,10.1397,0.045,0.0022
2026-09-09 10:59:00,10,59,2,1,10.5364,0.012,0.0021
2026-09-09 11:00:00,11,0,2,3,11.3033,0.031,0.0025
2026-09-09 11:01:00,11,1,2,1,12.2121,0.018,0.0026
2026-09-09 11:02:00,11,2,2,1,13.0177,0.047,0.0015
2026-09-09 11:03:00,11,3,2,2,10.6751,0.018,0.0006
2026-09-09 11:04:00,11,4,2,2,14.0662,0.025,0.0021
2026-09-09 11:05:00,11,5,2,2,10.5321,0.046,0.0012
2026-09-09 11:06:00,11,6,2,2,11.8237,0.027,0.0021
2026-09-09 11:07:00,11,7,2,1,13.0449,0.042,0.0005
2026-09-09 11:08:00,11,8,2,1,13.0293,0.045,0.0018
2026-09-09 11:09:00,11,9,2,3,10.7644,0.041,0.0025
2026-09-09 11:10:00,11,10,2,2,10.4542,0.021,0.0011
2026-09-09 11:11:00,11,11,2,3,11.5144,0.004,0.0016
2026-09-09 11:12:00,11,12,2,2,12.5668,0.039,0.0013
2026-09-09 11:13:00,11,13,2,1,12.4941,0.002,0.0023
2026-09-09 11:14:00,11,14,2,2,13.5208,0.007,0.0007
2026-09-09 11:15:00,11,15,2,2,12.6928,0.025,0.0014
2026-09-09 11:16:00,11,16,2,3,9.4048,0.027,0.0008
2026-09-09 11:17:00,11,17,2,1,12.7962,0.028,0.0013
2026-09-09 11:18:00,11,18,2,2,9.6079,0.017,0.0017
2026-09-09 11:19:00,11,19,2,1,11.542,0.041,0.0003
2026-09-09 11:20:00,11,20,2,3,10.8378,0.031,0.0006
2026-09-09 11:21:00,11,21,2,1,9.2474,0.005,0.001
2026-09-09 11:22:00,11,22,2,1,13.1727,0.023,0.0004
2026-09-09 11:23:00,11,23,2,3,10.5398,0.028,0.0016
2026-09-09 11:24:00,11,24,2,2,9.4394,0.046,0.0014
2026-09-09 11:25:00,11,25,2,3,13.5538,0.035,0.0015
2026-09-09 11:26:00,11,26,2,1,13.3177,0.034,0.0013
2026-09-09 11:27:00,11,27,2,1,12.2532,0.018,0.0002
2026-09-09 11:28:00,11,28,2,1,9.6075,0.043,0.0017
2026-09-09 11:29:00,11,29,2,2,12.659,0.047,0.0016
2026-09-09 11:30:00,11,30,2,2,11.4905,0.027,0.0011
2026-09-09 11:31:00,11,31,2,2,12.6006,0.017,0.0014
2026-09-09 11:32:00,11,32,2,2,13.3047,0.038,0.0005
2026-09-09 11:33:00,11,33,2,1,13.9283,0.004,0.0016
2026-09-09 11:34:00,11,34,2,2,12.5939,0.051,0.0019
2026-09-09 11:35:00,11,35,2,2,10.4519,0.014,0.0019
2026-09-09 11:36:00,11,36,2,3,9.3293,0.03,0.0003
2026-09-09 11:37:00,11,37,2,3,12.0145,0.025,0.001
2026-09-09 11:38:00,11,38,2,2,10.8966,0.009,0.0019
2026-09-09 11:39:00,11,39,2,1,11.4655,0.027,0.0001
2026-09-09 11:40:00,11,40,2,2,9.4516,0.037,0.001
2026-09-09 11:41:00,11,41,2,3,10.5556,0.024,0.0005
2026-09-09 11:42:00,11,42,2,2,13.2671,0.049,0.0013
2026-09-09 11:43:00,11,43,2,3,14.4052,0.006,0.0021
2026-09-09 11:44:00,11,44,2,3,10.6951,0.028,0.0025
2026-09-09 11:45:00,11,45,2,1,13.6915,0.011,0.0005
2026-09-09 11:46:00,11,46,2,3,11.948,0.007,0.0004
2026-09-09 11:47:00,11,47,2,3,12.0157,0.019,0.0019
2026-09-09 11:48:00,11,48,2,1,14.0781,0.049,0.0022
2026-09-09 11:49:00,11,49,2,2,14.0229,0.016,0.0018
2026-09-09 11:50:00,11,50,2,1,11.947,0.015,0.0003
2026-09-09 11:51:00,11,51,2,3,14.2958,0.051,0.0007
2026-09-09 11:52:00,11,52,2,1,10.0196,0.042,0.0001
2026-09-09 11:53:00,11,53,2,2,13.9349,0.039,0.0009
2026-09-09 11:54:00,11,54,2,2,12.5158,0.023,0.0007
2026-09-09 11:55:00,11,55,2,2,9.2775,0.005,0.0013
2026-09-09 11:56:00,11,56,2,2,13.0832,0.035,0.0012
2026-09-09 11:57:00,11,57,2,2,10.1764,0.043,0.0003
2026-09-09 11:58:00,11,58,2,3,10.9048,0.048,0.0014
2026-09-09 11:59:00,11,59,2,1,11.1342,0.002,0.0007
2026-09-09 12:00:00,12,0,2,4,46.3396,1.231,0.0239
2026-09-09 12:01:00,12,1,2,5,58.1811,0.295,0.0294
2026-09-09 12:02:00,12,2,2,5,37.318,0.973,0.0236
2026-09-09 12:03:00,12,3,2,4,47.977,0.68,0.0195
2026-09-09 12:04:00,12,4,2,4,35.7629,1.087,0.0109
2026-09-09 12:05:00,12,5,2,4,23.252,1.228,0.0578
2026-09-09 12:06:00,12,6,2,5,32.0979,1.168,0.0409
2026-09-09 12:07:00,12,7,2,4,22.8102,1.129,0.0429
2026-09-09 12:08:00,12,8,2,5,26.1338,0.728,0.0219
2026-09-09 12:09:00,12,9,2,3,55.2326,1.001,0.0231
2026-09-09 12:10:00,12,10,2,5,26.2003,0.824,0.0137
2026-09-09 12:11:00,12,11,2,4,35.1962,0.732,0.0491
2026-09-09 12:12:00,12,12,2,4,50.4993,0.784,0.061
2026-09-09 12:13:00,12,13,2,5,49.6039,0.316,0.0636
2026-09-09 12:14:00,12,14,2,5,31.4287,1.031,0.0303
2026-09-09 12:15:00,12,15,2,1,11.3382,0.035,0.0025
2026-09-09 12:16:00,12,16,2,3,12.7015,0.019,0.0013
2026-09-09 12:17:00,12,17,2,1,9.4541,0.028,0.0025
2026-09-09 12:18:00,12,18,2,2,10.5228,0.03,0.0013
2026-09-09 12:19:00,12,19,2,2,14.1581,0.049,0.0014
2026-09-09 12:20:00,12,20,2,2,11.7635,0.019,0.001
2026-09-09 12:21:00,12,21,2,2,10.0139,0.019,0.0008
2026-09-09 12:22:00,12,22,2,2,11.823,0.034,0.0016
2026-09-09 12:23:00,12,23,2,1,10.5921,0.017,0.0019
2026-09-09 12:24:00,12,24,2,2,9.8907,0.018,0.0015
2026-09-09 12:25:00,12,25,2,1,14.3899,0.021,0.0
2026-09-09 12:26:00,12,26,2,2,10.8988,0.012,0.0015
2026-09-09 12:27:00,12,27,2,1,12.6567,0.032,0.0005
2026-09-09 12:28:00,12,28,2,2,13.1458,0.039,0.0011
2026-09-09 12:29:00,12,29,2,1,13.5303,0.025,0.0011
2026-09-09 12:30:00,12,30,2,2,13.8593,0.034,0.0018
2026-09-09 12:31:00,12,31,2,2,12.3226,0.028,0.0004
2026-09-09 12:32:00,12,32,2,1,13.7668,0.049,0.0003
2026-09-09 12:33:00,12,33,2,3,9.817,0.015,0.002
2026-09-09 12:34:00,12,34,2,3,12.5196,0.002,0.0023
2026-09-09 12:35:00,12,35,2,3,14.0704,0.046,0.0023
2026-09-09 12:36:00,12,36,2,2,9.8232,0.031,0.0001
2026-09-09 12:37:00,12,37,2,2,11.8228,0.012,0.0021
2026-09-09 12:38:00,12,38,2,3,11.9174,0.022,0.0004
2026-09-09 12:39:00,12,39,2,1,12.1811,0.01,0.0016
2026-09-09 12:40:00,12,40,2,1,9.7116,0.0,0.0022
2026-09-09 12:41:00,12,41,2,2,13.6486,0.014,0.0003
2026-09-09 12:42:00,12,42,2,2,13.177,0.014,0.0018
2026-09-09 12:43:00,12,43,2,2,13.3898,0.012,0.0013
2026-09-09 12:44:00,12,44,2,1,11.0664,0.043,0.0015
2026-09-09 12:45:00,12,45,2,2,11.8536,0.002,0.0022
2026-09-09 12:46:00,12,46,2,2,13.5533,0.015,0.0007
2026-09-09 12:47:00,12,47,2,3,13.4088,0.04,0.0021
2026-09-09 12:48:00,12,48,2,2,9.4091,0.028,0.0024
2026-09-09 12:49:00,12,49,2,2,9.7921,0.016,0.0021
2026-09-09 12:50:00,12,50,2,2,12.1449,0.021,0.0022
2026-09-09 12:51:00,12,51,2,2,13.2619,0.024,0.0024
2026-09-09 12:52:00,12,52,2,2,11.6762,0.02,0.001
2026-09-09 12:53:00,12,53,2,1,13.6342,0.014,0.0004
2026-09-09 12:54:00,12,54,2,3,13.8938,0.042,0.0025
2026-09-09 12:55:00,12,55,2,2,11.7197,0.017,0.0023
2026-09-09 12:56:00,12,56,2,2,13.9664,0.041,0.001
2026-09-09 12:57:00,12,57,2,2,9.2196,0.031,0.0018
2026-09-09 12:58:00,12,58,2,1,9.584,0.05,0.0011
2026-09-09 12:59:00,12,59,2,1,12.8336,0.051,0.0015
2026-09-09 13:00:00,13,0,2,2,13.6346,0.039,0.0012
2026-09-09 13:01:00,13,1,2,1,10.5789,0.018,0.002
2026-09-09 13:02:00,13,2,2,2,13.1935,0.042,0.0009
2026-09-09 13:03:00,13,3,2,1,12.0149,0.003,0.0004
2026-09-09 13:04:00,13,4,2,3,10.2111,0.001,0.0017
2026-09-09 13:05:00,13,5,2,2,12.8169,0.024,0.0025
2026-09-09 13:06:00,13,6,2,1,14.4704,0.041,0.0015
2026-09-09 13:07:00,13,7,2,1,11.4983,0.038,0.0024
2026-09-09 13:08:00,13,8,2,2,14.2403,0.025,0.0004
2026-09-09 13:09:00,13,9,2,3,13.9036,0.046,0.0019
2026-09-09 13:10:00,13,10,2,1,9.8744,0.009,0.0019
2026-09-09 13:11:00,13,11,2,1,11.3973,0.023,0.0016
2026-09-09 13:12:00,13,12,2,2,14.4672,0.003,0.0018
2026-09-09 13:13:00,13,13,2,1,10.0449,0.044,0.0012
2026-09-09 13:14:00,13,14,2,1,12.7875,0.013,0.0023
2026-09-09 13:15:00,13,15,2,2,10.9081,0.037,0.002
2026-09-09 13:16:00,13,16,2,2,12.6831,0.018,0.0025
2026-09-09 13:17:00,13,17,2,1,10.334,0.047,0.0007
2026-09-09 13:18:00,13,18,2,3,11.2923,0.013,0.0025
2026-09-09 13:19:00,13,19,2,2,14.1327,0.014,0.0019
2026-09-09 13:20:00,13,20,2,2,10.8425,0.005,0.0008
2026-09-09 13:21:00,13,21,2,3,12.541,0.038,0.0014
2026-09-09 13:22:00,13,22,2,1,10.0366,0.007,0.0021
2026-09-09 13:23:00,13,23,2,3,13.9985,0.01,0.0006
2026-09-09 13:24:00,13,24,2,1,14.4863,0.04,0.0007
2026-09-09 13:25:00,13,25,2,1,9.53,0.005,0.0022
2026-09-09 13:26:00,13,26,2,1,12.8269,0.042,0.0009
2026-09-09 13:27:00,13,27,2,2,12.7661,0.029,0.0022
2026-09-09 13:28:00,13,28,2,1,10.987,0.046,0.0023
2026-09-09 13:29:00,13,29,2,3,12.742,0.035,0.0006
2026-09-09 13:30:00,13,30,2,1,10.0914,0.008,0.0003
2026-09-09 13:31:00,13,31,2,2,10.8147,0.036,0.0007
2026-09-09 13:32:00,13,32,2,2,13.9393,0.009,0.0002
2026-09-09 13:33:00,13,33,2,3,12.2334,0.035,0.0017
2026-09-09 13:34:00,13,34,2,2,12.0499,0.008,0.0025
2026-09-09 13:35:00,13,35,2,3,9.2722,0.0,0.0022
2026-09-09 13:36:00,13,36,2,1,9.6134,0.05,0.0007
2026-09-09 13:37:00,13,37,2,2,13.921,0.037,0.0022
2026-09-09 13:38:00,13,38,2,2,13.3715,0.027,0.0013
2026-09-09 13:39:00,13,39,2,2,9.6325,0.045,0.0019
2026-09-09 13:40:00,13,40,2,3,9.7677,0.012,0.0023
2026-09-09 13:41:00,13,41,2,1,9.3899,0.013,0.0026
2026-09-09 13:42:00,13,42,2,2,13.5109,0.002,0.0024
2026-09-09 13:43:00,13,43,2,1,9.3955,0.026,0.0014
2026-09-09 13:44:00,13,44,2,3,9.2228,0.04,0.0015
2026-09-09 13:45:00,13,45,2,3,11.3749,0.004,0.002
2026-09-09 13:46:00,13,46,2,2,13.0546,0.024,0.0006
2026-09-09 13:47:00,13,47,2,2,10.3457,0.037,0.0005
2026-09-09 13:48:00,13,48,2,1,9.3359,0.031,0.0023
2026-09-09 13:49:00,13,49,2,2,10.445,0.035,0.0005
2026-09-09 13:50:00,13,50,2,1,10.677,0.037,0.0006
2026-09-09 13:51:00,13,51,2,1,9.4669,0.048,0.0019
2026-09-09 13:52:00,13,52,2,1,11.5188,0.035,0.0008
2026-09-09 13:53:00,13,53,2,1,12.3086,0.012,0.0001
2026-09-09 13:54:00,13,54,2,1,10.4162,0.039,0.0011
2026-09-09 13:55:00,13,55,2,3,12.1889,0.052,0.0023
2026-09-09 13:56:00,13,56,2,1,11.2813,0.039,0.0
2026-09-09 13:57:00,13,57,2,3,12.2277,0.045,0.0022
2026-09-09 13:58:00,13,58,2,2,10.4989,0.051,0.0004
2026-09-09 13:59:00,13,59,2,3,12.1845,0.032,0.0018
2026-09-09 14:00:00,14,0,2,3,62.639,0.926,0.045
2026-09-09 14:01:00,14,1,2,4,42.6844,0.242,0.0484
2026-09-09 14:02:00,14,2,2,5,24.2709,0.521,0.0477
2026-09-09 14:03:00,14,3,2,4,34.5745,0.613,0.0188
2026-09-09 14:04:00,14,4,2,3,63.117,0.819,0.0403
2026-09-09 14:05:00,14,5,2,4,34.418,0.267,0.0453
2026-09-09 14:06:00,14,6,2,3,20.3696,1.261,0.0463
2026-09-09 14:07:00,14,7,2,4,44.8296,0.97,0.0607
2026-09-09 14:08:00,14,8,2,4,29.2182,0.509,0.0255
2026-09-09 14:09:00,14,9,2,5,41.6758,1.064,0.0364
2026-09-09 14:10:00,14,10,2,3,19.4405,0.279,0.0547
2026-09-09 14:11:00,14,11,2,4,50.3643,0.407,0.0586
2026-09-09 14:12:00,14,12,2,4,64.8126,0.493,0.0614
2026-09-09 14:13:00,14,13,2,5,38.9879,0.294,0.0227
2026-09-09 14:14:00,14,14,2,5,19.4372,1.048,0.031
2026-09-09 14:15:00,14,15,2,2,11.491,0.032,0.0012
2026-09-09 14:16:00,14,16,2,2,13.6146,0.027,0.0012
2026-09-09 14:17:00,14,17,2,1,12.1242,0.037,0.0012
2026-09-09 14:18:00,14,18,2,1,9.5433,0.034,0.0018
2026-09-09 14:19:00,14,19,2,2,13.245,0.051,0.0019
2026-09-09 14:20:00,14,20,2,1,11.8465,0.036,0.0013
2026-09-09 14:21:00,14,21,2,2,11.7619,0.03,0.0024
2026-09-09 14:22:00,14,22,2,3,11.0545,0.013,0.0023
2026-09-09 14:23:00,14,23,2,2,12.8991,0.049,0.0022
2026-09-09 14:24:00,14,24,2,2,12.9042,0.037,0.0009
2026-09-09 14:25:00,14,25,2,2,11.55,0.051,0.0018
2026-09-09 14:26:00,14,26,2,2,13.9487,0.005,0.0006
2026-09-09 14:27:00,14,27,2,2,9.0776,0.036,0.0022
2026-09-09 14:28:00,14,28,2,1,11.9794,0.03,0.0016
2026-09-09 14:29:00,14,29,2,2,10.6239,0.042,0.0008
2026-09-09 14:30:00,14,30,2,2,11.0106,0.01,0.0022
2026-09-09 14:31:00,14,31,2,1,11.2211,0.038,0.0003
2026-09-09 14:32:00,14,32,2,3,12.8095,0.036,0.0025
2026-09-09 14:33:00,14,33,2,1,9.456,0.033,0.0005
2026-09-09 14:34:00,14,34,2,3,13.1012,0.037,0.0023
2026-09-09 14:35:00,14,35,2,1,11.0273,0.052,0.0008
2026-09-09 14:36:00,14,36,2,1,10.6365,0.017,0.0008
2026-09-09 14:37:00,14,37,2,2,12.9137,0.05,0.0024
2026-09-09 14:38:00,14,38,2,2,12.0202,0.005,0.0011
2026-09-09 14:39:00,14,39,2,1,13.3623,0.006,0.0023
2026-09-09 14:40:00,14,40,2,2,9.7861,0.037,0.0019
2026-09-09 14:41:00,14,41,2,2,9.7587,0.034,0.0018
2026-09-09 14:42:00,14,42,2,2,9.6353,0.041,0.0012
2026-09-09 14:43:00,14,43,2,1,9.8221,0.02,0.0004
2026-09-09 14:44:00,14,44,2,3,14.1451,0.04,0.0
2026-09-09 14:45:00,14,45,2,2,14.1468,0.009,0.0015
2026-09-09 14:46:00,14,46,2,2,13.9532,0.007,0.0008
2026-09-09 14:47:00,14,47,2,1,12.0075,0.026,0.001
2026-09-09 14:48:00,14,48,2,2,14.166,0.04,0.0002
2026-09-09 14:49:00,14,49,2,2,11.4625,0.033,0.001
2026-09-09 14:50:00,14,50,2,3,11.7071,0.05,0.0004
2026-09-09 14:51:00,14,51,2,2,11.7514,0.042,0.0006
2026-09-09 14:52:00,14,52,2,2,11.3318,0.034,0.0013
2026-09-09 14:53:00,14,53,2,2,13.9926,0.012,0.0009
2026-09-09 14:54:00,14,54,2,2,9.7063,0.04,0.0002
2026-09-09 14:55:00,14,55,2,1,9.9423,0.011,0.0019
2026-09-09 14:56:00,14,56,2,3,11.8185,0.013,0.0012
2026-09-09 14:57:00,14,57,2,1,14.3096,0.007,0.0019
2026-09-09 14:58:00,14,58,2,1,9.6845,0.051,0.0019
2026-09-09 14:59:00,14,59,2,2,11.14,0.047,0.002
2026-09-09 15:00:00,15,0,2,2,14.2796,0.006,0.0022
2026-09-09 15:01:00,15,1,2,1,10.8474,0.016,0.0002
2026-09-09 15:02:00,15,2,2,1,10.9856,0.013,0.0015
2026-09-09 15:03:00,15,3,2,1,11.1094,0.036,0.002
2026-09-09 15:04:00,15,4,2,1,10.2576,0.046,0.0004
2026-09-09 15:05:00,15,5,2,1,11.3438,0.036,0.0023
2026-09-09 15:06:00,15,6,2,1,12.8511,0.041,0.0012
2026-09-09 15:07:00,15,7,2,2,12.6733,0.03,0.0005
2026-09-09 15:08:00,15,8,2,2,11.5608,0.041,0.0009
2026-09-09 15:09:00,15,9,2,2,9.8134,0.037,0.0011
2026-09-09 15:10:00,15,10,2,1,11.8334,0.021,0.0015
2026-09-09 15:11:00,15,11,2,3,14.2445,0.049,0.001
2026-09-09 15:12:00,15,12,2,3,13.5105,0.018,0.0021
2026-09-09 15:13:00,15,13,2,2,12.7814,0.017,0.002
2026-09-09 15:14:00,15,14,2,3,10.2607,0.043,0.001
2026-09-09 15:15:00,15,15,2,2,13.6486,0.028,0.0014
2026-09-09 15:16:00,15,16,2,3,12.1626,0.047,0.0024
2026-09-09 15:17:00,15,17,2,1,12.3709,0.03,0.0017
2026-09-09 15:18:00,15,18,2,1,13.763,0.039,0.0007
2026-09-09 15:19:00,15,19,2,3,14.4695,0.045,0.002
2026-09-09 15:20:00,15,20,2,1,12.3798,0.05,0.001
2026-09-09 15:21:00,15,21,2,2,10.0349,0.038,0.0011
2026-09-09 15:22:00,15,22,2,1,14.3898,0.031,0.0009
2026-09-09 15:23:00,15,23,2,2,14.2021,0.028,0.0017
2026-09-09 15:24:00,15,24,2,1,9.8577,0.049,0.001
2026-09-09 15:25:00,15,25,2,2,12.7369,0.014,0.0001
2026-09-09 15:26:00,15,26,2,2,13.1791,0.051,0.0023
2026-09-09 15:27:00,15,27,2,2,13.8698,0.032,0.0005
2026-09-09 15:28:00,15,28,2,1,11.1511,0.013,0.0016
2026-09-09 15:29:00,15,29,2,2,9.0738,0.018,0.0001
2026-09-09 15:30:00,15,30,2,1,11.4836,0.022,0.0015
2026-09-09 15:31:00,15,31,2,2,13.8032,0.032,0.0025
2026-09-09 15:32:00,15,32,2,1,11.5126,0.0,0.0012
2026-09-09 15:33:00,15,33,2,2,13.7423,0.018,0.0003
2026-09-09 15:34:00,15,34,2,3,9.7308,0.0,0.0001
2026-09-09 15:35:00,15,35,2,1,10.9756,0.015,0.0016
2026-09-09 15:36:00,15,36,2,2,13.2758,0.004,0.0016
2026-09-09 15:37:00,15,37,2,2,13.315,0.05,0.0005
2026-09-09 15:38:00,15,38,2,2,10.6181,0.042,0.0007
2026-09-09 15:39:00,15,39,2,1,11.8761,0.051,0.0004
2026-09-09 15:40:00,15,40,2,2,9.1941,0.011,0.0004
2026-09-09 15:41:00,15,41,2,1,9.8331,0.052,0.0013
2026-09-09 15:42:00,15,42,2,2,13.6296,0.049,0.0009
2026-09-09 15:43:00,15,43,2,3,10.3836,0.043,0.0003
2026-09-09 15:44:00,15,44,2,1,11.6997,0.005,0.0021
2026-09-09 15:45:00,15,45,2,2,9.665,0.002,0.0019
2026-09-09 15:46:00,15,46,2,1,10.4339,0.023,0.0008
2026-09-09 15:47:00,15,47,2,1,11.5158,0.048,0.0024
2026-09-09 15:48:00,15,48,2,1,10.8884,0.036,0.0013
2026-09-09 15:49:00,15,49,2,2,12.0767,0.033,0.0018
2026-09-09 15:50:00,15,50,2,2,14.4729,0.006,0.0002
2026-09-09 15:51:00,15,51,2,1,10.3657,0.002,0.0015
2026-09-09 15:52:00,15,52,2,3,13.6543,0.04,0.0004
2026-09-09 15:53:00,15,53,2,2,14.3299,0.016,0.0004
2026-09-09 15:54:00,15,54,2,2,9.8282,0.042,0.0015
2026-09-09 15:55:00,15,55,2,1,13.0912,0.039,0.0008
2026-09-09 15:56:00,15,56,2,1,11.0044,0.029,0.0008
2026-09-09 15:57:00,15,57,2,1,10.4235,0.011,0.0019
2026-09-09 15:58:00,15,58,2,2,10.1278,0.032,0.0006
2026-09-09 15:59:00,15,59,2,3,12.0525,0.023,0.0018
2026-09-09 16:00:00,16,0,2,5,57.0832,1.062,0.0369
2026-09-09 16:01:00,16,1,2,4,56.4827,0.524,0.0109
2026-09-09 16:02:00,16,2,2,4,59.1625,0.807,0.0402
2026-09-09 16:03:00,16,3,2,4,31.7921,0.54,0.0196
2026-09-09 16:04:00,16,4,2,3,42.3796,0.458,0.0128
2026-09-09 16:05:00,16,5,2,4,32.258,0.365,0.0345
2026-09-09 16:06:00,16,6,2,5,42.027,0.237,0.0234
2026-09-09 16:07:00,16,7,2,4,22.5434,0.562,0.0624
2026-09-09 16:08:00,16,8,2,5,65.3543,0.338,0.0508
2026-09-09 16:09:00,16,9,2,3,54.0261,0.483,0.032
2026-09-09 16:10:00,16,10,2,3,33.8162,0.785,0.013
2026-09-09 16:11:00,16,11,2,4,63.3618,0.459,0.0438
2026-09-09 16:12:00,16,12,2,4,33.1479,0.786,0.0315
2026-09-09 16:13:00,16,13,2,5,60.2597,0.43,0.0352
2026-09-09 16:14:00,16,14,2,3,21.8391,1.272,0.0179
2026-09-09 16:15:00,16,15,2,3,12.3803,0.051,0.0025
2026-09-09 16:16:00,16,16,2,1,9.475,0.041,0.0012
2026-09-09 16:17:00,16,17,2,3,12.5762,0.012,0.0014
2026-09-09 16:18:00,16,18,2,2,12.5157,0.029,0.0026
2026-09-09 16:19:00,16,19,2,2,9.5003,0.049,0.0006
2026-09-09 16:20:00,16,20,2,1,13.0295,0.036,0.0025
2026-09-09 16:21:00,16,21,2,2,13.7464,0.05,0.0011
2026-09-09 16:22:00,16,22,2,2,11.9232,0.039,0.002
2026-09-09 16:23:00,16,23,2,3,14.3679,0.05,0.0008
2026-09-09 16:24:00,16,24,2,3,12.86,0.013,0.0024
2026-09-09 16:25:00,16,25,2,1,11.544,0.002,0.0011
2026-09-09 16:26:00,16,26,2,1,13.802,0.043,0.0006
2026-09-09 16:27:00,16,27,2,3,9.374,0.0,0.001
2026-09-09 16:28:00,16,28,2,2,10.0611,0.044,0.0001
2026-09-09 16:29:00,16,29,2,3,12.9693,0.046,0.0007
2026-09-09 16:30:00,16,30,2,2,10.1019,0.047,0.0011
2026-09-09 16:31:00,16,31,2,1,13.53,0.008,0.001
2026-09-09 16:32:00,16,32,2,2,12.2683,0.006,0.0016
2026-09-09 16:33:00,16,33,2,3,11.0998,0.047,0.0008
2026-09-09 16:34:00,16,34,2,1,14.1831,0.029,0.0021
2026-09-09 16:35:00,16,35,2,1,12.3398,0.045,0.0005
2026-09-09 16:36:00,16,36,2,3,14.3863,0.022,0.0008
2026-09-09 16:37:00,16,37,2,2,11.946,0.01,0.0006
2026-09-09 16:38:00,16,38,2,1,9.81,0.004,0.0003
2026-09-09 16:39:00,16,39,2,1,12.031,0.03,0.0016
2026-09-09 16:40:00,16,40,2,1,11.4355,0.001,0.002
2026-09-09 16:41:00,16,41,2,2,10.6442,0.028,0.0003
2026-09-09 16:42:00,16,42,2,2,13.0521,0.006,0.0007
2026-09-09 16:43:00,16,43,2,2,12.0396,0.024,0.0001
2026-09-09 16:44:00,16,44,2,1,12.4301,0.027,0.0006
2026-09-09 16:45:00,16,45,2,3,12.019,0.014,0.0023
2026-09-09 16:46:00,16,46,2,2,13.7702,0.029,0.002
2026-09-09 16:47:00,16,47,2,3,14.4158,0.031,0.0025
2026-09-09 16:48:00,16,48,2,3,10.5603,0.026,0.0014
2026-09-09 16:49:00,16,49,2,1,12.7976,0.021,0.0021
2026-09-09 16:50:00,16,50,2,1,12.1504,0.025,0.0003
2026-09-09 16:51:00,16,51,2,3,10.3513,0.01,0.0018
2026-09-09 16:52:00,16,52,2,2,12.4805,0.023,0.002
2026-09-09 16:53:00,16,53,2,1,11.5637,0.01,0.0022
2026-09-09 16:54:00,16,54,2,2,12.9646,0.034,0.0003
2026-09-09 16:55:00,16,55,2,2,10.8257,0.036,0.002
2026-09-09 16:56:00,16,56,2,2,13.8859,0.036,0.0013
2026-09-09 16:57:00,16,57,2,2,9.7642,0.019,0.0024
2026-09-09 16:58:00,16,58,2,1,10.5657,0.002,0.0005
2026-09-09 16:59:00,16,59,2,3,12.5815,0.048,0.0003
2026-09-09 17:00:00,17,0,2,2,9.1365,0.02,0.0013
2026-09-09 17:01:00,17,1,2,2,9.3648,0.039,0.0019
2026-09-09 17:02:00,17,2,2,1,13.3832,0.029,0.0004
2026-09-09 17:03:00,17,3,2,1,10.2625,0.044,0.0018
2026-09-09 17:04:00,17,4,2,1,11.6149,0.051,0.0007
2026-09-09 17:05:00,17,5,2,3,13.9357,0.03,0.0024
2026-09-09 17:06:00,17,6,2,3,12.6426,0.016,0.0015
2026-09-09 17:07:00,17,7,2,1,9.7041,0.007,0.0005
2026-09-09 17:08:00,17,8,2,3,9.3247,0.046,0.0022
2026-09-09 17:09:00,17,9,2,1,13.2967,0.031,0.0016
2026-09-09 17:10:00,17,10,2,1,14.1638,0.023,0.0018
2026-09-09 17:11:00,17,11,2,3,10.8696,0.041,0.0017
2026-09-09 17:12:00,17,12,2,3,13.9776,0.049,0.0005
2026-09-09 17:13:00,17,13,2,2,11.9351,0.001,0.0024
2026-09-09 17:14:00,17,14,2,2,13.3266,0.006,0.0017
2026-09-09 17:15:00,17,15,2,2,10.1274,0.029,0.0008
2026-09-09 17:16:00,17,16,2,3,12.0812,0.033,0.0024
2026-09-09 17:17:00,17,17,2,2,9.0776,0.017,0.0006
2026-09-09 17:18:00,17,18,2,2,9.8456,0.023,0.0025
2026-09-09 17:19:00,17,19,2,3,10.9898,0.022,0.0009
2026-09-09 17:20:00,17,20,2,3,12.4202,0.027,0.0013
2026-09-09 17:21:00,17,21,2,1,14.3274,0.047,0.0026
2026-09-09 17:22:00,17,22,2,1,10.1055,0.011,0.0014
2026-09-09 17:23:00,17,23,2,2,11.1965,0.032,0.0004
2026-09-09 17:24:00,17,24,2,3,12.2453,0.0,0.002
2026-09-09 17:25:00,17,25,2,2,13.0402,0.031,0.002
2026-09-09 17:26:00,17,26,2,1,13.2846,0.049,0.0008
2026-09-09 17:27:00,17,27,2,3,13.5935,0.045,0.0012
2026-09-09 17:28:00,17,28,2,1,10.3663,0.03,0.0005
2026-09-09 17:29:00,17,29,2,1,9.0356,0.013,0.0009
2026-09-09 17:30:00,17,30,2,1,13.2418,0.001,0.0018
2026-09-09 17:31:00,17,31,2,2,13.0845,0.028,0.0015
2026-09-09 17:32:00,17,32,2,2,9.5275,0.009,0.0009
2026-09-09 17:33:00,17,33,2,2,13.8403,0.04,0.0001
2026-09-09 17:34:00,17,34,2,1,14.1877,0.023,0.0007
2026-09-09 17:35:00,17,35,2,2,11.9359,0.036,0.0013
2026-09-09 17:36:00,17,36,2,1,10.9206,0.03,0.0001
2026-09-09 17:37:00,17,37,2,1,12.0985,0.021,0.0017
2026-09-09 17:38:00,17,38,2,1,11.7587,0.015,0.0003
2026-09-09 17:39:00,17,39,2,2,11.4024,0.03,0.0013
2026-09-09 17:40:00,17,40,2,1,10.4364,0.018,0.0007
2026-09-09 17:41:00,17,41,2,3,9.1597,0.03,0.0002
2026-09-09 17:42:00,17,42,2,1,12.1023,0.049,0.001
2026-09-09 17:43:00,17,43,2,2,12.5631,0.036,0.002
2026-09-09 17:44:00,17,44,2,2,9.7831,0.008,0.0019
2026-09-09 17:45:00,17,45,2,2,13.9458,0.009,0.0003
2026-09-09 17:46:00,17,46,2,1,10.3036,0.038,0.0025
2026-09-09 17:47:00,17,47,2,3,12.8372,0.001,0.0003
2026-09-09 17:48:00,17,48,2,2,12.2723,0.039,0.0002
2026-09-09 17:49:00,17,49,2,3,11.7368,0.01,0.0013
2026-09-09 17:50:00,17,50,2,3,9.6921,0.017,0.0008
2026-09-09 17:51:00,17,51,2,2,12.9774,0.003,0.0008
2026-09-09 17:52:00,17,52,2,3,9.0478,0.004,0.0005
2026-09-09 17:53:00,17,53,2,1,12.1182,0.03,0.0016
2026-09-09 17:54:00,17,54,2,2,13.7434,0.022,0.0001
2026-09-09 17:55:00,17,55,2,1,9.5402,0.03,0.0004
2026-09-09 17:56:00,17,56,2,1,12.7587,0.032,0.0014
2026-09-09 17:57:00,17,57,2,3,12.3473,0.042,0.0008
2026-09-09 17:58:00,17,58,2,1,13.423,0.03,0.0023
2026-09-09 17:59:00,17,59,2,3,12.6733,0.006,0.0016
2026-09-09 18:00:00,18,0,2,0,7.7041,0.013,0.0002
2026-09-09 18:01:00,18,1,2,0,9.2025,0.032,0.0007
2026-09-09 18:02:00,18,2,2,0,5.1817,0.041,0.0002
2026-09-09 18:03:00,18,3,2,0,8.203,0.024,0.0009
2026-09-09 18:04:00,18,4,2,1,7.9218,0.037,0.0011
2026-09-09 18:05:00,18,5,2,1,4.9957,0.002,0.0011
2026-09-09 18:06:00,18,6,2,0,7.4204,0.006,0.0008
2026-09-09 18:07:00,18,7,2,0,9.0453,0.003,0.0016
2026-09-09 18:08:00,18,8,2,0,5.2253,0.011,0.0012
2026-09-09 18:09:00,18,9,2,0,7.6083,0.014,0.0008
2026-09-09 18:10:00,18,10,2,0,7.4804,0.038,0.002
2026-09-09 18:11:00,18,11,2,0,7.566,0.027,0.0009
2026-09-09 18:12:00,18,12,2,0,8.3314,0.001,0.0007
2026-09-09 18:13:00,18,13,2,1,4.4552,0.031,0.0013
2026-09-09 18:14:00,18,14,2,0,7.7669,0.007,0.0008
2026-09-09 18:15:00,18,15,2,0,8.3306,0.005,0.0005
2026-09-09 18:16:00,18,16,2,0,8.0913,0.001,0.0008
2026-09-09 18:17:00,18,17,2,0,5.3844,0.003,0.0002
2026-09-09 18:18:00,18,18,2,1,4.1497,0.038,0.0002
2026-09-09 18:19:00,18,19,2,1,6.8459,0.027,0.0012
2026-09-09 18:20:00,18,20,2,1,4.0352,0.024,0.0013
2026-09-09 18:21:00,18,21,2,0,4.9888,0.043,0.002
2026-09-09 18:22:00,18,22,2,0,6.1204,0.027,0.0
2026-09-09 18:23:00,18,23,2,0,6.2092,0.042,0.001
2026-09-09 18:24:00,18,24,2,0,8.4447,0.004,0.0018
2026-09-09 18:25:00,18,25,2,0,7.757,0.039,0.0008
2026-09-09 18:26:00,18,26,2,0,5.4425,0.008,0.0019
2026-09-09 18:27:00,18,27,2,0,4.5147,0.01,0.0018
2026-09-09 18:28:00,18,28,2,0,7.0098,0.037,0.002
2026-09-09 18:29:00,18,29,2,0,8.5286,0.005,0.0015
2026-09-09 18:30:00,18,30,2,0,6.839,0.025,0.0001
2026-09-09 18:31:00,18,31,2,0,5.2054,0.023,0.0012
2026-09-09 18:32:00,18,32,2,0,4.1314,0.002,0.0018
2026-09-09 18:33:00,18,33,2,0,5.4419,0.014,0.0005
2026-09-09 18:34:00,18,34,2,0,5.8516,0.038,0.0017
2026-09-09 18:35:00,18,35,2,0,5.1198,0.029,0.0006
2026-09-09 18:36:00,18,36,2,0,4.4553,0.008,0.0004
2026-09-09 18:37:00,18,37,2,0,4.3556,0.021,0.0016
2026-09-09 18:38:00,18,38,2,0,6.2814,0.005,0.0009
2026-09-09 18:39:00,18,39,2,1,8.8011,0.025,0.0006
2026-09-09 18:40:00,18,40,2,0,8.1463,0.002,0.0019
2026-09-09 18:41:00,18,41,2,1,6.4066,0.007,0.0019
2026-09-09 18:42:00,18,42,2,0,8.8747,0.005,0.0015
2026-09-09 18:43:00,18,43,2,0,5.7579,0.025,0.0005
2026-09-09 18:44:00,18,44,2,0,6.5725,0.038,0.0014
2026-09-09 18:45:00,18,45,2,0,6.9562,0.005,0.0016
2026-09-09 18:46:00,18,46,2,0,6.04,0.031,0.0019
2026-09-09 18:47:00,18,47,2,1,8.5348,0.011,0.002
2026-09-09 18:48:00,18,48,2,0,7.3178,0.01,0.0008
2026-09-09 18:49:00,18,49,2,0,7.937,0.001,0.0016
2026-09-09 18:50:00,18,50,2,0,7.1995,0.029,0.0014
2026-09-09 18:51:00,18,51,2,0,7.101,0.022,0.0002
2026-09-09 18:52:00,18,52,2,0,4.8131,0.017,0.0009
2026-09-09 18:53:00,18,53,2,0,8.6834,0.022,0.0003
2026-09-09 18:54:00,18,54,2,0,7.8465,0.017,0.0004
2026-09-09 18:55:00,18,55,2,0,4.4382,0.007,0.0003
2026-09-09 18:56:00,18,56,2,0,6.5439,0.038,0.0015
2026-09-09 18:57:00,18,57,2,0,8.4257,0.039,0.0007
2026-09-09 18:58:00,18,58,2,0,8.2111,0.01,0.0008
2026-09-09 18:59:00,18,59,2,0,4.5749,0.017,0.0007
2026-09-09 19:00:00,19,0,2,0,4.0263,0.016,0.0008
2026-09-09 19:01:00,19,1,2,0,7.3973,0.04,0.0004
2026-09-09 19:02:00,19,2,2,0,4.5606,0.031,0.0002
2026-09-09 19:03:00,19,3,2,0,9.004,0.009,0.002
2026-09-09 19:04:00,19,4,2,0,8.2546,0.012,0.0006
2026-09-09 19:05:00,19,5,2,0,7.5966,0.027,0.0017
2026-09-09 19:06:00,19,6,2,0,6.3775,0.015,0.0013
2026-09-09 19:07:00,19,7,2,0,4.6619,0.033,0.0002
2026-09-09 19:08:00,19,8,2,0,5.6799,0.005,0.0015
2026-09-09 19:09:00,19,9,2,0,6.3968,0.003,0.0019
2026-09-09 19:10:00,19,10,2,0,8.5374,0.002,0.0019
2026-09-09 19:11:00,19,11,2,0,9.2153,0.025,0.0015
2026-09-09 19:12:00,19,12,2,0,8.1107,0.04,0.0017
2026-09-09 19:13:00,19,13,2,0,6.9886,0.029,0.0007
2026-09-09 19:14:00,19,14,2,0,8.7502,0.004,0.0007
2026-09-09 19:15:00,19,15,2,0,8.9501,0.027,0.0001
2026-09-09 19:16:00,19,16,2,0,7.6537,0.045,0.002
2026-09-09 19:17:00,19,17,2,0,7.2966,0.012,0.0005
2026-09-09 19:18:00,19,18,2,0,8.7859,0.01,0.0014
2026-09-09 19:19:00,19,19,2,0,5.4892,0.004,0.0001
2026-09-09 19:20:00,19,20,2,1,7.1394,0.005,0.0012
2026-09-09 19:21:00,19,21,2,0,7.8622,0.008,0.0005
2026-09-09 19:22:00,19,22,2,0,6.2,0.018,0.0012
2026-09-09 19:23:00,19,23,2,0,4.9819,0.011,0.0005
2026-09-09 19:24:00,19,24,2,0,9.2323,0.008,0.0014
2026-09-09 19:25:00,19,25,2,0,5.3926,0.044,0.0008
2026-09-09 19:26:00,19,26,2,1,4.417,0.01,0.0013
2026-09-09 19:27:00,19,27,2,0,7.3534,0.004,0.0009
2026-09-09 19:28:00,19,28,2,1,4.7114,0.042,0.0005
2026-09-09 19:29:00,19,29,2,0,7.2921,0.002,0.0017
2026-09-09 19:30:00,19,30,2,0,5.3756,0.033,0.0015
2026-09-09 19:31:00,19,31,2,0,4.7291,0.02,0.0007
2026-09-09 19:32:00,19,32,2,0,9.3182,0.036,0.0005
2026-09-09 19:33:00,19,33,2,0,7.8064,0.035,0.0016
2026-09-09 19:34:00,19,34,2,0,4.0937,0.017,0.001
2026-09-09 19:35:00,19,35,2,0,5.6928,0.042,0.0001
2026-09-09 19:36:00,19,36,2,1,4.1284,0.028,0.001
2026-09-09 19:37:00,19,37,2,0,5.2774,0.035,0.0018
2026-09-09 19:38:00,19,38,2,0,6.1841,0.024,0.0002
2026-09-09 19:39:00,19,39,2,0,4.2873,0.043,0.0004
2026-09-09 19:40:00,19,40,2,0,5.58,0.024,0.0004
2026-09-09 19:41:00,19,41,2,0,8.3165,0.012,0.0016
2026-09-09 19:42:00,19,42,2,0,8.1748,0.009,0.0001
2026-09-09 19:43:00,19,43,2,1,7.6362,0.034,0.0002
2026-09-09 19:44:00,19,44,2,0,7.976,0.042,0.001
2026-09-09 19:45:00,19,45,2,0,7.7099,0.021,0.001
2026-09-09 19:46:00,19,46,2,0,8.5603,0.01,0.0011
2026-09-09 19:47:00,19,47,2,0,8.8074,0.001,0.0002
2026-09-09 19:48:00,19,48,2,0,7.3027,0.009,0.0007
2026-09-09 19:49:00,19,49,2,0,7.8728,0.027,0.0011
2026-09-09 19:50:00,19,50,2,0,4.3453,0.012,0.0006
2026-09-09 19:51:00,19,51,2,0,8.5212,0.026,0.0005
2026-09-09 19:52:00,19,52,2,0,9.2462,0.003,0.0016
2026-09-09 19:53:00,19,53,2,0,7.8568,0.025,0.0001
2026-09-09 19:54:00,19,54,2,0,8.074,0.024,0.0017
2026-09-09 19:55:00,19,55,2,0,9.2914,0.031,0.0004
2026-09-09 19:56:00,19,56,2,0,8.1916,0.028,0.0004
2026-09-09 19:57:00,19,57,2,0,6.3403,0.0,0.0015
2026-09-09 19:58:00,19,58,2,0,7.7498,0.032,0.0003
2026-09-09 19:59:00,19,59,2,0,5.0482,0.026,0.0005
2026-09-09 20:00:00,20,0,2,1,4.6544,0.006,0.0011
2026-09-09 20:01:00,20,1,2,1,4.6323,0.009,0.0014
2026-09-09 20:02:00,20,2,2,0,7.4137,0.028,0.001
2026-09-09 20:03:00,20,3,2,0,4.3931,0.029,0.0005
2026-09-09 20:04:00,20,4,2,0,4.2989,0.029,0.0
2026-09-09 20:05:00,20,5,2,0,8.1848,0.009,0.0004
2026-09-09 20:06:00,20,6,2,0,8.1967,0.019,0.0007
2026-09-09 20:07:00,20,7,2,0,7.2237,0.013,0.0007
2026-09-09 20:08:00,20,8,2,0,8.6693,0.039,0.0012
2026-09-09 20:09:00,20,9,2,0,5.1997,0.036,0.0005
2026-09-09 20:10:00,20,10,2,0,6.8012,0.042,0.0019
2026-09-09 20:11:00,20,11,2,0,9.3142,0.038,0.0017
2026-09-09 20:12:00,20,12,2,0,6.8403,0.015,0.0011
2026-09-09 20:13:00,20,13,2,0,9.4383,0.001,0.0009
2026-09-09 20:14:00,20,14,2,0,8.2668,0.007,0.001
2026-09-09 20:15:00,20,15,2,0,8.2345,0.039,0.0003
2026-09-09 20:16:00,20,16,2,0,5.3056,0.009,0.0012
2026-09-09 20:17:00,20,17,2,0,7.9266,0.011,0.001
2026-09-09 20:18:00,20,18,2,0,4.6828,0.03,0.0012
2026-09-09 20:19:00,20,19,2,0,6.5412,0.021,0.0002
2026-09-09 20:20:00,20,20,2,0,6.3086,0.011,0.0002
2026-09-09 20:21:00,20,21,2,0,7.2987,0.026,0.0005
2026-09-09 20:22:00,20,22,2,1,5.0599,0.04,0.0012
2026-09-09 20:23:00,20,23,2,1,9.4968,0.0,0.0003
2026-09-09 20:24:00,20,24,2,0,5.3499,0.009,0.0016
2026-09-09 20:25:00,20,25,2,0,6.9762,0.033,0.0011
2026-09-09 20:26:00,20,26,2,0,8.0374,0.004,0.0006
2026-09-09 20:27:00,20,27,2,0,7.3061,0.014,0.0009
2026-09-09 20:28:00,20,28,2,0,8.3941,0.009,0.0007
2026-09-09 20:29:00,20,29,2,0,8.5413,0.035,0.0007
2026-09-09 20:30:00,20,30,2,0,7.8261,0.027,0.0017
2026-09-09 20:31:00,20,31,2,0,5.8116,0.041,0.0007
2026-09-09 20:32:00,20,32,2,0,6.8402,0.033,0.001
2026-09-09 20:33:00,20,33,2,0,6.1809,0.024,0.0004
2026-09-09 20:34:00,20,34,2,1,6.928,0.009,0.0009
2026-09-09 20:35:00,20,35,2,0,8.3462,0.024,0.0015
2026-09-09 20:36:00,20,36,2,1,6.0326,0.044,0.0007
2026-09-09 20:37:00,20,37,2,0,7.6569,0.035,0.0018
2026-09-09 20:38:00,20,38,2,0,7.3602,0.037,0.0004
2026-09-09 20:39:00,20,39,2,0,4.28,0.025,0.0011
2026-09-09 20:40:00,20,40,2,0,6.3081,0.04,0.0008
2026-09-09 20:41:00,20,41,2,0,8.7106,0.024,0.0002
2026-09-09 20:42:00,20,42,2,0,7.8614,0.022,0.0003
2026-09-09 20:43:00,20,43,2,0,7.4317,0.024,0.001
2026-09-09 20:44:00,20,44,2,0,6.1215,0.021,0.0004
2026-09-09 20:45:00,20,45,2,0,8.0899,0.022,0.0011
2026-09-09 20:46:00,20,46,2,0,6.5597,0.008,0.0018
2026-09-09 20:47:00,20,47,2,0,5.9138,0.007,0.0007
2026-09-09 20:48:00,20,48,2,0,4.2744,0.027,0.0016
2026-09-09 20:49:00,20,49,2,0,9.1754,0.024,0.0003
2026-09-09 20:50:00,20,50,2,0,4.196,0.006,0.0006
2026-09-09 20:51:00,20,51,2,0,5.9701,0.0,0.0012
2026-09-09 20:52:00,20,52,2,0,8.5083,0.037,0.0012
2026-09-09 20:53:00,20,53,2,0,4.0502,0.039,0.0017
2026-09-09 20:54:00,20,54,2,0,6.085,0.026,0.0007
2026-09-09 20:55:00,20,55,2,0,4.9795,0.017,0.0007
2026-09-09 20:56:00,20,56,2,0,4.7217,0.0,0.0013
2026-09-09 20:57:00,20,57,2,0,7.0844,0.02,0.0005
2026-09-09 20:58:00,20,58,2,0,5.3476,0.016,0.0008
2026-09-09 20:59:00,20,59,2,0,5.3438,0.041,0.0006
2026-09-09 21:00:00,21,0,2,0,8.9455,0.039,0.0016
2026-09-09 21:01:00,21,1,2,0,6.1776,0.015,0.0002
2026-09-09 21:02:00,21,2,2,0,4.919,0.04,0.0005
2026-09-09 21:03:00,21,3,2,0,4.7787,0.041,0.0
2026-09-09 21:04:00,21,4,2,0,6.3196,0.036,0.0018
2026-09-09 21:05:00,21,5,2,0,6.2823,0.034,0.0018
2026-09-09 21:06:00,21,6,2,0,6.9613,0.016,0.0017
2026-09-09 21:07:00,21,7,2,0,8.0885,0.022,0.0014
2026-09-09 21:08:00,21,8,2,0,5.5899,0.015,0.0012
2026-09-09 21:09:00,21,9,2,0,6.3255,0.039,0.0002
2026-09-09 21:10:00,21,10,2,1,9.0382,0.04,0.0013
2026-09-09 21:11:00,21,11,2,1,8.7504,0.017,0.0008
2026-09-09 21:12:00,21,12,2,0,7.7837,0.03,0.0019
2026-09-09 21:13:00,21,13,2,0,6.4576,0.013,0.0001
2026-09-09 21:14:00,21,14,2,0,9.0258,0.031,0.002
2026-09-09 21:15:00,21,15,2,0,4.4576,0.029,0.0002
2026-09-09 21:16:00,21,16,2,0,6.6717,0.024,0.002
2026-09-09 21:17:00,21,17,2,0,4.7078,0.012,0.0019
2026-09-09 21:18:00,21,18,2,0,8.2725,0.017,0.001
2026-09-09 21:19:00,21,19,2,0,4.742,0.045,0.0007
2026-09-09 21:20:00,21,20,2,0,7.2744,0.018,0.0012
2026-09-09 21:21:00,21,21,2,0,9.3607,0.024,0.001
2026-09-09 21:22:00,21,22,2,0,8.1176,0.001,0.0015
2026-09-09 21:23:00,21,23,2,0,8.1453,0.01,0.0013
2026-09-09 21:24:00,21,24,2,0,7.8762,0.035,0.001
2026-09-09 21:25:00,21,25,2,0,6.4997,0.027,0.0001
2026-09-09 21:26:00,21,26,2,0,5.8175,0.039,0.0
2026-09-09 21:27:00,21,27,2,0,8.6483,0.023,0.0014
2026-09-09 21:28:00,21,28,2,0,4.2962,0.028,0.0007
2026-09-09 21:29:00,21,29,2,0,5.6802,0.037,0.0005
2026-09-09 21:30:00,21,30,2,1,8.0604,0.03,0.0005
2026-09-09 21:31:00,21,31,2,0,4.5673,0.042,0.0012
2026-09-09 21:32:00,21,32,2,0,8.0329,0.01,0.0006
2026-09-09 21:33:00,21,33,2,0,5.6365,0.015,0.0017
2026-09-09 21:34:00,21,34,2,0,6.2582,0.027,0.0005
2026-09-09 21:35:00,21,35,2,0,5.1415,0.045,0.0
2026-09-09 21:36:00,21,36,2,0,8.5531,0.02,0.0008
2026-09-09 21:37:00,21,37,2,0,7.3862,0.015,0.0003
2026-09-09 21:38:00,21,38,2,0,5.9898,0.038,0.0012
2026-09-09 21:39:00,21,39,2,0,9.2655,0.036,0.0006
2026-09-09 21:40:00,21,40,2,0,4.951,0.016,0.001
2026-09-09 21:41:00,21,41,2,0,5.5822,0.008,0.0013
2026-09-09 21:42:00,21,42,2,0,8.6009,0.036,0.0009
2026-09-09 21:43:00,21,43,2,0,5.7061,0.045,0.0018
2026-09-09 21:44:00,21,44,2,0,4.9675,0.043,0.0005
2026-09-09 21:45:00,21,45,2,0,4.4125,0.014,0.0009
2026-09-09 21:46:00,21,46,2,0,7.6726,0.019,0.0005
2026-09-09 21:47:00,21,47,2,0,8.6435,0.029,0.0009
2026-09-09 21:48:00,21,48,2,0,5.0445,0.03,0.0004
2026-09-09 21:49:00,21,49,2,0,8.073,0.002,0.0006
2026-09-09 21:50:00,21,50,2,0,5.584,0.042,0.0003
2026-09-09 21:51:00,21,51,2,0,4.5155,0.034,0.0017
2026-09-09 21:52:00,21,52,2,0,7.8344,0.026,0.0015
2026-09-09 21:53:00,21,53,2,0,4.9472,0.043,0.0011
2026-09-09 21:54:00,21,54,2,0,6.079,0.013,0.0008
2026-09-09 21:55:00,21,55,2,0,7.3596,0.04,0.0006
2026-09-09 21:56:00,21,56,2,0,5.1548,0.044,0.0002
2026-09-09 21:57:00,21,57,2,0,6.2101,0.001,0.001
2026-09-09 21:58:00,21,58,2,0,9.0862,0.015,0.0001
2026-09-09 21:59:00,21,59,2,0,8.6352,0.042,0.0012
2026-09-09 22:00:00,22,0,2,1,7.0718,0.005,0.0007
2026-09-09 22:01:00,22,1,2,0,7.4462,0.042,0.0006
2026-09-09 22:02:00,22,2,2,0,4.1648,0.017,0.0009
2026-09-09 22:03:00,22,3,2,0,6.254,0.01,0.0017
2026-09-09 22:04:00,22,4,2,0,7.7162,0.038,0.0006
2026-09-09 22:05:00,22,5,2,0,8.3224,0.022,0.0007
2026-09-09 22:06:00,22,6,2,0,5.1909,0.041,0.0007
2026-09-09 22:07:00,22,7,2,0,6.0341,0.011,0.0011
2026-09-09 22:08:00,22,8,2,0,8.9058,0.007,0.0004
2026-09-09 22:09:00,22,9,2,1,6.3128,0.041,0.0003
2026-09-09 22:10:00,22,10,2,0,8.3903,0.012,0.0019
2026-09-09 22:11:00,22,11,2,0,6.0065,0.04,0.0015
2026-09-09 22:12:00,22,12,2,0,5.6205,0.033,0.0005
2026-09-09 22:13:00,22,13,2,0,4.6692,0.014,0.0007
2026-09-09 22:14:00,22,14,2,0,6.7308,0.014,0.0005
2026-09-09 22:15:00,22,15,2,0,8.7848,0.019,0.001
2026-09-09 22:16:00,22,16,2,1,6.7184,0.04,0.001
2026-09-09 22:17:00,22,17,2,0,6.8992,0.013,0.0017
2026-09-09 22:18:00,22,18,2,0,8.775,0.014,0.0017
2026-09-09 22:19:00,22,19,2,0,5.8845,0.027,0.001
2026-09-09 22:20:00,22,20,2,0,8.4957,0.034,0.0016
2026-09-09 22:21:00,22,21,2,0,5.033,0.041,0.0015
2026-09-09 22:22:00,22,22,2,1,4.7779,0.002,0.0002
2026-09-09 22:23:00,22,23,2,0,8.6705,0.034,0.0004
2026-09-09 22:24:00,22,24,2,0,5.4441,0.018,0.0004
2026-09-09 22:25:00,22,25,2,0,7.7186,0.01,0.0008
2026-09-09 22:26:00,22,26,2,0,8.6629,0.044,0.0014
2026-09-09 22:27:00,22,27,2,0,7.3467,0.022,0.0019
2026-09-09 22:28:00,22,28,2,0,4.4911,0.005,0.0019
2026-09-09 22:29:00,22,29,2,0,4.315,0.012,0.0018
2026-09-09 22:30:00,22,30,2,0,5.3344,0.01,0.0008
2026-09-09 22:31:00,22,31,2,0,9.0673,0.006,0.0015
2026-09-09 22:32:00,22,32,2,0,6.4368,0.042,0.0017
2026-09-09 22:33:00,22,33,2,0,6.2839,0.025,0.0008
2026-09-09 22:34:00,22,34,2,0,6.2113,0.042,0.0001
2026-09-09 22:35:00,22,35,2,1,8.0048,0.034,0.0009
2026-09-09 22:36:00,22,36,2,0,5.1684,0.023,0.0016
2026-09-09 22:37:00,22,37,2,0,7.8504,0.007,0.0014
2026-09-09 22:38:00,22,38,2,1,6.3221,0.017,0.0018
2026-09-09 22:39:00,22,39,2,0,7.468,0.002,0.0006
2026-09-09 22:40:00,22,40,2,0,4.873,0.025,0.0001
2026-09-09 22:41:00,22,41,2,0,6.9088,0.011,0.0017
2026-09-09 22:42:00,22,42,2,0,8.297,0.042,0.001
2026-09-09 22:43:00,22,43,2,0,5.3584,0.025,0.0016
2026-09-09 22:44:00,22,44,2,0,9.0946,0.04,0.0001
2026-09-09 22:45:00,22,45,2,1,4.0722,0.018,0.0007
2026-09-09 22:46:00,22,46,2,0,6.6445,0.018,0.0018
2026-09-09 22:47:00,22,47,2,0,8.5376,0.042,0.0006
2026-09-09 22:48:00,22,48,2,0,4.6152,0.033,0.0007
2026-09-09 22:49:00,22,49,2,0,9.2662,0.043,0.0019
2026-09-09 22:50:00,22,50,2,0,9.1752,0.037,0.0001
2026-09-09 22:51:00,22,51,2,0,6.2991,0.035,0.0011
2026-09-09 22:52:00,22,52,2,0,7.68,0.028,0.0015
2026-09-09 22:53:00,22,53,2,0,8.3867,0.042,0.0013
2026-09-09 22:54:00,22,54,2,0,8.6364,0.027,0.0009
2026-09-09 22:55:00,22,55,2,0,6.2533,0.015,0.0008
2026-09-09 22:56:00,22,56,2,0,5.7552,0.016,0.0019
2026-09-09 22:57:00,22,57,2,0,6.8434,0.029,0.0012
2026-09-09 22:58:00,22,58,2,0,9.0789,0.04,0.0006
2026-09-09 22:59:00,22,59,2,0,6.6986,0.012,0.0016
2026-09-09 23:00:00,23,0,2,0,5.8283,0.024,0.0004
2026-09-09 23:01:00,23,1,2,0,5.3682,0.004,0.0017
2026-09-09 23:02:00,23,2,2,0,6.0626,0.036,0.0016
2026-09-09 23:03:00,23,3,2,0,4.8673,0.017,0.0001
2026-09-09 23:04:00,23,4,2,0,6.5692,0.024,0.0011
2026-09-09 23:05:00,23,5,2,0,6.3495,0.003,0.0013
2026-09-09 23:06:00,23,6,2,0,4.5319,0.035,0.0002
2026-09-09 23:07:00,23,7,2,0,5.6783,0.026,0.0016
2026-09-09 23:08:00,23,8,2,0,9.1838,0.027,0.0006
2026-09-09 23:09:00,23,9,2,0,8.986,0.022,0.0001
2026-09-09 23:10:00,23,10,2,0,5.2367,0.009,0.0001
2026-09-09 23:11:00,23,11,2,1,6.0545,0.017,0.0016
2026-09-09 23:12:00,23,12,2,0,8.1535,0.02,0.001
2026-09-09 23:13:00,23,13,2,0,7.8891,0.031,0.0003
2026-09-09 23:14:00,23,14,2,0,8.8198,0.04,0.0003
2026-09-09 23:15:00,23,15,2,1,9.2691,0.005,0.0007
2026-09-09 23:16:00,23,16,2,0,8.9008,0.015,0.0009
2026-09-09 23:17:00,23,17,2,0,8.6356,0.019,0.0012
2026-09-09 23:18:00,23,18,2,0,8.0543,0.031,0.0006
2026-09-09 23:19:00,23,19,2,0,7.4349,0.017,0.0015
2026-09-09 23:20:00,23,20,2,1,6.9975,0.025,0.0013
2026-09-09 23:21:00,23,21,2,0,4.6797,0.007,0.001
2026-09-09 23:22:00,23,22,2,0,8.1973,0.038,0.0
2026-09-09 23:23:00,23,23,2,0,6.4322,0.005,0.0007
2026-09-09 23:24:00,23,24,2,0,5.5109,0.045,0.0016
2026-09-09 23:25:00,23,25,2,0,6.2794,0.025,0.001
2026-09-09 23:26:00,23,26,2,0,4.3114,0.037,0.0014
2026-09-09 23:27:00,23,27,2,0,8.6158,0.034,0.0005
2026-09-09 23:28:00,23,28,2,0,6.3274,0.028,0.0013
2026-09-09 23:29:00,23,29,2,0,7.0173,0.03,0.0002
2026-09-09 23:30:00,23,30,2,0,6.3186,0.005,0.0014
2026-09-09 23:31:00,23,31,2,0,7.9963,0.022,0.0012
2026-09-09 23:32:00,23,32,2,1,4.2378,0.043,0.0018
2026-09-09 23:33:00,23,33,2,0,6.6473,0.025,0.0
2026-09-09 23:34:00,23,34,2,0,5.1125,0.039,0.0015
2026-09-09 23:35:00,23,35,2,0,4.538,0.022,0.0012
2026-09-09 23:36:00,23,36,2,0,7.6534,0.033,0.0002
2026-09-09 23:37:00,23,37,2,0,7.7905,0.0,0.001
2026-09-09 23:38:00,23,38,2,0,8.9796,0.003,0.0014
2026-09-09 23:39:00,23,39,2,0,4.0429,0.037,0.0019
2026-09-09 23:40:00,23,40,2,0,5.2205,0.043,0.0019
2026-09-09 23:41:00,23,41,2,0,5.83,0.015,0.0013
2026-09-09 23:42:00,23,42,2,0,5.8261,0.009,0.0016
2026-09-09 23:43:00,23,43,2,0,4.2137,0.013,0.0015
2026-09-09 23:44:00,23,44,2,0,7.7791,0.027,0.0014
2026-09-09 23:45:00,23,45,2,0,4.7408,0.004,0.0002
2026-09-09 23:46:00,23,46,2,0,8.145,0.007,0.0016
2026-09-09 23:47:00,23,47,2,0,5.4287,0.038,0.0011
2026-09-09 23:48:00,23,48,2,0,9.1872,0.033,0.0
2026-09-09 23:49:00,23,49,2,0,4.9484,0.001,0.0011
2026-09-09 23:50:00,23,50,2,0,6.2709,0.008,0.0018
2026-09-09 23:51:00,23,51,2,0,8.1334,0.023,0.0012
2026-09-09 23:52:00,23,52,2,0,6.1466,0.008,0.0002
2026-09-09 23:53:00,23,53,2,0,7.9485,0.021,0.0012
2026-09-09 23:54:00,23,54,2,0,6.5393,0.006,0.0009
2026-09-09 23:55:00,23,55,2,0,5.8267,0.001,0.0009
2026-09-09 23:56:00,23,56,2,0,6.4829,0.006,0.0015
2026-09-09 23:57:00,23,57,2,0,7.9245,0.014,0.0015
2026-09-09 23:58:00,23,58,2,0,4.1601,0.039,0.0015
2026-09-09 23:59:00,23,59,2,0,6.8869,0.036,0.0015
2026-09-10 00:00:00,0,0,3,0,6.6148,0.01,0.0019
2026-09-10 00:01:00,0,1,3,0,8.0407,0.007,0.0009
2026-09-10 00:02:00,0,2,3,0,4.6154,0.001,0.0015
2026-09-10 00:03:00,0,3,3,0,6.2739,0.021,0.0002
2026-09-10 00:04:00,0,4,3,0,9.0621,0.012,0.0014
2026-09-10 00:05:00,0,5,3,0,6.7741,0.029,0.0004
2026-09-10 00:06:00,0,6,3,0,7.3237,0.013,0.0009
2026-09-10 00:07:00,0,7,3,0,7.1718,0.019,0.0009
2026-09-10 00:08:00,0,8,3,0,8.2762,0.039,0.0014
2026-09-10 00:09:00,0,9,3,0,5.3194,0.022,0.0015
2026-09-10 00:10:00,0,10,3,0,5.1617,0.0,0.0011
2026-09-10 00:11:00,0,11,3,0,6.1042,0.041,0.0008
2026-09-10 00:12:00,0,12,3,0,6.3132,0.001,0.0003
2026-09-10 00:13:00,0,13,3,0,4.5975,0.027,0.001
2026-09-10 00:14:00,0,14,3,0,5.8173,0.027,0.0014
2026-09-10 00:15:00,0,15,3,1,6.781,0.003,0.0006
2026-09-10 00:16:00,0,16,3,0,4.9811,0.043,0.0015
2026-09-10 00:17:00,0,17,3,0,5.0058,0.017,0.0011
2026-09-10 00:18:00,0,18,3,0,5.4557,0.027,0.0019
2026-09-10 00:19:00,0,19,3,0,5.094,0.041,0.0003
2026-09-10 00:20:00,0,20,3,0,6.6602,0.036,0.0004
2026-09-10 00:21:00,0,21,3,0,6.8378,0.025,0.0008
2026-09-10 00:22:00,0,22,3,0,4.3001,0.011,0.0009
2026-09-10 00:23:00,0,23,3,0,6.4304,0.036,0.0018
2026-09-10 00:24:00,0,24,3,0,8.3734,0.004,0.0007
2026-09-10 00:25:00,0,25,3,0,6.6304,0.029,0.0009
2026-09-10 00:26:00,0,26,3,0,4.824,0.01,0.0002
2026-09-10 00:27:00,0,27,3,0,5.3383,0.006,0.0002
2026-09-10 00:28:00,0,28,3,0,9.3785,0.013,0.0013
2026-09-10 00:29:00,0,29,3,0,6.5341,0.016,0.0012
2026-09-10 00:30:00,0,30,3,0,9.2476,0.013,0.0006
2026-09-10 00:31:00,0,31,3,0,8.9371,0.036,0.0019
2026-09-10 00:32:00,0,32,3,0,4.5807,0.042,0.0012
2026-09-10 00:33:00,0,33,3,0,5.0182,0.022,0.0019
2026-09-10 00:34:00,0,34,3,0,5.3396,0.017,0.0017
2026-09-10 00:35:00,0,35,3,0,4.8672,0.042,0.0011
2026-09-10 00:36:00,0,36,3,0,4.8936,0.016,0.0005
2026-09-10 00:37:00,0,37,3,0,8.7728,0.017,0.0011
2026-09-10 00:38:00,0,38,3,0,5.9749,0.022,0.0017
2026-09-10 00:39:00,0,39,3,0,9.3077,0.043,0.0003
2026-09-10 00:40:00,0,40,3,0,4.9927,0.042,0.001
2026-09-10 00:41:00,0,41,3,0,6.3049,0.021,0.0011
2026-09-10 00:42:00,0,42,3,0,7.1989,0.027,0.0009
2026-09-10 00:43:00,0,43,3,0,9.0041,0.044,0.001
2026-09-10 00:44:00,0,44,3,0,6.7992,0.035,0.0009
2026-09-10 00:45:00,0,45,3,0,5.2432,0.043,0.002
2026-09-10 00:46:00,0,46,3,0,4.8298,0.015,0.001
2026-09-10 00:47:00,0,47,3,0,4.7991,0.021,0.001
2026-09-10 00:48:00,0,48,3,0,8.0613,0.001,0.0019
2026-09-10 00:49:00,0,49,3,0,6.2184,0.001,0.0011
2026-09-10 00:50:00,0,50,3,1,8.2171,0.0,0.0016
2026-09-10 00:51:00,0,51,3,1,4.5414,0.019,0.0018
2026-09-10 00:52:00,0,52,3,0,5.2964,0.002,0.001
2026-09-10 00:53:00,0,53,3,0,5.5418,0.021,0.002
2026-09-10 00:54:00,0,54,3,0,6.7998,0.003,0.0019
2026-09-10 00:55:00,0,55,3,1,7.2926,0.01,0.0017
2026-09-10 00:56:00,0,56,3,0,9.1025,0.006,0.0019
2026-09-10 00:57:00,0,57,3,0,5.648,0.018,0.0003
2026-09-10 00:58:00,0,58,3,0,4.0199,0.027,0.0007
2026-09-10 00:59:00,0,59,3,0,9.1485,0.007,0.002
2026-09-10 01:00:00,1,0,3,0,5.0677,0.003,0.001
2026-09-10 01:01:00,1,1,3,0,7.153,0.012,0.0014
2026-09-10 01:02:00,1,2,3,0,7.0867,0.029,0.0012
2026-09-10 01:03:00,1,3,3,0,7.95,0.033,0.0005
2026-09-10 01:04:00,1,4,3,0,9.2407,0.033,0.001
2026-09-10 01:05:00,1,5,3,0,4.5233,0.022,0.0001
2026-09-10 01:06:00,1,6,3,0,5.6702,0.005,0.001
2026-09-10 01:07:00,1,7,3,0,8.2957,0.003,0.0019
2026-09-10 01:08:00,1,8,3,0,5.8506,0.017,0.0002
2026-09-10 01:09:00,1,9,3,0,4.7654,0.004,0.0012
2026-09-10 01:10:00,1,10,3,0,9.3225,0.041,0.0017
2026-09-10 01:11:00,1,11,3,1,9.1277,0.034,0.0012
2026-09-10 01:12:00,1,12,3,0,9.3344,0.018,0.0007
2026-09-10 01:13:00,1,13,3,0,5.4936,0.016,0.0012
2026-09-10 01:14:00,1,14,3,0,6.0543,0.034,0.0011
2026-09-10 01:15:00,1,15,3,0,8.2764,0.025,0.0015
2026-09-10 01:16:00,1,16,3,0,6.402,0.003,0.0009
2026-09-10 01:17:00,1,17,3,0,5.4761,0.008,0.002
2026-09-10 01:18:00,1,18,3,0,5.7214,0.027,0.0002
2026-09-10 01:19:00,1,19,3,0,4.0121,0.004,0.0017
2026-09-10 01:20:00,1,20,3,0,4.045,0.016,0.0
2026-09-10 01:21:00,1,21,3,1,7.4739,0.045,0.0013
2026-09-10 01:22:00,1,22,3,0,5.4944,0.022,0.0013
2026-09-10 01:23:00,1,23,3,0,7.9904,0.04,0.0005
2026-09-10 01:24:00,1,24,3,0,7.9134,0.006,0.0011
2026-09-10 01:25:00,1,25,3,0,5.4637,0.001,0.0018
2026-09-10 01:26:00,1,26,3,0,5.0951,0.033,0.0005
2026-09-10 01:27:00,1,27,3,0,4.9226,0.033,0.0002
2026-09-10 01:28:00,1,28,3,0,7.6305,0.042,0.0008
2026-09-10 01:29:00,1,29,3,0,8.9133,0.031,0.0003
2026-09-10 01:30:00,1,30,3,0,8.4694,0.027,0.0015
2026-09-10 01:31:00,1,31,3,0,7.1035,0.027,0.0013
2026-09-10 01:32:00,1,32,3,0,7.617,0.029,0.0015
2026-09-10 01:33:00,1,33,3,0,6.3344,0.031,0.0008
2026-09-10 01:34:00,1,34,3,0,6.0559,0.042,0.001
2026-09-10 01:35:00,1,35,3,1,8.5404,0.015,0.0009
2026-09-10 01:36:00,1,36,3,0,4.4622,0.007,0.0019
2026-09-10 01:37:00,1,37,3,0,5.1023,0.039,0.0004
2026-09-10 01:38:00,1,38,3,0,8.1698,0.003,0.0008
2026-09-10 01:39:00,1,39,3,0,4.0474,0.014,0.0019
2026-09-10 01:40:00,1,40,3,0,9.3286,0.022,0.0014
2026-09-10 01:41:00,1,41,3,0,4.6521,0.032,0.0016
2026-09-10 01:42:00,1,42,3,0,5.736,0.043,0.0016
2026-09-10 01:43:00,1,43,3,0,4.6679,0.04,0.0013
2026-09-10 01:44:00,1,44,3,0,4.6602,0.004,0.0011
2026-09-10 01:45:00,1,45,3,0,8.9491,0.02,0.0017
2026-09-10 01:46:00,1,46,3,0,4.9069,0.013,0.0019
2026-09-10 01:47:00,1,47,3,1,5.9156,0.017,0.0006
2026-09-10 01:48:00,1,48,3,0,8.5572,0.032,0.0005
2026-09-10 01:49:00,1,49,3,0,4.8749,0.031,0.0001
2026-09-10 01:50:00,1,50,3,0,5.7979,0.024,0.0004
2026-09-10 01:51:00,1,51,3,0,7.6582,0.012,0.0003
2026-09-10 01:52:00,1,52,3,0,7.1341,0.02,0.0005
2026-09-10 01:53:00,1,53,3,0,7.3277,0.025,0.0015
2026-09-10 01:54:00,1,54,3,0,6.7093,0.042,0.0014
2026-09-10 01:55:00,1,55,3,0,8.6167,0.02,0.0001
2026-09-10 01:56:00,1,56,3,0,4.9375,0.04,0.0016
2026-09-10 01:57:00,1,57,3,1,6.5786,0.038,0.0
2026-09-10 01:58:00,1,58,3,0,8.35,0.039,0.0002
2026-09-10 01:59:00,1,59,3,0,5.3128,0.039,0.0006
2026-09-10 02:00:00,2,0,3,1,7.8089,0.027,0.0014
2026-09-10 02:01:00,2,1,3,1,8.2796,0.029,0.0017
2026-09-10 02:02:00,2,2,3,0,5.9419,0.015,0.0002
2026-09-10 02:03:00,2,3,3,0,4.2967,0.01,0.0019
2026-09-10 02:04:00,2,4,3,0,8.2479,0.037,0.0016
2026-09-10 02:05:00,2,5,3,0,8.4085,0.035,0.0017
2026-09-10 02:06:00,2,6,3,0,7.8193,0.035,0.0007
2026-09-10 02:07:00,2,7,3,1,5.545,0.015,0.0003
2026-09-10 02:08:00,2,8,3,0,6.6713,0.032,0.0013
2026-09-10 02:09:00,2,9,3,1,7.4717,0.041,0.002
2026-09-10 02:10:00,2,10,3,0,7.3607,0.037,0.0004
2026-09-10 02:11:00,2,11,3,0,4.6483,0.032,0.0007
2026-09-10 02:12:00,2,12,3,0,5.7035,0.016,0.0015
2026-09-10 02:13:00,2,13,3,0,6.9978,0.041,0.0011
2026-09-10 02:14:00,2,14,3,1,6.4313,0.032,0.0012
2026-09-10 02:15:00,2,15,3,0,4.421,0.008,0.0014
2026-09-10 02:16:00,2,16,3,0,5.6668,0.003,0.0007
2026-09-10 02:17:00,2,17,3,0,8.1166,0.028,0.0018
2026-09-10 02:18:00,2,18,3,0,4.4919,0.037,0.0012
2026-09-10 02:19:00,2,19,3,0,5.9516,0.037,0.0003
2026-09-10 02:20:00,2,20,3,0,8.7495,0.036,0.0013
2026-09-10 02:21:00,2,21,3,0,9.4004,0.027,0.0009
2026-09-10 02:22:00,2,22,3,0,4.2409,0.008,0.0006
2026-09-10 02:23:00,2,23,3,0,8.8856,0.006,0.0012
2026-09-10 02:24:00,2,24,3,0,8.8911,0.021,0.0008
2026-09-10 02:25:00,2,25,3,0,7.6568,0.003,0.002
2026-09-10 02:26:00,2,26,3,0,5.9261,0.038,0.0016
2026-09-10 02:27:00,2,27,3,0,7.5485,0.003,0.0002
2026-09-10 02:28:00,2,28,3,0,4.8916,0.001,0.0018
2026-09-10 02:29:00,2,29,3,0,5.4984,0.004,0.0017
2026-09-10 02:30:00,2,30,3,0,9.1799,0.043,0.0001
2026-09-10 02:31:00,2,31,3,0,4.622,0.016,0.0003
2026-09-10 02:32:00,2,32,3,0,7.1792,0.035,0.0008
2026-09-10 02:33:00,2,33,3,0,8.7696,0.041,0.0005
2026-09-10 02:34:00,2,34,3,0,6.3686,0.013,0.001
2026-09-10 02:35:00,2,35,3,0,6.0743,0.043,0.0008
2026-09-10 02:36:00,2,36,3,1,6.6428,0.042,0.0019
2026-09-10 02:37:00,2,37,3,0,6.0807,0.012,0.0002
2026-09-10 02:38:00,2,38,3,0,7.4051,0.02,0.0006
2026-09-10 02:39:00,2,39,3,0,5.7139,0.031,0.0011
2026-09-10 02:40:00,2,40,3,0,4.9669,0.027,0.0011
2026-09-10 02:41:00,2,41,3,0,8.0189,0.002,0.0018
2026-09-10 02:42:00,2,42,3,0,6.2558,0.018,0.0
2026-09-10 02:43:00,2,43,3,0,6.0517,0.029,0.0011
2026-09-10 02:44:00,2,44,3,0,8.975,0.042,0.002
2026-09-10 02:45:00,2,45,3,1,6.0521,0.036,0.0009
2026-09-10 02:46:00,2,46,3,0,5.0677,0.028,0.0007
2026-09-10 02:47:00,2,47,3,0,6.3372,0.031,0.0005
2026-09-10 02:48:00,2,48,3,0,8.601,0.009,0.0008
2026-09-10 02:49:00,2,49,3,0,4.1989,0.006,0.0007
2026-09-10 02:50:00,2,50,3,1,8.4626,0.041,0.0009
2026-09-10 02:51:00,2,51,3,1,6.1402,0.041,0.0001
2026-09-10 02:52:00,2,52,3,0,8.9366,0.021,0.0012
2026-09-10 02:53:00,2,53,3,0,7.5456,0.002,0.0008
2026-09-10 02:54:00,2,54,3,0,8.1896,0.003,0.0005
2026-09-10 02:55:00,2,55,3,0,4.5342,0.006,0.0006
2026-09-10 02:56:00,2,56,3,1,7.7492,0.03,0.0007
2026-09-10 02:57:00,2,57,3,0,6.7816,0.002,0.0007
2026-09-10 02:58:00,2,58,3,0,5.3681,0.002,0.0018
2026-09-10 02:59:00,2,59,3,0,6.3043,0.041,0.0015
2026-09-10 03:00:00,3,0,3,0,7.1359,0.019,0.0019
2026-09-10 03:01:00,3,1,3,0,4.7385,0.014,0.0002
2026-09-10 03:02:00,3,2,3,0,6.771,0.001,0.001
2026-09-10 03:03:00,3,3,3,0,6.7944,0.011,0.0018
2026-09-10 03:04:00,3,4,3,0,9.4067,0.03,0.0019
2026-09-10 03:05:00,3,5,3,0,7.3118,0.012,0.0017
2026-09-10 03:06:00,3,6,3,0,7.3068,0.013,0.0015
2026-09-10 03:07:00,3,7,3,0,6.8496,0.013,0.0009
2026-09-10 03:08:00,3,8,3,0,7.1191,0.004,0.0013
2026-09-10 03:09:00,3,9,3,0,8.9017,0.0,0.0002
2026-09-10 03:10:00,3,10,3,0,6.3779,0.017,0.0009
2026-09-10 03:11:00,3,11,3,0,4.881,0.003,0.0019
2026-09-10 03:12:00,3,12,3,0,8.6064,0.018,0.0005
2026-09-10 03:13:00,3,13,3,0,7.4222,0.006,0.0014
2026-09-10 03:14:00,3,14,3,0,4.7885,0.013,0.0005
2026-09-10 03:15:00,3,15,3,0,4.4128,0.021,0.0013
2026-09-10 03:16:00,3,16,3,0,9.4789,0.006,0.0011
2026-09-10 03:17:00,3,17,3,0,7.4064,0.013,0.0012
2026-09-10 03:18:00,3,18,3,0,4.3206,0.006,0.0013
2026-09-10 03:19:00,3,19,3,0,6.3589,0.013,0.0008
2026-09-10 03:20:00,3,20,3,0,5.7103,0.017,0.001
2026-09-10 03:21:00,3,21,3,1,5.1384,0.033,0.0013
2026-09-10 03:22:00,3,22,3,1,6.0932,0.032,0.0019
2026-09-10 03:23:00,3,23,3,0,7.219,0.038,0.0009
2026-09-10 03:24:00,3,24,3,0,5.1298,0.014,0.0003
2026-09-10 03:25:00,3,25,3,0,4.8424,0.02,0.0019
2026-09-10 03:26:00,3,26,3,0,6.1602,0.028,0.0001
2026-09-10 03:27:00,3,27,3,0,4.9203,0.013,0.0014
2026-09-10 03:28:00,3,28,3,0,6.305,0.019,0.0005
2026-09-10 03:29:00,3,29,3,0,8.7153,0.032,0.0006
2026-09-10 03:30:00,3,30,3,0,8.2266,0.032,0.0018
2026-09-10 03:31:00,3,31,3,0,4.6303,0.045,0.0019
2026-09-10 03:32:00,3,32,3,0,9.2894,0.036,0.001
2026-09-10 03:33:00,3,33,3,0,6.3417,0.035,0.0015
2026-09-10 03:34:00,3,34,3,1,4.2962,0.024,0.001
2026-09-10 03:35:00,3,35,3,1,6.863,0.025,0.0017
2026-09-10 03:36:00,3,36,3,1,4.1995,0.043,0.0004
2026-09-10 03:37:00,3,37,3,0,8.3206,0.032,0.0009
2026-09-10 03:38:00,3,38,3,0,4.1006,0.019,0.0011
2026-09-10 03:39:00,3,39,3,0,4.4741,0.04,0.0016
2026-09-10 03:40:00,3,40,3,0,6.1575,0.019,0.0012
2026-09-10 03:41:00,3,41,3,1,4.7163,0.005,0.0015
2026-09-10 03:42:00,3,42,3,1,7.774,0.023,0.0005
2026-09-10 03:43:00,3,43,3,0,5.2712,0.021,0.0011
2026-09-10 03:44:00,3,44,3,0,6.1987,0.037,0.0
2026-09-10 03:45:00,3,45,3,0,6.5537,0.011,0.0016
2026-09-10 03:46:00,3,46,3,0,4.7276,0.034,0.0012
2026-09-10 03:47:00,3,47,3,0,5.958,0.015,0.0018
2026-09-10 03:48:00,3,48,3,0,8.3864,0.033,0.0009
2026-09-10 03:49:00,3,49,3,0,6.4014,0.037,0.0019
2026-09-10 03:50:00,3,50,3,1,5.9684,0.045,0.0008
2026-09-10 03:51:00,3,51,3,0,4.5831,0.038,0.0
2026-09-10 03:52:00,3,52,3,0,4.5263,0.003,0.0015
2026-09-10 03:53:00,3,53,3,0,8.0315,0.018,0.0012
2026-09-10 03:54:00,3,54,3,0,5.2899,0.031,0.0014
2026-09-10 03:55:00,3,55,3,0,8.6917,0.036,0.0009
2026-09-10 03:56:00,3,56,3,0,6.5374,0.002,0.0007
2026-09-10 03:57:00,3,57,3,0,9.2223,0.004,0.0012
2026-09-10 03:58:00,3,58,3,0,5.3634,0.02,0.0
2026-09-10 03:59:00,3,59,3,0,6.277,0.028,0.0011
2026-09-10 04:00:00,4,0,3,0,5.4851,0.015,0.0013
2026-09-10 04:01:00,4,1,3,0,8.188,0.032,0.0005
2026-09-10 04:02:00,4,2,3,0,7.0431,0.009,0.0008
2026-09-10 04:03:00,4,3,3,0,5.2091,0.035,0.0004
2026-09-10 04:04:00,4,4,3,0,8.1375,0.004,0.0019
2026-09-10 04:05:00,4,5,3,1,7.8661,0.029,0.0002
2026-09-10 04:06:00,4,6,3,0,5.3469,0.01,0.0004
2026-09-10 04:07:00,4,7,3,0,8.1197,0.001,0.0006
2026-09-10 04:08:00,4,8,3,1,7.6645,0.03,0.0
2026-09-10 04:09:00,4,9,3,0,7.7423,0.03,0.0003
2026-09-10 04:10:00,4,10,3,0,4.917,0.037,0.0013
2026-09-10 04:11:00,4,11,3,0,7.1433,0.035,0.0018
2026-09-10 04:12:00,4,12,3,0,7.9457,0.009,0.0012
2026-09-10 04:13:00,4,13,3,0,5.3298,0.016,0.0017
2026-09-10 04:14:00,4,14,3,0,7.3304,0.009,0.0016
2026-09-10 04:15:00,4,15,3,0,5.4522,0.03,0.001
2026-09-10 04:16:00,4,16,3,0,8.2429,0.008,0.0011
2026-09-10 04:17:00,4,17,3,0,8.9254,0.035,0.0008
2026-09-10 04:18:00,4,18,3,0,8.1351,0.009,0.0013
2026-09-10 04:19:00,4,19,3,0,8.1153,0.017,0.0014
2026-09-10 04:20:00,4,20,3,0,9.092,0.025,0.0018
2026-09-10 04:21:00,4,21,3,0,9.3059,0.028,0.0016
2026-09-10 04:22:00,4,22,3,0,7.7898,0.016,0.0003
2026-09-10 04:23:00,4,23,3,0,5.2904,0.041,0.0014
2026-09-10 04:24:00,4,24,3,0,4.2769,0.023,0.0006
2026-09-10 04:25:00,4,25,3,0,8.0468,0.042,0.0009
2026-09-10 04:26:00,4,26,3,0,7.2838,0.004,0.0017
2026-09-10 04:27:00,4,27,3,0,8.6447,0.044,0.0004
2026-09-10 04:28:00,4,28,3,0,7.9657,0.013,0.0016
2026-09-10 04:29:00,4,29,3,0,6.0093,0.036,0.0015
2026-09-10 04:30:00,4,30,3,0,5.6717,0.008,0.0015
2026-09-10 04:31:00,4,31,3,0,4.6408,0.025,0.0016
2026-09-10 04:32:00,4,32,3,1,6.3977,0.038,0.0006
2026-09-10 04:33:00,4,33,3,0,4.3741,0.032,0.0012
2026-09-10 04:34:00,4,34,3,0,8.3993,0.033,0.0005
2026-09-10 04:35:00,4,35,3,0,4.2777,0.029,0.0014
2026-09-10 04:36:00,4,36,3,0,8.9806,0.029,0.0005
2026-09-10 04:37:00,4,37,3,0,8.1465,0.0,0.0011
2026-09-10 04:38:00,4,38,3,1,5.228,0.009,0.0014
2026-09-10 04:39:00,4,39,3,0,8.5198,0.019,0.0013
2026-09-10 04:40:00,4,40,3,0,5.2001,0.008,0.0005
2026-09-10 04:41:00,4,41,3,0,4.3568,0.028,0.0016
2026-09-10 04:42:00,4,42,3,0,7.2682,0.005,0.0013
2026-09-10 04:43:00,4,43,3,1,7.8038,0.027,0.0011
2026-09-10 04:44:00,4,44,3,0,8.9654,0.019,0.0002
2026-09-10 04:45:00,4,45,3,0,7.5767,0.033,0.0
2026-09-10 04:46:00,4,46,3,0,8.9574,0.025,0.0005
2026-09-10 04:47:00,4,47,3,0,8.7435,0.035,0.0019
2026-09-10 04:48:00,4,48,3,1,6.1841,0.027,0.0009
2026-09-10 04:49:00,4,49,3,0,9.031,0.005,0.0018
2026-09-10 04:50:00,4,50,3,0,9.1782,0.005,0.0012
2026-09-10 04:51:00,4,51,3,1,6.279,0.026,0.0006
2026-09-10 04:52:00,4,52,3,0,5.5648,0.025,0.001
2026-09-10 04:53:00,4,53,3,0,5.8685,0.024,0.0009
2026-09-10 04:54:00,4,54,3,0,6.1797,0.02,0.0013
2026-09-10 04:55:00,4,55,3,0,5.2823,0.034,0.001
2026-09-10 04:56:00,4,56,3,0,6.0928,0.017,0.0001
2026-09-10 04:57:00,4,57,3,0,4.1791,0.02,0.0002
2026-09-10 04:58:00,4,58,3,1,8.2271,0.014,0.0016
2026-09-10 04:59:00,4,59,3,0,6.83,0.044,0.0004
2026-09-10 05:00:00,5,0,3,0,5.3524,0.038,0.001
2026-09-10 05:01:00,5,1,3,0,6.8937,0.007,0.0
2026-09-10 05:02:00,5,2,3,0,8.885,0.023,0.0017
2026-09-10 05:03:00,5,3,3,0,7.1646,0.024,0.0002
2026-09-10 05:04:00,5,4,3,0,5.8494,0.003,0.0011
2026-09-10 05:05:00,5,5,3,0,5.1678,0.009,0.0015
2026-09-10 05:06:00,5,6,3,0,7.0602,0.04,0.0006
2026-09-10 05:07:00,5,7,3,0,9.1545,0.035,0.0014
2026-09-10 05:08:00,5,8,3,0,5.5891,0.012,0.0011
2026-09-10 05:09:00,5,9,3,0,9.0903,0.013,0.0006
2026-09-10 05:10:00,5,10,3,0,8.8821,0.034,0.0014
2026-09-10 05:11:00,5,11,3,0,5.5314,0.039,0.0004
2026-09-10 05:12:00,5,12,3,0,4.6417,0.033,0.0011
2026-09-10 05:13:00,5,13,3,0,5.8933,0.044,0.0004
2026-09-10 05:14:00,5,14,3,0,9.0319,0.017,0.0013
2026-09-10 05:15:00,5,15,3,0,4.886,0.002,0.0004
2026-09-10 05:16:00,5,16,3,0,9.2176,0.043,0.0019
2026-09-10 05:17:00,5,17,3,0,4.6811,0.025,0.0016
2026-09-10 05:18:00,5,18,3,0,5.9963,0.014,0.0001
2026-09-10 05:19:00,5,19,3,0,7.9137,0.039,0.0015
2026-09-10 05:20:00,5,20,3,0,5.0823,0.013,0.0008
2026-09-10 05:21:00,5,21,3,0,6.6733,0.037,0.0014
2026-09-10 05:22:00,5,22,3,0,7.3765,0.043,0.0008
2026-09-10 05:23:00,5,23,3,0,8.8764,0.01,0.0004
2026-09-10 05:24:00,5,24,3,0,6.6431,0.043,0.0019
2026-09-10 05:25:00,5,25,3,0,7.6036,0.033,0.002
2026-09-10 05:26:00,5,26,3,0,9.4772,0.031,0.0005
2026-09-10 05:27:00,5,27,3,0,5.3477,0.014,0.0018
2026-09-10 05:28:00,5,28,3,0,4.1431,0.031,0.0009
2026-09-10 05:29:00,5,29,3,0,7.6316,0.018,0.0016
2026-09-10 05:30:00,5,30,3,0,6.6277,0.018,0.0017
2026-09-10 05:31:00,5,31,3,0,6.3758,0.017,0.0002
2026-09-10 05:32:00,5,32,3,0,6.4258,0.038,0.0006
2026-09-10 05:33:00,5,33,3,0,5.0178,0.035,0.0005
2026-09-10 05:34:00,5,34,3,0,6.7715,0.02,0.0013
2026-09-10 05:35:00,5,35,3,0,4.2195,0.037,0.0012
2026-09-10 05:36:00,5,36,3,0,6.863,0.02,0.0018
2026-09-10 05:37:00,5,37,3,0,4.6655,0.01,0.0012
2026-09-10 05:38:00,5,38,3,0,5.2341,0.04,0.0015
2026-09-10 05:39:00,5,39,3,0,5.0995,0.026,0.0003
2026-09-10 05:40:00,5,40,3,0,5.9091,0.017,0.0006
2026-09-10 05:41:00,5,41,3,0,6.5486,0.045,0.0004
2026-09-10 05:42:00,5,42,3,0,5.5501,0.043,0.001
2026-09-10 05:43:00,5,43,3,1,8.7111,0.023,0.0017
2026-09-10 05:44:00,5,44,3,0,5.4098,0.027,0.0012
2026-09-10 05:45:00,5,45,3,0,9.298,0.014,0.001
2026-09-10 05:46:00,5,46,3,0,8.5633,0.026,0.0009
2026-09-10 05:47:00,5,47,3,0,5.1497,0.044,0.0008
2026-09-10 05:48:00,5,48,3,0,6.2905,0.006,0.0018
2026-09-10 05:49:00,5,49,3,0,5.914,0.038,0.0014
2026-09-10 05:50:00,5,50,3,0,6.3689,0.026,0.0012
2026-09-10 05:51:00,5,51,3,0,5.5603,0.017,0.001
2026-09-10 05:52:00,5,52,3,0,5.016,0.039,0.001
2026-09-10 05:53:00,5,53,3,0,8.4165,0.025,0.0005
2026-09-10 05:54:00,5,54,3,0,4.721,0.039,0.0009
2026-09-10 05:55:00,5,55,3,0,8.4363,0.028,0.0009
2026-09-10 05:56:00,5,56,3,0,4.0464,0.003,0.0004
2026-09-10 05:57:00,5,57,3,0,5.743,0.043,0.0011
2026-09-10 05:58:00,5,58,3,0,7.2572,0.024,0.0004
2026-09-10 05:59:00,5,59,3,0,6.7359,0.014,0.0007
2026-09-10 06:00:00,6,0,3,0,7.5868,0.025,0.0015
2026-09-10 06:01:00,6,1,3,0,4.4223,0.012,0.0013
2026-09-10 06:02:00,6,2,3,1,5.5833,0.027,0.0002
2026-09-10 06:03:00,6,3,3,0,6.2779,0.001,0.0019
2026-09-10 06:04:00,6,4,3,0,6.9837,0.032,0.0014
2026-09-10 06:05:00,6,5,3,0,9.2263,0.01,0.0004
2026-09-10 06:06:00,6,6,3,0,8.7275,0.015,0.0016
2026-09-10 06:07:00,6,7,3,1,4.2055,0.039,0.001
2026-09-10 06:08:00,6,8,3,0,8.6675,0.023,0.0007
2026-09-10 06:09:00,6,9,3,0,4.109,0.008,0.0013
2026-09-10 06:10:00,6,10,3,0,7.107,0.018,0.0008
2026-09-10 06:11:00,6,11,3,0,7.6957,0.035,0.0006
2026-09-10 06:12:00,6,12,3,0,8.4984,0.044,0.0019
2026-09-10 06:13:00,6,13,3,0,9.0929,0.005,0.0003
2026-09-10 06:14:00,6,14,3,0,9.0652,0.039,0.0001
2026-09-10 06:15:00,6,15,3,0,5.1448,0.033,0.0012
2026-09-10 06:16:00,6,16,3,0,7.6127,0.021,0.0004
2026-09-10 06:17:00,6,17,3,0,7.2246,0.04,0.0012
2026-09-10 06:18:00,6,18,3,1,6.3669,0.031,0.0016
2026-09-10 06:19:00,6,19,3,0,6.6013,0.029,0.0004
2026-09-10 06:20:00,6,20,3,0,7.9613,0.04,0.0001
2026-09-10 06:21:00,6,21,3,1,7.6363,0.017,0.0003
2026-09-10 06:22:00,6,22,3,0,8.7194,0.026,0.0019
2026-09-10 06:23:00,6,23,3,0,4.0898,0.03,0.0012
2026-09-10 06:24:00,6,24,3,0,7.8512,0.015,0.0009
2026-09-10 06:25:00,6,25,3,0,8.9719,0.007,0.0014
2026-09-10 06:26:00,6,26,3,0,5.1172,0.009,0.0013
2026-09-10 06:27:00,6,27,3,0,4.1751,0.003,0.0006
2026-09-10 06:28:00,6,28,3,1,8.0407,0.038,0.0019
2026-09-10 06:29:00,6,29,3,1,7.7331,0.027,0.0014
2026-09-10 06:30:00,6,30,3,0,8.0776,0.034,0.0014
2026-09-10 06:31:00,6,31,3,0,4.9883,0.002,0.0012
2026-09-10 06:32:00,6,32,3,0,6.4788,0.02,0.0016
2026-09-10 06:33:00,6,33,3,0,8.1593,0.002,0.0009
2026-09-10 06:34:00,6,34,3,0,8.4742,0.03,0.0011
2026-09-10 06:35:00,6,35,3,0,6.3271,0.037,0.0004
2026-09-10 06:36:00,6,36,3,0,4.3471,0.031,0.0005
2026-09-10 06:37:00,6,37,3,0,9.3094,0.01,0.002
2026-09-10 06:38:00,6,38,3,0,6.4362,0.027,0.0006
2026-09-10 06:39:00,6,39,3,0,4.5438,0.01,0.0003
2026-09-10 06:40:00,6,40,3,0,6.6542,0.023,0.0007
2026-09-10 06:41:00,6,41,3,0,6.4965,0.018,0.0002
2026-09-10 06:42:00,6,42,3,0,5.8433,0.03,0.0004
2026-09-10 06:43:00,6,43,3,0,8.5699,0.045,0.0011
2026-09-10 06:44:00,6,44,3,0,6.6562,0.033,0.0018
2026-09-10 06:45:00,6,45,3,0,7.6463,0.023,0.002
2026-09-10 06:46:00,6,46,3,0,7.9441,0.037,0.0012
2026-09-10 06:47:00,6,47,3,0,4.5411,0.015,0.0003
2026-09-10 06:48:00,6,48,3,0,9.0973,0.007,0.0005
2026-09-10 06:49:00,6,49,3,1,8.4459,0.003,0.0015
2026-09-10 06:50:00,6,50,3,0,8.1496,0.045,0.0017
2026-09-10 06:51:00,6,51,3,0,4.6597,0.019,0.0002
2026-09-10 06:52:00,6,52,3,0,6.0636,0.023,0.0001
2026-09-10 06:53:00,6,53,3,0,4.4991,0.021,0.0018
2026-09-10 06:54:00,6,54,3,0,7.2457,0.032,0.0002
2026-09-10 06:55:00,6,55,3,0,5.7542,0.009,0.0001
2026-09-10 06:56:00,6,56,3,0,4.3515,0.015,0.0005
2026-09-10 06:57:00,6,57,3,0,7.4434,0.024,0.0006
2026-09-10 06:58:00,6,58,3,0,7.957,0.019,0.0015
2026-09-10 06:59:00,6,59,3,0,4.6209,0.041,0.001
2026-09-10 07:00:00,7,0,3,1,12.3966,0.009,0.0017
2026-09-10 07:01:00,7,1,3,1,14.4351,0.043,0.0024
2026-09-10 07:02:00,7,2,3,2,13.8751,0.007,0.0018
2026-09-10 07:03:00,7,3,3,1,10.7596,0.02,0.0022
2026-09-10 07:04:00,7,4,3,1,12.1281,0.037,0.0001
2026-09-10 07:05:00,7,5,3,2,10.4156,0.004,0.0015
2026-09-10 07:06:00,7,6,3,3,12.6087,0.029,0.0008
2026-09-10 07:07:00,7,7,3,2,11.2061,0.01,0.0011
2026-09-10 07:08:00,7,8,3,1,11.1354,0.006,0.002
2026-09-10 07:09:00,7,9,3,3,12.8465,0.028,0.0021
2026-09-10 07:10:00,7,10,3,2,9.3597,0.01,0.0025
2026-09-10 07:11:00,7,11,3,2,9.4599,0.02,0.0022
2026-09-10 07:12:00,7,12,3,2,11.2275,0.052,0.0024
2026-09-10 07:13:00,7,13,3,2,10.7679,0.049,0.001
2026-09-10 07:14:00,7,14,3,2,12.2315,0.0,0.002
2026-09-10 07:15:00,7,15,3,3,13.8157,0.017,0.0006
2026-09-10 07:16:00,7,16,3,3,10.8041,0.042,0.0022
2026-09-10 07:17:00,7,17,3,3,9.5481,0.011,0.0006
2026-09-10 07:18:00,7,18,3,1,11.2521,0.029,0.0014
2026-09-10 07:19:00,7,19,3,3,12.2427,0.016,0.0012
2026-09-10 07:20:00,7,20,3,2,10.2375,0.046,0.0023
2026-09-10 07:21:00,7,21,3,2,12.3273,0.033,0.0023
2026-09-10 07:22:00,7,22,3,3,13.2072,0.002,0.0018
2026-09-10 07:23:00,7,23,3,1,13.488,0.006,0.0025
2026-09-10 07:24:00,7,24,3,2,9.6906,0.013,0.0023
2026-09-10 07:25:00,7,25,3,1,11.5262,0.019,0.0002
2026-09-10 07:26:00,7,26,3,2,12.4971,0.02,0.0024
2026-09-10 07:27:00,7,27,3,2,14.2972,0.038,0.0025
2026-09-10 07:28:00,7,28,3,3,13.3901,0.046,0.0026
2026-09-10 07:29:00,7,29,3,2,13.7215,0.023,0.0021
2026-09-10 07:30:00,7,30,3,2,9.4844,0.047,0.0012
2026-09-10 07:31:00,7,31,3,1,11.5623,0.039,0.001
2026-09-10 07:32:00,7,32,3,1,13.0215,0.021,0.0006
2026-09-10 07:33:00,7,33,3,2,9.7231,0.036,0.0
2026-09-10 07:34:00,7,34,3,1,14.1118,0.008,0.0009
2026-09-10 07:35:00,7,35,3,1,12.0261,0.006,0.0012
2026-09-10 07:36:00,7,36,3,1,12.9326,0.029,0.0016
2026-09-10 07:37:00,7,37,3,1,10.3771,0.027,0.0006
2026-09-10 07:38:00,7,38,3,2,9.1066,0.021,0.0005
2026-09-10 07:39:00,7,39,3,3,9.2289,0.037,0.001
2026-09-10 07:40:00,7,40,3,1,11.3877,0.002,0.0023
2026-09-10 07:41:00,7,41,3,2,9.5141,0.004,0.0022
2026-09-10 07:42:00,7,42,3,2,10.2989,0.04,0.0001
2026-09-10 07:43:00,7,43,3,1,13.2799,0.005,0.0023
2026-09-10 07:44:00,7,44,3,1,13.847,0.01,0.0011
2026-09-10 07:45:00,7,45,3,2,11.0244,0.039,0.002
2026-09-10 07:46:00,7,46,3,1,13.0592,0.031,0.0002
2026-09-10 07:47:00,7,47,3,1,13.8407,0.048,0.0025
2026-09-10 07:48:00,7,48,3,3,11.206,0.019,0.0001
2026-09-10 07:49:00,7,49,3,1,12.5895,0.03,0.0021
2026-09-10 07:50:00,7,50,3,1,9.0496,0.002,0.0015
2026-09-10 07:51:00,7,51,3,2,10.7191,0.024,0.0023
2026-09-10 07:52:00,7,52,3,2,13.3596,0.005,0.0004
2026-09-10 07:53:00,7,53,3,2,12.3625,0.029,0.0021
2026-09-10 07:54:00,7,54,3,2,9.7001,0.029,0.0014
2026-09-10 07:55:00,7,55,3,3,13.5937,0.013,0.0002
2026-09-10 07:56:00,7,56,3,1,10.7771,0.016,0.0019
2026-09-10 07:57:00,7,57,3,2,10.0423,0.041,0.002
2026-09-10 07:58:00,7,58,3,2,12.334,0.008,0.0025
2026-09-10 07:59:00,7,59,3,2,13.0679,0.005,0.0005
2026-09-10 08:00:00,8,0,3,5,42.0651,1.167,0.0219
2026-09-10 08:01:00,8,1,3,5,46.0847,1.108,0.036
2026-09-10 08:02:00,8,2,3,4,27.0506,0.953,0.0275
2026-09-10 08:03:00,8,3,3,5,62.1266,0.805,0.0427
2026-09-10 08:04:00,8,4,3,4,65.0521,0.887,0.0216
2026-09-10 08:05:00,8,5,3,5,64.5141,0.175,0.0125
2026-09-10 08:06:00,8,6,3,4,18.4944,0.802,0.0573
2026-09-10 08:07:00,8,7,3,3,16.5063,1.177,0.0628
2026-09-10 08:08:00,8,8,3,3,47.5018,0.797,0.0335
2026-09-10 08:09:00,8,9,3,4,21.692,0.512,0.0212
2026-09-10 08:10:00,8,10,3,5,15.6236,0.629,0.0353
2026-09-10 08:11:00,8,11,3,3,38.1763,0.909,0.0408
2026-09-10 08:12:00,8,12,3,3,38.5916,0.775,0.018
2026-09-10 08:13:00,8,13,3,5,33.7361,1.009,0.0489
2026-09-10 08:14:00,8,14,3,5,56.7528,0.234,0.0419
2026-09-10 08:15:00,8,15,3,3,13.382,0.024,0.0022
2026-09-10 08:16:00,8,16,3,2,12.2672,0.042,0.0016
2026-09-10 08:17:00,8,17,3,3,14.3276,0.011,0.0018
2026-09-10 08:18:00,8,18,3,2,10.6613,0.016,0.001
2026-09-10 08:19:00,8,19,3,1,10.2723,0.042,0.0002
2026-09-10 08:20:00,8,20,3,1,11.4206,0.008,0.0023
2026-09-10 08:21:00,8,21,3,3,10.0158,0.011,0.0004
2026-09-10 08:22:00,8,22,3,2,9.6137,0.02,0.0018
2026-09-10 08:23:00,8,23,3,1,13.0077,0.038,0.0005
2026-09-10 08:24:00,8,24,3,1,9.3857,0.049,0.0002
2026-09-10 08:25:00,8,25,3,2,9.2893,0.043,0.0005
2026-09-10 08:26:00,8,26,3,2,10.8396,0.023,0.001
2026-09-10 08:27:00,8,27,3,1,14.4286,0.046,0.0021
2026-09-10 08:28:00,8,28,3,2,9.9359,0.048,0.0013
2026-09-10 08:29:00,8,29,3,1,10.6882,0.009,0.0016
2026-09-10 08:30:00,8,30,3,1,11.7993,0.049,0.0025
2026-09-10 08:31:00,8,31,3,1,9.6219,0.042,0.0022
2026-09-10 08:32:00,8,32,3,1,14.4883,0.002,0.0008
2026-09-10 08:33:00,8,33,3,1,13.8885,0.034,0.0001
2026-09-10 08:34:00,8,34,3,1,14.2782,0.014,0.0011
2026-09-10 08:35:00,8,35,3,2,11.5714,0.034,0.0024
2026-09-10 08:36:00,8,36,3,1,11.0556,0.02,0.002
2026-09-10 08:37:00,8,37,3,1,13.8695,0.047,0.0016
2026-09-10 08:38:00,8,38,3,1,12.206,0.009,0.0016
2026-09-10 08:39:00,8,39,3,1,11.5403,0.043,0.0007
2026-09-10 08:40:00,8,40,3,2,10.4144,0.017,0.0
2026-09-10 08:41:00,8,41,3,3,14.4516,0.029,0.0006
2026-09-10 08:42:00,8,42,3,1,14.2026,0.046,0.0003
2026-09-10 08:43:00,8,43,3,3,10.8762,0.022,0.0015
2026-09-10 08:44:00,8,44,3,2,9.6997,0.048,0.0003
2026-09-10 08:45:00,8,45,3,1,9.4145,0.016,0.0023
2026-09-10 08:46:00,8,46,3,3,13.565,0.045,0.0022
2026-09-10 08:47:00,8,47,3,2,11.982,0.039,0.0007
2026-09-10 08:48:00,8,48,3,1,11.6626,0.031,0.0024
2026-09-10 08:49:00,8,49,3,2,12.0855,0.002,0.0015
2026-09-10 08:50:00,8,50,3,2,12.451,0.022,0.0021
2026-09-10 08:51:00,8,51,3,1,11.6517,0.027,0.0025
2026-09-10 08:52:00,8,52,3,1,9.2261,0.012,0.0022
2026-09-10 08:53:00,8,53,3,2,9.0645,0.001,0.0019
2026-09-10 08:54:00,8,54,3,3,11.2691,0.018,0.0001
2026-09-10 08:55:00,8,55,3,2,9.2113,0.022,0.0009
2026-09-10 08:56:00,8,56,3,2,11.3825,0.014,0.0014
2026-09-10 08:57:00,8,57,3,2,12.2448,0.012,0.0015
2026-09-10 08:58:00,8,58,3,1,12.3913,0.05,0.0009
2026-09-10 08:59:00,8,59,3,1,11.9222,0.033,0.0023
2026-09-10 09:00:00,9,0,3,2,14.0407,0.038,0.0007
2026-09-10 09:01:00,9,1,3,3,9.2106,0.036,0.0015
2026-09-10 09:02:00,9,2,3,3,11.2926,0.01,0.001
2026-09-10 09:03:00,9,3,3,2,10.1835,0.04,0.0021
2026-09-10 09:04:00,9,4,3,2,13.8268,0.04,0.0024
2026-09-10 09:05:00,9,5,3,1,12.0973,0.028,0.0003
2026-09-10 09:06:00,9,6,3,2,10.8588,0.035,0.0024
2026-09-10 09:07:00,9,7,3,1,9.3288,0.029,0.0002
2026-09-10 09:08:00,9,8,3,2,10.0881,0.027,0.0006
2026-09-10 09:09:00,9,9,3,2,13.3613,0.016,0.0007
2026-09-10 09:10:00,9,10,3,2,14.414,0.031,0.0004
2026-09-10 09:11:00,9,11,3,1,11.9147,0.011,0.0011
2026-09-10 09:12:00,9,12,3,2,9.697,0.008,0.0016
2026-09-10 09:13:00,9,13,3,3,11.2729,0.007,0.0016
2026-09-10 09:14:00,9,14,3,1,9.1223,0.018,0.0011
2026-09-10 09:15:00,9,15,3,2,14.309,0.046,0.0019
2026-09-10 09:16:00,9,16,3,1,13.5382,0.006,0.0026
2026-09-10 09:17:00,9,17,3,1,10.4929,0.041,0.0009
2026-09-10 09:18:00,9,18,3,3,12.6201,0.051,0.0
2026-09-10 09:19:00,9,19,3,2,11.1794,0.031,0.0015
2026-09-10 09:20:00,9,20,3,3,13.3317,0.024,0.0016
2026-09-10 09:21:00,9,21,3,2,12.8553,0.033,0.0025
2026-09-10 09:22:00,9,22,3,3,11.7091,0.02,0.0006
2026-09-10 09:23:00,9,23,3,2,13.8369,0.013,0.0002
2026-09-10 09:24:00,9,24,3,3,13.2913,0.008,0.002
2026-09-10 09:25:00,9,25,3,3,11.5849,0.036,0.0
2026-09-10 09:26:00,9,26,3,2,10.4678,0.016,0.0024
2026-09-10 09:27:00,9,27,3,3,12.016,0.041,0.0023
2026-09-10 09:28:00,9,28,3,2,13.0922,0.039,0.0014
2026-09-10 09:29:00,9,29,3,1,11.6263,0.044,0.0005
2026-09-10 09:30:00,9,30,3,1,13.7692,0.044,0.002
2026-09-10 09:31:00,9,31,3,1,13.057,0.024,0.0014
2026-09-10 09:32:00,9,32,3,2,11.5945,0.033,0.0013
2026-09-10 09:33:00,9,33,3,1,11.1374,0.002,0.0003
2026-09-10 09:34:00,9,34,3,2,10.1955,0.03,0.0007
2026-09-10 09:35:00,9,35,3,1,12.3075,0.034,0.0006
2026-09-10 09:36:00,9,36,3,3,9.5261,0.024,0.0014
2026-09-10 09:37:00,9,37,3,1,9.1568,0.023,0.0021
2026-09-10 09:38:00,9,38,3,1,10.0624,0.033,0.0001
2026-09-10 09:39:00,9,39,3,1,9.6403,0.011,0.0001
2026-09-10 09:40:00,9,40,3,2,13.7873,0.037,0.0004
2026-09-10 09:41:00,9,41,3,1,13.3679,0.035,0.0006
2026-09-10 09:42:00,9,42,3,2,12.8731,0.029,0.0007
2026-09-10 09:43:00,9,43,3,2,12.8671,0.039,0.0015
2026-09-10 09:44:00,9,44,3,2,12.7071,0.031,0.0002
2026-09-10 09:45:00,9,45,3,2,11.8107,0.032,0.0024
2026-09-10 09:46:00,9,46,3,1,12.8345,0.033,0.0014
2026-09-10 09:47:00,9,47,3,2,13.8489,0.041,0.0008
2026-09-10 09:48:00,9,48,3,1,10.3039,0.039,0.0015
2026-09-10 09:49:00,9,49,3,1,11.0164,0.0,0.0021
2026-09-10 09:50:00,9,50,3,1,11.802,0.043,0.0023
2026-09-10 09:51:00,9,51,3,2,9.7822,0.04,0.0017
2026-09-10 09:52:00,9,52,3,1,13.7105,0.005,0.0006
2026-09-10 09:53:00,9,53,3,1,13.8916,0.04,0.0009
2026-09-10 09:54:00,9,54,3,2,11.8262,0.046,0.0019
2026-09-10 09:55:00,9,55,3,2,9.0489,0.022,0.0022
2026-09-10 09:56:00,9,56,3,1,12.2568,0.008,0.0004
2026-09-10 09:57:00,9,57,3,2,9.5585,0.042,0.0012
2026-09-10 09:58:00,9,58,3,3,11.0146,0.044,0.0004
2026-09-10 09:59:00,9,59,3,1,11.1495,0.039,0.0019
2026-09-10 10:00:00,10,0,3,5,35.9387,0.872,0.0299
2026-09-10 10:01:00,10,1,3,5,57.574,0.642,0.0196
2026-09-10 10:02:00,10,2,3,4,61.5747,0.822,0.0425
2026-09-10 10:03:00,10,3,3,4,19.4758,0.92,0.0528
2026-09-10 10:04:00,10,4,3,3,27.7731,0.701,0.0462
2026-09-10 10:05:00,10,5,3,3,50.3872,1.092,0.0546
2026-09-10 10:06:00,10,6,3,4,57.4514,0.856,0.047
2026-09-10 10:07:00,10,7,3,4,48.8278,0.318,0.0595
2026-09-10 10:08:00,10,8,3,4,21.1901,1.24,0.0643
2026-09-10 10:09:00,10,9,3,4,47.8663,1.177,0.053
2026-09-10 10:10:00,10,10,3,5,22.349,0.535,0.0491
2026-09-10 10:11:00,10,11,3,4,41.5723,0.335,0.0293
2026-09-10 10:12:00,10,12,3,3,30.3635,0.328,0.0482
2026-09-10 10:13:00,10,13,3,3,20.6596,0.179,0.0175
2026-09-10 10:14:00,10,14,3,4,44.6521,0.695,0.0264
2026-09-10 10:15:00,10,15,3,2,9.2287,0.002,0.0005
2026-09-10 10:16:00,10,16,3,3,10.1409,0.015,0.0001
2026-09-10 10:17:00,10,17,3,2,11.0722,0.024,0.0013
2026-09-10 10:18:00,10,18,3,3,9.8341,0.02,0.0012
2026-09-10 10:19:00,10,19,3,2,11.2791,0.017,0.0008
2026-09-10 10:20:00,10,20,3,2,9.7827,0.038,0.0013
2026-09-10 10:21:00,10,21,3,1,11.6536,0.049,0.0024
2026-09-10 10:22:00,10,22,3,1,9.3463,0.041,0.002
2026-09-10 10:23:00,10,23,3,1,9.563,0.042,0.0001
2026-09-10 10:24:00,10,24,3,1,14.1388,0.023,0.0013
2026-09-10 10:25:00,10,25,3,2,13.6282,0.021,0.0004
2026-09-10 10:26:00,10,26,3,1,12.7664,0.009,0.0018
2026-09-10 10:27:00,10,27,3,2,13.6129,0.027,0.0011
2026-09-10 10:28:00,10,28,3,3,9.5454,0.023,0.0007
2026-09-10 10:29:00,10,29,3,1,14.4298,0.029,0.0025
2026-09-10 10:30:00,10,30,3,1,11.601,0.037,0.0023
2026-09-10 10:31:00,10,31,3,3,12.4822,0.036,0.0011
2026-09-10 10:32:00,10,32,3,2,14.1282,0.036,0.0012
2026-09-10 10:33:00,10,33,3,2,12.3032,0.03,0.0025
2026-09-10 10:34:00,10,34,3,2,12.8064,0.045,0.0007
2026-09-10 10:35:00,10,35,3,2,12.6811,0.029,0.0022
2026-09-10 10:36:00,10,36,3,2,10.0472,0.032,0.0004
2026-09-10 10:37:00,10,37,3,3,11.2665,0.025,0.0001
2026-09-10 10:38:00,10,38,3,1,9.2061,0.023,0.0004
2026-09-10 10:39:00,10,39,3,1,12.0065,0.032,0.0004
2026-09-10 10:40:00,10,40,3,3,12.7361,0.032,0.0014
2026-09-10 10:41:00,10,41,3,2,11.7267,0.035,0.0023
2026-09-10 10:42:00,10,42,3,2,11.5758,0.045,0.0007
2026-09-10 10:43:00,10,43,3,3,12.5863,0.001,0.0002
2026-09-10 10:44:00,10,44,3,2,11.6385,0.015,0.0016
2026-09-10 10:45:00,10,45,3,2,13.9606,0.043,0.0013
2026-09-10 10:46:00,10,46,3,1,13.3382,0.014,0.0015
2026-09-10 10:47:00,10,47,3,1,11.4409,0.033,0.002
2026-09-10 10:48:00,10,48,3,2,12.4022,0.027,0.0023
2026-09-10 10:49:00,10,49,3,1,12.0472,0.01,0.0001
2026-09-10 10:50:00,10,50,3,2,11.3508,0.047,0.0013
2026-09-10 10:51:00,10,51,3,1,12.7925,0.005,0.0007
2026-09-10 10:52:00,10,52,3,1,13.404,0.027,0.0025
2026-09-10 10:53:00,10,53,3,2,9.5977,0.022,0.0025
2026-09-10 10:54:00,10,54,3,2,11.7001,0.03,0.0026
2026-09-10 10:55:00,10,55,3,2,13.6016,0.044,0.0016
2026-09-10 10:56:00,10,56,3,1,13.8523,0.034,0.001
2026-09-10 10:57:00,10,57,3,2,10.3308,0.011,0.0002
2026-09-10 10:58:00,10,58,3,1,9.3559,0.029,0.0011
2026-09-10 10:59:00,10,59,3,3,11.2776,0.043,0.0021
2026-09-10 11:00:00,11,0,3,2,12.125,0.013,0.0017
2026-09-10 11:01:00,11,1,3,1,13.3927,0.013,0.0003
2026-09-10 11:02:00,11,2,3,1,9.987,0.014,0.0023
2026-09-10 11:03:00,11,3,3,1,9.7321,0.007,0.0005
2026-09-10 11:04:00,11,4,3,3,14.1426,0.023,0.0013
2026-09-10 11:05:00,11,5,3,2,9.1563,0.034,0.0025
2026-09-10 11:06:00,11,6,3,3,12.7417,0.006,0.0022
2026-09-10 11:07:00,11,7,3,3,13.5249,0.046,0.0
2026-09-10 11:08:00,11,8,3,2,9.7975,0.039,0.0008
2026-09-10 11:09:00,11,9,3,2,11.1865,0.006,0.0007
2026-09-10 11:10:00,11,10,3,3,9.4095,0.033,0.0007
2026-09-10 11:11:00,11,11,3,1,10.1996,0.031,0.0018
2026-09-10 11:12:00,11,12,3,2,13.826,0.018,0.0002
2026-09-10 11:13:00,11,13,3,1,9.536,0.025,0.002
2026-09-10 11:14:00,11,14,3,2,9.8705,0.02,0.0025
2026-09-10 11:15:00,11,15,3,2,11.3297,0.003,0.0006
2026-09-10 11:16:00,11,16,3,2,10.5121,0.051,0.0004
2026-09-10 11:17:00,11,17,3,3,10.3588,0.004,0.0012
2026-09-10 11:18:00,11,18,3,1,10.9536,0.04,0.0021
2026-09-10 11:19:00,11,19,3,1,14.1696,0.04,0.0021
2026-09-10 11:20:00,11,20,3,2,14.2788,0.017,0.0021
2026-09-10 11:21:00,11,21,3,2,10.1227,0.045,0.0021
2026-09-10 11:22:00,11,22,3,1,14.3165,0.025,0.0026
2026-09-10 11:23:00,11,23,3,2,14.1088,0.009,0.0014
2026-09-10 11:24:00,11,24,3,1,11.6891,0.015,0.0009
2026-09-10 11:25:00,11,25,3,2,12.2494,0.023,0.0004
2026-09-10 11:26:00,11,26,3,2,11.2615,0.048,0.0009
2026-09-10 11:27:00,11,27,3,1,14.0271,0.04,0.002
2026-09-10 11:28:00,11,28,3,3,12.9946,0.024,0.0012
2026-09-10 11:29:00,11,29,3,3,13.4902,0.048,0.0008
2026-09-10 11:30:00,11,30,3,2,12.7395,0.001,0.0025
2026-09-10 11:31:00,11,31,3,1,9.4098,0.033,0.0015
2026-09-10 11:32:00,11,32,3,1,9.0809,0.031,0.0015
2026-09-10 11:33:00,11,33,3,2,10.2999,0.042,0.0018
2026-09-10 11:34:00,11,34,3,3,12.3223,0.016,0.0001
2026-09-10 11:35:00,11,35,3,2,11.646,0.007,0.0003
2026-09-10 11:36:00,11,36,3,1,12.5295,0.027,0.0016
2026-09-10 11:37:00,11,37,3,1,10.6096,0.011,0.0002
2026-09-10 11:38:00,11,38,3,3,14.3565,0.043,0.0007
2026-09-10 11:39:00,11,39,3,2,11.5649,0.034,0.0022
2026-09-10 11:40:00,11,40,3,2,13.5238,0.033,0.0023
2026-09-10 11:41:00,11,41,3,3,10.0725,0.011,0.0017
2026-09-10 11:42:00,11,42,3,1,9.1704,0.045,0.0023
2026-09-10 11:43:00,11,43,3,2,9.9233,0.037,0.0009
2026-09-10 11:44:00,11,44,3,2,11.0425,0.01,0.0017
2026-09-10 11:45:00,11,45,3,1,9.1756,0.012,0.0008
2026-09-10 11:46:00,11,46,3,1,11.5926,0.029,0.001
2026-09-10 11:47:00,11,47,3,3,10.5866,0.034,0.0012
2026-09-10 11:48:00,11,48,3,2,9.3272,0.013,0.0007
2026-09-10 11:49:00,11,49,3,2,11.7538,0.023,0.0012
2026-09-10 11:50:00,11,50,3,1,13.5084,0.024,0.0023
2026-09-10 11:51:00,11,51,3,2,11.1605,0.004,0.0015
2026-09-10 11:52:00,11,52,3,1,13.7877,0.045,0.002
2026-09-10 11:53:00,11,53,3,3,9.0082,0.044,0.0017
2026-09-10 11:54:00,11,54,3,2,11.2239,0.006,0.0013
2026-09-10 11:55:00,11,55,3,1,10.4635,0.029,0.0018
2026-09-10 11:56:00,11,56,3,2,10.4345,0.043,0.0018
2026-09-10 11:57:00,11,57,3,3,13.9654,0.038,0.0004
2026-09-10 11:58:00,11,58,3,1,9.5675,0.046,0.0018
2026-09-10 11:59:00,11,59,3,1,11.3253,0.009,0.0022
2026-09-10 12:00:00,12,0,3,4,19.2224,0.938,0.0417
2026-09-10 12:01:00,12,1,3,5,38.6923,0.77,0.0566
2026-09-10 12:02:00,12,2,3,4,16.3934,0.355,0.0252
2026-09-10 12:03:00,12,3,3,4,34.8034,0.794,0.0561
2026-09-10 12:04:00,12,4,3,3,33.3949,1.004,0.0128
2026-09-10 12:05:00,12,5,3,4,36.4018,1.092,0.0307
2026-09-10 12:06:00,12,6,3,3,59.7504,1.229,0.0384
2026-09-10 12:07:00,12,7,3,4,37.668,0.926,0.0567
2026-09-10 12:08:00,12,8,3,3,58.2705,0.556,0.0306
2026-09-10 12:09:00,12,9,3,4,40.1503,0.321,0.0167
2026-09-10 12:10:00,12,10,3,5,45.1224,1.178,0.0219
2026-09-10 12:11:00,12,11,3,4,41.6451,0.625,0.0562
2026-09-10 12:12:00,12,12,3,4,46.9862,0.901,0.0244
2026-09-10 12:13:00,12,13,3,3,50.9895,0.989,0.0569
2026-09-10 12:14:00,12,14,3,5,63.0866,0.872,0.0407
2026-09-10 12:15:00,12,15,3,2,12.8937,0.011,0.0022
2026-09-10 12:16:00,12,16,3,1,9.8922,0.018,0.0002
2026-09-10 12:17:00,12,17,3,2,12.6224,0.047,0.0011
2026-09-10 12:18:00,12,18,3,2,13.297,0.042,0.0006
2026-09-10 12:19:00,12,19,3,1,10.6292,0.05,0.0005
2026-09-10 12:20:00,12,20,3,1,12.8827,0.016,0.0002
2026-09-10 12:21:00,12,21,3,1,13.4546,0.0,0.002
2026-09-10 12:22:00,12,22,3,3,10.073,0.033,0.0005
2026-09-10 12:23:00,12,23,3,1,11.6403,0.044,0.0022
2026-09-10 12:24:00,12,24,3,2,10.6856,0.031,0.0
2026-09-10 12:25:00,12,25,3,3,9.5428,0.049,0.0019
2026-09-10 12:26:00,12,26,3,2,9.0181,0.006,0.0026
2026-09-10 12:27:00,12,27,3,1,9.044,0.035,0.0003
2026-09-10 12:28:00,12,28,3,1,11.636,0.047,0.0001
2026-09-10 12:29:00,12,29,3,1,10.979,0.024,0.001
2026-09-10 12:30:00,12,30,3,1,11.1089,0.038,0.0001
2026-09-10 12:31:00,12,31,3,2,13.0648,0.028,0.0017
2026-09-10 12:32:00,12,32,3,3,11.5986,0.043,0.0013
2026-09-10 12:33:00,12,33,3,3,11.7599,0.038,0.0022
2026-09-10 12:34:00,12,34,3,2,10.325,0.015,0.0021
2026-09-10 12:35:00,12,35,3,2,10.3917,0.025,0.0013
2026-09-10 12:36:00,12,36,3,2,10.9729,0.047,0.0021
2026-09-10 12:37:00,12,37,3,2,12.7649,0.038,0.0007
2026-09-10 12:38:00,12,38,3,2,11.6482,0.004,0.0014
2026-09-10 12:39:00,12,39,3,2,9.6593,0.036,0.0002
2026-09-10 12:40:00,12,40,3,1,14.3603,0.013,0.0004
2026-09-10 12:41:00,12,41,3,2,13.3737,0.025,0.0025
2026-09-10 12:42:00,12,42,3,1,12.4536,0.036,0.0005
2026-09-10 12:43:00,12,43,3,1,14.3214,0.02,0.0016
2026-09-10 12:44:00,12,44,3,3,9.7507,0.021,0.0021
2026-09-10 12:45:00,12,45,3,1,10.0041,0.005,0.002
2026-09-10 12:46:00,12,46,3,3,11.8788,0.012,0.0022
2026-09-10 12:47:00,12,47,3,2,12.3335,0.028,0.0019
2026-09-10 12:48:00,12,48,3,2,13.0186,0.006,0.0018
2026-09-10 12:49:00,12,49,3,3,10.1323,0.001,0.0025
2026-09-10 12:50:00,12,50,3,2,9.0747,0.012,0.0021
2026-09-10 12:51:00,12,51,3,1,9.3572,0.01,0.0009
2026-09-10 12:52:00,12,52,3,1,10.622,0.049,0.0025
2026-09-10 12:53:00,12,53,3,2,12.2253,0.05,0.0008
2026-09-10 12:54:00,12,54,3,3,9.1148,0.015,0.0008
2026-09-10 12:55:00,12,55,3,2,9.0761,0.012,0.0012
2026-09-10 12:56:00,12,56,3,2,13.8271,0.006,0.0002
2026-09-10 12:57:00,12,57,3,1,10.2202,0.007,0.0018
2026-09-10 12:58:00,12,58,3,1,9.0485,0.023,0.0016
2026-09-10 12:59:00,12,59,3,2,9.5602,0.037,0.0023
2026-09-10 13:00:00,13,0,3,2,13.3313,0.045,0.0013
2026-09-10 13:01:00,13,1,3,1,9.3697,0.025,0.0013
2026-09-10 13:02:00,13,2,3,3,13.8961,0.04,0.0008
2026-09-10 13:03:00,13,3,3,1,11.7857,0.04,0.0019
2026-09-10 13:04:00,13,4,3,2,9.4072,0.022,0.0005
2026-09-10 13:05:00,13,5,3,2,13.9163,0.0,0.0007
2026-09-10 13:06:00,13,6,3,2,14.355,0.007,0.0015
2026-09-10 13:07:00,13,7,3,1,11.3971,0.036,0.0026
2026-09-10 13:08:00,13,8,3,3,11.8611,0.019,0.0024
2026-09-10 13:09:00,13,9,3,1,12.4288,0.013,0.0008
2026-09-10 13:10:00,13,10,3,1,14.2692,0.049,0.001
2026-09-10 13:11:00,13,11,3,1,13.1356,0.043,0.0001
2026-09-10 13:12:00,13,12,3,2,10.5021,0.017,0.0005
2026-09-10 13:13:00,13,13,3,1,9.9799,0.04,0.0011
2026-09-10 13:14:00,13,14,3,2,11.6103,0.036,0.0008
2026-09-10 13:15:00,13,15,3,1,9.8173,0.035,0.0009
2026-09-10 13:16:00,13,16,3,2,10.6526,0.033,0.0022
2026-09-10 13:17:00,13,17,3,1,9.854,0.044,0.0011
2026-09-10 13:18:00,13,18,3,2,13.2965,0.004,0.0025
2026-09-10 13:19:00,13,19,3,3,11.2895,0.016,0.0009
2026-09-10 13:20:00,13,20,3,1,9.4898,0.034,0.0023
2026-09-10 13:21:00,13,21,3,2,12.3201,0.042,0.002
2026-09-10 13:22:00,13,22,3,1,10.1465,0.048,0.0012
2026-09-10 13:23:00,13,23,3,1,11.604,0.026,0.0025
2026-09-10 13:24:00,13,24,3,2,10.9917,0.004,0.0004
2026-09-10 13:25:00,13,25,3,3,13.9835,0.031,0.0023
2026-09-10 13:26:00,13,26,3,2,14.4842,0.039,0.0003
2026-09-10 13:27:00,13,27,3,3,11.6744,0.043,0.0019
2026-09-10 13:28:00,13,28,3,2,12.3592,0.03,0.0025
2026-09-10 13:29:00,13,29,3,3,12.7012,0.034,0.0018
2026-09-10 13:30:00,13,30,3,2,10.3015,0.018,0.0004
2026-09-10 13:31:00,13,31,3,1,9.0967,0.047,0.0023
2026-09-10 13:32:00,13,32,3,3,13.111,0.038,0.0013
2026-09-10 13:33:00,13,33,3,3,13.9262,0.001,0.0019
2026-09-10 13:34:00,13,34,3,3,11.441,0.007,0.0021
2026-09-10 13:35:00,13,35,3,2,12.3672,0.008,0.0022
2026-09-10 13:36:00,13,36,3,1,11.2805,0.029,0.0021
2026-09-10 13:37:00,13,37,3,3,13.137,0.003,0.0025
2026-09-10 13:38:00,13,38,3,2,13.6573,0.021,0.0025
2026-09-10 13:39:00,13,39,3,3,12.255,0.047,0.0015
2026-09-10 13:40:00,13,40,3,1,9.0127,0.031,0.0016
2026-09-10 13:41:00,13,41,3,1,12.8338,0.036,0.0023
2026-09-10 13:42:00,13,42,3,2,11.0732,0.026,0.0018
2026-09-10 13:43:00,13,43,3,3,14.2327,0.007,0.0019
2026-09-10 13:44:00,13,44,3,2,11.131,0.051,0.0015
2026-09-10 13:45:00,13,45,3,1,11.5424,0.013,0.0022
2026-09-10 13:46:00,13,46,3,1,12.4544,0.04,0.0002
2026-09-10 13:47:00,13,47,3,2,14.1251,0.006,0.0009
2026-09-10 13:48:00,13,48,3,3,13.6268,0.004,0.0019
2026-09-10 13:49:00,13,49,3,1,14.0492,0.017,0.0007
2026-09-10 13:50:00,13,50,3,3,11.286,0.016,0.0025
2026-09-10 13:51:00,13,51,3,2,10.335,0.03,0.0018
2026-09-10 13:52:00,13,52,3,1,9.5433,0.015,0.0014
2026-09-10 13:53:00,13,53,3,1,11.8326,0.002,0.0006
2026-09-10 13:54:00,13,54,3,2,9.3717,0.015,0.0011
2026-09-10 13:55:00,13,55,3,1,13.7276,0.03,0.0025
2026-09-10 13:56:00,13,56,3,3,14.398,0.016,0.0025
2026-09-10 13:57:00,13,57,3,2,9.2381,0.008,0.0013
2026-09-10 13:58:00,13,58,3,2,10.1553,0.036,0.0017
2026-09-10 13:59:00,13,59,3,3,9.1194,0.05,0.0004
2026-09-10 14:00:00,14,0,3,3,19.6513,0.447,0.0358
2026-09-10 14:01:00,14,1,3,4,19.9571,0.769,0.0507
2026-09-10 14:02:00,14,2,3,5,48.4227,0.463,0.0289
2026-09-10 14:03:00,14,3,3,4,45.013,1.063,0.0326
2026-09-10 14:04:00,14,4,3,5,21.9989,0.486,0.0203
2026-09-10 14:05:00,14,5,3,4,32.9865,1.134,0.0444
2026-09-10 14:06:00,14,6,3,3,45.0471,1.089,0.0332
2026-09-10 14:07:00,14,7,3,4,62.5329,0.314,0.0449
2026-09-10 14:08:00,14,8,3,4,60.1219,0.265,0.0484
2026-09-10 14:09:00,14,9,3,4,42.0259,0.986,0.0626
2026-09-10 14:10:00,14,10,3,5,63.6897,0.34,0.0306
2026-09-10 14:11:00,14,11,3,4,64.7558,0.604,0.0103
2026-09-10 14:12:00,14,12,3,4,47.4092,0.281,0.0574
2026-09-10 14:13:00,14,13,3,4,29.7347,1.224,0.0483
2026-09-10 14:14:00,14,14,3,5,19.9643,0.943,0.056
2026-09-10 14:15:00,14,15,3,1,12.746,0.02,0.0002
2026-09-10 14:16:00,14,16,3,2,11.4383,0.02,0.0022
2026-09-10 14:17:00,14,17,3,2,11.2868,0.021,0.0015
2026-09-10 14:18:00,14,18,3,2,12.3372,0.011,0.001
2026-09-10 14:19:00,14,19,3,2,10.7144,0.036,0.0009
2026-09-10 14:20:00,14,20,3,1,14.3027,0.008,0.0008
2026-09-10 14:21:00,14,21,3,1,13.6329,0.004,0.0012
2026-09-10 14:22:00,14,22,3,2,9.9355,0.037,0.0004
2026-09-10 14:23:00,14,23,3,1,9.0911,0.031,0.0008
2026-09-10 14:24:00,14,24,3,3,11.0127,0.034,0.0011
2026-09-10 14:25:00,14,25,3,1,12.8618,0.027,0.0
2026-09-10 14:26:00,14,26,3,1,13.7071,0.036,0.0018
2026-09-10 14:27:00,14,27,3,2,11.787,0.029,0.0013
2026-09-10 14:28:00,14,28,3,3,10.7752,0.011,0.001
2026-09-10 14:29:00,14,29,3,2,11.5854,0.006,0.0019
2026-09-10 14:30:00,14,30,3,1,11.8315,0.002,0.0025
2026-09-10 14:31:00,14,31,3,1,13.4869,0.002,0.0024
2026-09-10 14:32:00,14,32,3,2,10.7507,0.03,0.0016
2026-09-10 14:33:00,14,33,3,1,13.8455,0.037,0.0016
2026-09-10 14:34:00,14,34,3,2,13.424,0.007,0.0001
2026-09-10 14:35:00,14,35,3,2,12.0869,0.009,0.0001
2026-09-10 14:36:00,14,36,3,2,11.3774,0.002,0.0024
2026-09-10 14:37:00,14,37,3,1,13.4563,0.047,0.0024
2026-09-10 14:38:00,14,38,3,3,11.9781,0.011,0.0017
2026-09-10 14:39:00,14,39,3,1,12.1944,0.04,0.0016
2026-09-10 14:40:00,14,40,3,1,10.2942,0.003,0.0017
2026-09-10 14:41:00,14,41,3,1,12.0604,0.016,0.002
2026-09-10 14:42:00,14,42,3,3,9.9377,0.008,0.0018
2026-09-10 14:43:00,14,43,3,3,11.2979,0.031,0.0023
2026-09-10 14:44:00,14,44,3,1,13.0744,0.031,0.0018
2026-09-10 14:45:00,14,45,3,1,12.3054,0.036,0.0013
2026-09-10 14:46:00,14,46,3,2,14.2711,0.047,0.0016
2026-09-10 14:47:00,14,47,3,1,11.6326,0.01,0.0014
2026-09-10 14:48:00,14,48,3,1,9.9625,0.038,0.002
2026-09-10 14:49:00,14,49,3,3,13.1204,0.022,0.001
2026-09-10 14:50:00,14,50,3,3,13.7858,0.021,0.0016
2026-09-10 14:51:00,14,51,3,2,11.8293,0.017,0.0001
2026-09-10 14:52:00,14,52,3,2,13.6231,0.007,0.0024
2026-09-10 14:53:00,14,53,3,2,10.7016,0.034,0.0026
2026-09-10 14:54:00,14,54,3,2,10.6227,0.043,0.0015
2026-09-10 14:55:00,14,55,3,1,14.0865,0.03,0.0006
2026-09-10 14:56:00,14,56,3,2,14.1516,0.005,0.0004
2026-09-10 14:57:00,14,57,3,3,10.5007,0.027,0.0007
2026-09-10 14:58:00,14,58,3,2,13.4275,0.011,0.0018
2026-09-10 14:59:00,14,59,3,1,14.1902,0.025,0.0017
2026-09-10 15:00:00,15,0,3,2,13.2318,0.009,0.0006
2026-09-10 15:01:00,15,1,3,1,11.193,0.0,0.0003
2026-09-10 15:02:00,15,2,3,1,13.2645,0.042,0.0019
2026-09-10 15:03:00,15,3,3,3,10.9387,0.029,0.0009
2026-09-10 15:04:00,15,4,3,2,12.5202,0.011,0.0013
2026-09-10 15:05:00,15,5,3,1,9.5175,0.029,0.0014
2026-09-10 15:06:00,15,6,3,2,13.637,0.048,0.0007
2026-09-10 15:07:00,15,7,3,2,9.0936,0.001,0.0018
2026-09-10 15:08:00,15,8,3,2,14.2251,0.03,0.0018
2026-09-10 15:09:00,15,9,3,2,9.7809,0.012,0.0002
2026-09-10 15:10:00,15,10,3,2,13.6512,0.014,0.0008
2026-09-10 15:11:00,15,11,3,2,11.229,0.008,0.0017
2026-09-10 15:12:00,15,12,3,2,14.3623,0.046,0.0001
2026-09-10 15:13:00,15,13,3,1,10.1955,0.009,0.0015
2026-09-10 15:14:00,15,14,3,1,13.076,0.036,0.0012
2026-09-10 15:15:00,15,15,3,2,12.3633,0.044,0.0001
2026-09-10 15:16:00,15,16,3,1,11.9725,0.023,0.0019
2026-09-10 15:17:00,15,17,3,2,9.1605,0.022,0.0006
2026-09-10 15:18:00,15,18,3,1,9.0781,0.002,0.0014
2026-09-10 15:19:00,15,19,3,2,11.1579,0.009,0.0008
2026-09-10 15:20:00,15,20,3,1,9.9541,0.025,0.0011
2026-09-10 15:21:00,15,21,3,3,10.5277,0.006,0.0005
2026-09-10 15:22:00,15,22,3,3,10.0727,0.017,0.0005
2026-09-10 15:23:00,15,23,3,1,10.3415,0.019,0.0013
2026-09-10 15:24:00,15,24,3,2,9.1475,0.002,0.0001
2026-09-10 15:25:00,15,25,3,1,12.236,0.002,0.0005
2026-09-10 15:26:00,15,26,3,1,9.9235,0.003,0.0001
2026-09-10 15:27:00,15,27,3,1,12.3623,0.033,0.0017
2026-09-10 15:28:00,15,28,3,2,11.9507,0.052,0.0001
2026-09-10 15:29:00,15,29,3,2,10.3653,0.048,0.0022
2026-09-10 15:30:00,15,30,3,3,9.0586,0.025,0.0007
2026-09-10 15:31:00,15,31,3,2,11.5311,0.05,0.0026
2026-09-10 15:32:00,15,32,3,2,13.4377,0.052,0.0005
2026-09-10 15:33:00,15,33,3,2,12.3688,0.021,0.0002
2026-09-10 15:34:00,15,34,3,2,12.1426,0.013,0.0001
2026-09-10 15:35:00,15,35,3,3,13.0153,0.024,0.0016
2026-09-10 15:36:00,15,36,3,2,12.1975,0.033,0.0013
2026-09-10 15:37:00,15,37,3,1,13.2963,0.025,0.0007
2026-09-10 15:38:00,15,38,3,1,10.5182,0.017,0.0026
2026-09-10 15:39:00,15,39,3,1,12.0405,0.003,0.0025
2026-09-10 15:40:00,15,40,3,1,13.9088,0.007,0.0011
2026-09-10 15:41:00,15,41,3,3,12.5335,0.036,0.0003
2026-09-10 15:42:00,15,42,3,1,9.1023,0.026,0.0009
2026-09-10 15:43:00,15,43,3,2,11.2997,0.02,0.0011
2026-09-10 15:44:00,15,44,3,2,11.8027,0.016,0.0007
2026-09-10 15:45:00,15,45,3,1,11.8874,0.014,0.0005
2026-09-10 15:46:00,15,46,3,2,9.9535,0.047,0.0019
2026-09-10 15:47:00,15,47,3,3,9.937,0.026,0.002
2026-09-10 15:48:00,15,48,3,2,10.3529,0.004,0.0008
2026-09-10 15:49:00,15,49,3,2,10.5811,0.028,0.0022
2026-09-10 15:50:00,15,50,3,2,13.056,0.049,0.0005
2026-09-10 15:51:00,15,51,3,2,12.759,0.037,0.0011
2026-09-10 15:52:00,15,52,3,1,9.7339,0.01,0.0016
2026-09-10 15:53:00,15,53,3,3,12.9473,0.02,0.0022
2026-09-10 15:54:00,15,54,3,3,12.099,0.05,0.0006
2026-09-10 15:55:00,15,55,3,1,9.3859,0.012,0.0004
2026-09-10 15:56:00,15,56,3,2,14.0961,0.039,0.0005
2026-09-10 15:57:00,15,57,3,1,11.6527,0.014,0.0012
2026-09-10 15:58:00,15,58,3,2,14.1127,0.044,0.0016
2026-09-10 15:59:00,15,59,3,1,14.1004,0.039,0.0007
2026-09-10 16:00:00,16,0,3,5,63.5779,0.715,0.0523
2026-09-10 16:01:00,16,1,3,4,28.2247,0.865,0.0602
2026-09-10 16:02:00,16,2,3,4,55.3185,1.239,0.0517
2026-09-10 16:03:00,16,3,3,4,58.2306,0.865,0.0616
2026-09-10 16:04:00,16,4,3,3,38.0321,1.182,0.0443
2026-09-10 16:05:00,16,5,3,5,17.7112,0.978,0.0594
2026-09-10 16:06:00,16,6,3,4,41.0908,0.287,0.0459
2026-09-10 16:07:00,16,7,3,4,16.3872,0.916,0.0189
2026-09-10 16:08:00,16,8,3,4,44.7767,0.639,0.027
2026-09-10 16:09:00,16,9,3,3,15.4061,0.869,0.0167
2026-09-10 16:10:00,16,10,3,3,58.403,0.751,0.0329
2026-09-10 16:11:00,16,11,3,5,42.3991,0.77,0.0107
2026-09-10 16:12:00,16,12,3,4,45.1232,0.492,0.0185
2026-09-10 16:13:00,16,13,3,3,25.9877,0.86,0.06
2026-09-10 16:14:00,16,14,3,5,37.2759,0.268,0.0201
2026-09-10 16:15:00,16,15,3,2,11.5764,0.002,0.0006
2026-09-10 16:16:00,16,16,3,2,11.4417,0.012,0.001
2026-09-10 16:17:00,16,17,3,2,9.3921,0.037,0.0006
2026-09-10 16:18:00,16,18,3,3,13.4387,0.012,0.0019
2026-09-10 16:19:00,16,19,3,3,11.3732,0.032,0.0018
2026-09-10 16:20:00,16,20,3,3,9.3165,0.009,0.0006
2026-09-10 16:21:00,16,21,3,1,11.3828,0.021,0.0003
2026-09-10 16:22:00,16,22,3,3,11.9745,0.0,0.0005
2026-09-10 16:23:00,16,23,3,2,12.4047,0.023,0.0017
2026-09-10 16:24:00,16,24,3,3,13.3796,0.043,0.0023
2026-09-10 16:25:00,16,25,3,1,14.4882,0.048,0.0025
2026-09-10 16:26:00,16,26,3,3,14.3024,0.011,0.0014
2026-09-10 16:27:00,16,27,3,1,12.6677,0.007,0.0005
2026-09-10 16:28:00,16,28,3,2,14.4516,0.05,0.0009
2026-09-10 16:29:00,16,29,3,1,11.5525,0.037,0.0019
2026-09-10 16:30:00,16,30,3,2,9.4885,0.027,0.0004
2026-09-10 16:31:00,16,31,3,2,12.0226,0.034,0.001
2026-09-10 16:32:00,16,32,3,2,12.0081,0.025,0.0024
2026-09-10 16:33:00,16,33,3,2,9.4017,0.03,0.0013
2026-09-10 16:34:00,16,34,3,1,11.9756,0.015,0.0018
2026-09-10 16:35:00,16,35,3,2,12.2979,0.013,0.0018
2026-09-10 16:36:00,16,36,3,1,12.3494,0.046,0.001
2026-09-10 16:37:00,16,37,3,1,10.9139,0.013,0.0025
2026-09-10 16:38:00,16,38,3,1,13.6835,0.047,0.0012
2026-09-10 16:39:00,16,39,3,2,10.3428,0.05,0.0006
2026-09-10 16:40:00,16,40,3,1,10.9841,0.043,0.0007
2026-09-10 16:41:00,16,41,3,2,11.253,0.0,0.002
2026-09-10 16:42:00,16,42,3,1,11.7852,0.029,0.0006
2026-09-10 16:43:00,16,43,3,1,11.0852,0.011,0.0003
2026-09-10 16:44:00,16,44,3,1,9.3438,0.019,0.0015
2026-09-10 16:45:00,16,45,3,1,13.4812,0.035,0.0024
2026-09-10 16:46:00,16,46,3,1,9.8934,0.018,0.0018
2026-09-10 16:47:00,16,47,3,2,10.7677,0.006,0.0013
2026-09-10 16:48:00,16,48,3,1,11.9829,0.032,0.0013
2026-09-10 16:49:00,16,49,3,2,13.0037,0.051,0.0023
2026-09-10 16:50:00,16,50,3,1,14.0298,0.001,0.0018
2026-09-10 16:51:00,16,51,3,2,11.8719,0.009,0.0014
2026-09-10 16:52:00,16,52,3,1,10.6925,0.049,0.0009
2026-09-10 16:53:00,16,53,3,2,10.12,0.038,0.0023
2026-09-10 16:54:00,16,54,3,1,11.0952,0.049,0.0005
2026-09-10 16:55:00,16,55,3,2,13.1507,0.011,0.0003
2026-09-10 16:56:00,16,56,3,2,13.66,0.024,0.0007
2026-09-10 16:57:00,16,57,3,3,12.4475,0.043,0.0003
2026-09-10 16:58:00,16,58,3,2,14.3451,0.016,0.0007
2026-09-10 16:59:00,16,59,3,1,11.2686,0.022,0.0001
2026-09-10 17:00:00,17,0,3,2,9.4877,0.025,0.0015
2026-09-10 17:01:00,17,1,3,3,14.466,0.026,0.0011
2026-09-10 17:02:00,17,2,3,1,11.4306,0.043,0.0009
2026-09-10 17:03:00,17,3,3,2,9.3954,0.012,0.0016
2026-09-10 17:04:00,17,4,3,1,10.9048,0.007,0.0024
2026-09-10 17:05:00,17,5,3,3,13.1477,0.001,0.0002
2026-09-10 17:06:00,17,6,3,2,9.736,0.01,0.0007
2026-09-10 17:07:00,17,7,3,2,14.3698,0.013,0.001
2026-09-10 17:08:00,17,8,3,2,10.7527,0.019,0.0014
2026-09-10 17:09:00,17,9,3,1,14.1243,0.006,0.0007
2026-09-10 17:10:00,17,10,3,3,13.5877,0.008,0.0021
2026-09-10 17:11:00,17,11,3,2,14.0774,0.017,0.0021
2026-09-10 17:12:00,17,12,3,1,9.0811,0.041,0.0019
2026-09-10 17:13:00,17,13,3,2,10.5203,0.038,0.0013
2026-09-10 17:14:00,17,14,3,1,14.3975,0.048,0.0019
2026-09-10 17:15:00,17,15,3,3,14.3996,0.01,0.0009
2026-09-10 17:16:00,17,16,3,2,10.0346,0.01,0.0025
2026-09-10 17:17:00,17,17,3,2,10.7613,0.018,0.0017
2026-09-10 17:18:00,17,18,3,2,11.6028,0.025,0.0019
2026-09-10 17:19:00,17,19,3,1,10.6062,0.038,0.0016
2026-09-10 17:20:00,17,20,3,1,14.2778,0.017,0.0003
2026-09-10 17:21:00,17,21,3,1,13.4821,0.038,0.0007
2026-09-10 17:22:00,17,22,3,2,10.0596,0.025,0.0012
2026-09-10 17:23:00,17,23,3,1,13.9727,0.016,0.0001
2026-09-10 17:24:00,17,24,3,1,13.6415,0.005,0.001
2026-09-10 17:25:00,17,25,3,3,12.2916,0.035,0.0019
2026-09-10 17:26:00,17,26,3,2,10.0031,0.012,0.0011
2026-09-10 17:27:00,17,27,3,2,13.9957,0.006,0.0024
2026-09-10 17:28:00,17,28,3,2,13.1415,0.027,0.0003
2026-09-10 17:29:00,17,29,3,3,10.6988,0.003,0.0013
2026-09-10 17:30:00,17,30,3,3,13.6712,0.022,0.0001
2026-09-10 17:31:00,17,31,3,1,10.6179,0.032,0.0001
2026-09-10 17:32:00,17,32,3,1,14.3628,0.003,0.0014
2026-09-10 17:33:00,17,33,3,2,14.1301,0.034,0.0025
2026-09-10 17:34:00,17,34,3,1,12.2726,0.05,0.0016
2026-09-10 17:35:00,17,35,3,1,13.8093,0.045,0.0023
2026-09-10 17:36:00,17,36,3,2,14.1789,0.045,0.0017
2026-09-10 17:37:00,17,37,3,3,14.1818,0.023,0.0024
2026-09-10 17:38:00,17,38,3,1,10.2675,0.02,0.0021
2026-09-10 17:39:00,17,39,3,2,13.5597,0.004,0.0022
2026-09-10 17:40:00,17,40,3,1,10.4567,0.042,0.0009
2026-09-10 17:41:00,17,41,3,1,13.2759,0.042,0.0001
2026-09-10 17:42:00,17,42,3,2,13.3377,0.032,0.0011
2026-09-10 17:43:00,17,43,3,1,12.8116,0.048,0.0009
2026-09-10 17:44:00,17,44,3,1,9.889,0.017,0.0009
2026-09-10 17:45:00,17,45,3,1,11.3028,0.051,0.0006
2026-09-10 17:46:00,17,46,3,3,11.9896,0.031,0.0007
2026-09-10 17:47:00,17,47,3,1,10.8257,0.051,0.0015
2026-09-10 17:48:00,17,48,3,3,13.645,0.004,0.0025
2026-09-10 17:49:00,17,49,3,1,12.9586,0.043,0.0
2026-09-10 17:50:00,17,50,3,1,10.2634,0.017,0.0007
2026-09-10 17:51:00,17,51,3,1,13.2329,0.001,0.0006
2026-09-10 17:52:00,17,52,3,1,9.385,0.02,0.0011
2026-09-10 17:53:00,17,53,3,1,10.4729,0.02,0.0021
2026-09-10 17:54:00,17,54,3,2,12.8263,0.029,0.001
2026-09-10 17:55:00,17,55,3,1,9.1178,0.024,0.0006
2026-09-10 17:56:00,17,56,3,1,11.9252,0.046,0.0026
2026-09-10 17:57:00,17,57,3,1,13.6156,0.039,0.0023
2026-09-10 17:58:00,17,58,3,1,11.9059,0.002,0.0013
2026-09-10 17:59:00,17,59,3,3,13.4881,0.041,0.0011
2026-09-10 18:00:00,18,0,3,0,4.4571,0.036,0.0001
2026-09-10 18:01:00,18,1,3,0,8.1981,0.022,0.0016
2026-09-10 18:02:00,18,2,3,0,8.6277,0.026,0.0
2026-09-10 18:03:00,18,3,3,0,6.415,0.016,0.0013
2026-09-10 18:04:00,18,4,3,0,7.6758,0.024,0.0001
2026-09-10 18:05:00,18,5,3,1,4.4208,0.002,0.0003
2026-09-10 18:06:00,18,6,3,0,8.6665,0.013,0.0016
2026-09-10 18:07:00,18,7,3,0,7.063,0.012,0.0007
2026-09-10 18:08:00,18,8,3,0,7.8265,0.029,0.0003
2026-09-10 18:09:00,18,9,3,0,6.8139,0.035,0.0019
2026-09-10 18:10:00,18,10,3,0,4.125,0.036,0.0013
2026-09-10 18:11:00,18,11,3,0,5.966,0.023,0.0007
2026-09-10 18:12:00,18,12,3,0,5.2689,0.02,0.0002
2026-09-10 18:13:00,18,13,3,0,6.3213,0.025,0.0003
2026-09-10 18:14:00,18,14,3,0,7.1719,0.011,0.0013
2026-09-10 18:15:00,18,15,3,0,6.9409,0.038,0.0014
2026-09-10 18:16:00,18,16,3,0,4.6993,0.033,0.0004
2026-09-10 18:17:00,18,17,3,0,9.1546,0.04,0.0019
2026-09-10 18:18:00,18,18,3,0,8.8062,0.028,0.0011
2026-09-10 18:19:00,18,19,3,0,7.3876,0.043,0.0007
2026-09-10 18:20:00,18,20,3,0,6.1319,0.015,0.0011
2026-09-10 18:21:00,18,21,3,1,7.7251,0.043,0.0004
2026-09-10 18:22:00,18,22,3,0,8.3423,0.04,0.0009
2026-09-10 18:23:00,18,23,3,0,4.3032,0.007,0.0017
2026-09-10 18:24:00,18,24,3,1,6.2701,0.027,0.0002
2026-09-10 18:25:00,18,25,3,1,6.5281,0.026,0.0001
2026-09-10 18:26:00,18,26,3,1,4.4177,0.002,0.0004
2026-09-10 18:27:00,18,27,3,0,5.9545,0.027,0.0013
2026-09-10 18:28:00,18,28,3,0,6.891,0.036,0.0005
2026-09-10 18:29:00,18,29,3,0,7.3612,0.01,0.0006
2026-09-10 18:30:00,18,30,3,0,7.5283,0.027,0.0001
2026-09-10 18:31:00,18,31,3,1,7.3071,0.027,0.0007
2026-09-10 18:32:00,18,32,3,0,5.2239,0.031,0.0006
2026-09-10 18:33:00,18,33,3,0,9.4888,0.003,0.0007
2026-09-10 18:34:00,18,34,3,0,7.2748,0.014,0.0017
2026-09-10 18:35:00,18,35,3,0,4.4397,0.038,0.0005
2026-09-10 18:36:00,18,36,3,0,7.7904,0.01,0.0004
2026-09-10 18:37:00,18,37,3,0,5.205,0.025,0.0014
2026-09-10 18:38:00,18,38,3,0,7.8505,0.03,0.0008
2026-09-10 18:39:00,18,39,3,1,8.2697,0.033,0.0006
2026-09-10 18:40:00,18,40,3,0,7.5766,0.016,0.0003
2026-09-10 18:41:00,18,41,3,0,6.6429,0.02,0.0005
2026-09-10 18:42:00,18,42,3,0,4.8964,0.01,0.0011
2026-09-10 18:43:00,18,43,3,0,4.3066,0.011,0.0014
2026-09-10 18:44:00,18,44,3,0,8.2411,0.02,0.0013
2026-09-10 18:45:00,18,45,3,0,7.2722,0.011,0.0018
2026-09-10 18:46:00,18,46,3,0,8.0175,0.026,0.0009
2026-09-10 18:47:00,18,47,3,0,7.9339,0.024,0.0004
2026-09-10 18:48:00,18,48,3,0,6.3853,0.022,0.0
2026-09-10 18:49:00,18,49,3,0,5.3371,0.036,0.0008
2026-09-10 18:50:00,18,50,3,0,6.1516,0.015,0.0009
2026-09-10 18:51:00,18,51,3,0,9.2774,0.037,0.0018
2026-09-10 18:52:00,18,52,3,0,7.7515,0.008,0.0002
2026-09-10 18:53:00,18,53,3,0,7.9373,0.01,0.0009
2026-09-10 18:54:00,18,54,3,1,7.1494,0.045,0.0012
2026-09-10 18:55:00,18,55,3,0,6.5982,0.005,0.0018
2026-09-10 18:56:00,18,56,3,0,7.8484,0.02,0.0011
2026-09-10 18:57:00,18,57,3,0,6.3895,0.017,0.0002
2026-09-10 18:58:00,18,58,3,0,8.1931,0.019,0.001
2026-09-10 18:59:00,18,59,3,1,6.8236,0.02,0.0016
2026-09-10 19:00:00,19,0,3,1,4.8212,0.043,0.0012
2026-09-10 19:01:00,19,1,3,0,4.0238,0.043,0.0004
2026-09-10 19:02:00,19,2,3,1,4.9426,0.009,0.0009
2026-09-10 19:03:00,19,3,3,0,4.8687,0.026,0.0005
2026-09-10 19:04:00,19,4,3,0,8.4116,0.013,0.001
2026-09-10 19:05:00,19,5,3,0,7.0596,0.037,0.0009
2026-09-10 19:06:00,19,6,3,0,8.1309,0.036,0.0001
2026-09-10 19:07:00,19,7,3,0,8.3075,0.006,0.0004
2026-09-10 19:08:00,19,8,3,0,6.8885,0.026,0.0018
2026-09-10 19:09:00,19,9,3,0,9.3013,0.01,0.0008
2026-09-10 19:10:00,19,10,3,0,8.8861,0.01,0.0007
2026-09-10 19:11:00,19,11,3,0,8.6017,0.004,0.001
2026-09-10 19:12:00,19,12,3,0,5.5964,0.041,0.0007
2026-09-10 19:13:00,19,13,3,0,7.1924,0.036,0.0002
2026-09-10 19:14:00,19,14,3,0,5.6114,0.035,0.0019
2026-09-10 19:15:00,19,15,3,0,6.8424,0.023,0.0016
2026-09-10 19:16:00,19,16,3,0,5.6147,0.018,0.0009
2026-09-10 19:17:00,19,17,3,0,7.1337,0.024,0.0008
2026-09-10 19:18:00,19,18,3,0,8.2396,0.001,0.0014
2026-09-10 19:19:00,19,19,3,0,4.3222,0.02,0.0012
2026-09-10 19:20:00,19,20,3,0,4.8115,0.018,0.0009
2026-09-10 19:21:00,19,21,3,0,5.9566,0.04,0.0005
2026-09-10 19:22:00,19,22,3,0,8.2474,0.035,0.0005
2026-09-10 19:23:00,19,23,3,0,4.5707,0.024,0.0001
2026-09-10 19:24:00,19,24,3,0,7.2579,0.003,0.0006
2026-09-10 19:25:00,19,25,3,1,5.0576,0.029,0.0011
2026-09-10 19:26:00,19,26,3,0,4.4284,0.014,0.0008
2026-09-10 19:27:00,19,27,3,0,8.8953,0.043,0.0008
2026-09-10 19:28:00,19,28,3,0,8.7853,0.023,0.0001
2026-09-10 19:29:00,19,29,3,0,7.1956,0.04,0.0002
2026-09-10 19:30:00,19,30,3,0,8.3335,0.044,0.0002
2026-09-10 19:31:00,19,31,3,0,8.497,0.038,0.0007
2026-09-10 19:32:00,19,32,3,0,7.0003,0.022,0.0003
2026-09-10 19:33:00,19,33,3,0,7.506,0.021,0.0011
2026-09-10 19:34:00,19,34,3,0,4.6585,0.006,0.0004
2026-09-10 19:35:00,19,35,3,0,6.9761,0.033,0.0011
2026-09-10 19:36:00,19,36,3,0,7.8524,0.003,0.0008
2026-09-10 19:37:00,19,37,3,0,6.2275,0.027,0.0008
2026-09-10 19:38:00,19,38,3,0,4.1074,0.044,0.0009
2026-09-10 19:39:00,19,39,3,1,5.0894,0.036,0.0011
2026-09-10 19:40:00,19,40,3,0,4.9759,0.043,0.0001
2026-09-10 19:41:00,19,41,3,0,9.2762,0.016,0.0001
2026-09-10 19:42:00,19,42,3,0,9.1734,0.018,0.0007
2026-09-10 19:43:00,19,43,3,0,6.1473,0.017,0.0001
2026-09-10 19:44:00,19,44,3,0,5.3998,0.022,0.0003
2026-09-10 19:45:00,19,45,3,0,4.3557,0.043,0.0004
2026-09-10 19:46:00,19,46,3,0,7.8011,0.004,0.0011
2026-09-10 19:47:00,19,47,3,0,5.5076,0.016,0.0009
2026-09-10 19:48:00,19,48,3,0,6.9429,0.008,0.0012
2026-09-10 19:49:00,19,49,3,1,6.7857,0.024,0.0012
2026-09-10 19:50:00,19,50,3,0,9.0275,0.025,0.0004
2026-09-10 19:51:00,19,51,3,0,9.0673,0.004,0.0008
2026-09-10 19:52:00,19,52,3,0,7.7822,0.016,0.0019
2026-09-10 19:53:00,19,53,3,0,5.0587,0.04,0.0019
2026-09-10 19:54:00,19,54,3,0,5.1186,0.019,0.0017
2026-09-10 19:55:00,19,55,3,1,6.4854,0.029,0.0011
2026-09-10 19:56:00,19,56,3,0,6.057,0.033,0.001
2026-09-10 19:57:00,19,57,3,0,4.1143,0.005,0.0008
2026-09-10 19:58:00,19,58,3,0,8.9704,0.033,0.0003
2026-09-10 19:59:00,19,59,3,1,4.7647,0.037,0.0013
2026-09-10 20:00:00,20,0,3,0,4.4765,0.038,0.0017
2026-09-10 20:01:00,20,1,3,0,5.4717,0.007,0.0016
2026-09-10 20:02:00,20,2,3,0,6.4381,0.016,0.0019
2026-09-10 20:03:00,20,3,3,0,4.8699,0.03,0.0011
2026-09-10 20:04:00,20,4,3,0,4.8119,0.014,0.002
2026-09-10 20:05:00,20,5,3,0,6.7065,0.033,0.0006
2026-09-10 20:06:00,20,6,3,0,7.4135,0.044,0.0011
2026-09-10 20:07:00,20,7,3,0,5.1866,0.012,0.0017
2026-09-10 20:08:00,20,8,3,0,9.3749,0.001,0.001
2026-09-10 20:09:00,20,9,3,0,7.6236,0.008,0.0012
2026-09-10 20:10:00,20,10,3,0,6.8886,0.011,0.0001
2026-09-10 20:11:00,20,11,3,0,6.0993,0.008,0.0016
2026-09-10 20:12:00,20,12,3,0,6.7719,0.021,0.0004
2026-09-10 20:13:00,20,13,3,0,6.9466,0.004,0.0008
2026-09-10 20:14:00,20,14,3,0,6.472,0.017,0.0014
2026-09-10 20:15:00,20,15,3,0,8.9205,0.006,0.0007
2026-09-10 20:16:00,20,16,3,0,5.7538,0.023,0.0016
2026-09-10 20:17:00,20,17,3,0,7.7544,0.041,0.0002
2026-09-10 20:18:00,20,18,3,0,7.2071,0.006,0.0009
2026-09-10 20:19:00,20,19,3,0,7.7834,0.045,0.0001
2026-09-10 20:20:00,20,20,3,0,9.4343,0.004,0.0013
2026-09-10 20:21:00,20,21,3,1,8.3627,0.042,0.0015
2026-09-10 20:22:00,20,22,3,0,7.5718,0.041,0.0001
2026-09-10 20:23:00,20,23,3,0,6.2299,0.028,0.0009
2026-09-10 20:24:00,20,24,3,0,8.1127,0.044,0.0014
2026-09-10 20:25:00,20,25,3,0,7.2975,0.01,0.0003
2026-09-10 20:26:00,20,26,3,0,7.2048,0.04,0.0008
2026-09-10 20:27:00,20,27,3,0,7.3538,0.038,0.0018
2026-09-10 20:28:00,20,28,3,1,6.689,0.011,0.0002
2026-09-10 20:29:00,20,29,3,0,8.9326,0.033,0.0016
2026-09-10 20:30:00,20,30,3,0,4.5353,0.026,0.0002
2026-09-10 20:31:00,20,31,3,0,6.3492,0.02,0.0007
2026-09-10 20:32:00,20,32,3,0,5.5139,0.02,0.0005
2026-09-10 20:33:00,20,33,3,0,6.9151,0.027,0.0008
2026-09-10 20:34:00,20,34,3,0,5.1025,0.001,0.0016
2026-09-10 20:35:00,20,35,3,0,5.5631,0.028,0.0012
2026-09-10 20:36:00,20,36,3,0,4.7702,0.042,0.002
2026-09-10 20:37:00,20,37,3,0,8.617,0.03,0.0007
2026-09-10 20:38:00,20,38,3,0,7.2828,0.008,0.0004
2026-09-10 20:39:00,20,39,3,0,8.8206,0.014,0.0012
2026-09-10 20:40:00,20,40,3,0,4.8611,0.035,0.0012
2026-09-10 20:41:00,20,41,3,0,7.5961,0.016,0.0014
2026-09-10 20:42:00,20,42,3,0,4.9267,0.033,0.0
2026-09-10 20:43:00,20,43,3,0,8.4987,0.014,0.0013
2026-09-10 20:44:00,20,44,3,0,8.8336,0.03,0.0013
2026-09-10 20:45:00,20,45,3,0,8.5345,0.03,0.0012
2026-09-10 20:46:00,20,46,3,0,9.2636,0.014,0.001
2026-09-10 20:47:00,20,47,3,0,4.9841,0.007,0.0005
2026-09-10 20:48:00,20,48,3,0,5.5157,0.032,0.0005
2026-09-10 20:49:00,20,49,3,0,5.7557,0.038,0.0006
2026-09-10 20:50:00,20,50,3,0,6.2096,0.029,0.0011
2026-09-10 20:51:00,20,51,3,0,4.2602,0.02,0.0014
2026-09-10 20:52:00,20,52,3,0,6.3462,0.044,0.0019
2026-09-10 20:53:00,20,53,3,0,4.4218,0.006,0.0007
2026-09-10 20:54:00,20,54,3,0,4.1243,0.043,0.0002
2026-09-10 20:55:00,20,55,3,0,6.1515,0.029,0.0001
2026-09-10 20:56:00,20,56,3,0,8.1683,0.034,0.0009
2026-09-10 20:57:00,20,57,3,0,7.9321,0.012,0.0005
2026-09-10 20:58:00,20,58,3,0,5.6852,0.035,0.0001
2026-09-10 20:59:00,20,59,3,1,5.6014,0.031,0.0017
2026-09-10 21:00:00,21,0,3,0,4.4414,0.032,0.0009
2026-09-10 21:01:00,21,1,3,0,9.0463,0.008,0.0008
2026-09-10 21:02:00,21,2,3,0,8.8416,0.016,0.0005
2026-09-10 21:03:00,21,3,3,0,9.4244,0.007,0.0008
2026-09-10 21:04:00,21,4,3,0,9.2055,0.034,0.001
2026-09-10 21:05:00,21,5,3,0,5.8958,0.022,0.0011
2026-09-10 21:06:00,21,6,3,1,8.1579,0.018,0.0004
2026-09-10 21:07:00,21,7,3,0,4.3968,0.001,0.0009
2026-09-10 21:08:00,21,8,3,0,5.8062,0.028,0.0017
2026-09-10 21:09:00,21,9,3,0,9.3946,0.025,0.0011
2026-09-10 21:10:00,21,10,3,0,4.5701,0.039,0.001
2026-09-10 21:11:00,21,11,3,0,4.3824,0.042,0.0009
2026-09-10 21:12:00,21,12,3,0,6.001,0.034,0.0015
2026-09-10 21:13:00,21,13,3,0,6.3136,0.013,0.0012
2026-09-10 21:14:00,21,14,3,0,6.2459,0.035,0.0004
2026-09-10 21:15:00,21,15,3,0,7.0388,0.014,0.0013
2026-09-10 21:16:00,21,16,3,0,8.4288,0.023,0.0001
2026-09-10 21:17:00,21,17,3,0,6.7802,0.011,0.0014
2026-09-10 21:18:00,21,18,3,0,6.8184,0.037,0.0013
2026-09-10 21:19:00,21,19,3,0,5.4682,0.002,0.0001
2026-09-10 21:20:00,21,20,3,0,7.7093,0.0,0.0018
2026-09-10 21:21:00,21,21,3,0,5.441,0.04,0.0014
2026-09-10 21:22:00,21,22,3,0,7.3547,0.007,0.0018
2026-09-10 21:23:00,21,23,3,0,8.9942,0.02,0.0007
2026-09-10 21:24:00,21,24,3,0,4.4724,0.027,0.0005
2026-09-10 21:25:00,21,25,3,0,6.6693,0.026,0.0003
2026-09-10 21:26:00,21,26,3,0,7.0216,0.043,0.0001
2026-09-10 21:27:00,21,27,3,0,4.754,0.0,0.0019
2026-09-10 21:28:00,21,28,3,0,4.8816,0.029,0.0013
2026-09-10 21:29:00,21,29,3,0,7.9434,0.021,0.0019
2026-09-10 21:30:00,21,30,3,0,6.4844,0.001,0.0007
2026-09-10 21:31:00,21,31,3,0,6.4223,0.027,0.0013
2026-09-10 21:32:00,21,32,3,0,7.8706,0.005,0.0003
2026-09-10 21:33:00,21,33,3,0,9.4827,0.008,0.0015
2026-09-10 21:34:00,21,34,3,0,9.1522,0.028,0.0016
2026-09-10 21:35:00,21,35,3,0,6.8322,0.031,0.001
2026-09-10 21:36:00,21,36,3,1,7.6796,0.03,0.0017
2026-09-10 21:37:00,21,37,3,0,8.9662,0.004,0.0004
2026-09-10 21:38:00,21,38,3,0,5.7821,0.045,0.0011
2026-09-10 21:39:00,21,39,3,0,6.4118,0.025,0.0007
2026-09-10 21:40:00,21,40,3,0,6.0718,0.009,0.0002
2026-09-10 21:41:00,21,41,3,0,4.7678,0.004,0.0017
2026-09-10 21:42:00,21,42,3,0,6.1116,0.031,0.0019
2026-09-10 21:43:00,21,43,3,0,6.5456,0.028,0.0002
2026-09-10 21:44:00,21,44,3,0,9.1779,0.006,0.0014
2026-09-10 21:45:00,21,45,3,0,4.0394,0.02,0.0005
2026-09-10 21:46:00,21,46,3,0,7.3813,0.022,0.0008
2026-09-10 21:47:00,21,47,3,0,4.7458,0.038,0.001
2026-09-10 21:48:00,21,48,3,1,6.301,0.036,0.0011
2026-09-10 21:49:00,21,49,3,0,8.4639,0.029,0.0012
2026-09-10 21:50:00,21,50,3,0,8.3909,0.032,0.0019
2026-09-10 21:51:00,21,51,3,0,8.6574,0.007,0.0009
2026-09-10 21:52:00,21,52,3,0,9.144,0.041,0.0013
2026-09-10 21:53:00,21,53,3,0,7.302,0.003,0.0005
2026-09-10 21:54:00,21,54,3,0,4.5148,0.032,0.0002
2026-09-10 21:55:00,21,55,3,0,5.2184,0.005,0.0006
2026-09-10 21:56:00,21,56,3,0,7.8284,0.03,0.0012
2026-09-10 21:57:00,21,57,3,0,8.6957,0.012,0.0006
2026-09-10 21:58:00,21,58,3,0,5.3019,0.038,0.0001
2026-09-10 21:59:00,21,59,3,1,4.7321,0.004,0.0
2026-09-10 22:00:00,22,0,3,0,9.2467,0.021,0.0019
2026-09-10 22:01:00,22,1,3,0,8.7278,0.016,0.0012
2026-09-10 22:02:00,22,2,3,0,8.9925,0.011,0.0013
2026-09-10 22:03:00,22,3,3,0,7.8291,0.038,0.0004
2026-09-10 22:04:00,22,4,3,0,8.2856,0.045,0.001
2026-09-10 22:05:00,22,5,3,0,5.7542,0.028,0.0006
2026-09-10 22:06:00,22,6,3,0,6.613,0.008,0.0008
2026-09-10 22:07:00,22,7,3,0,4.8884,0.019,0.0008
2026-09-10 22:08:00,22,8,3,0,4.2918,0.022,0.0001
2026-09-10 22:09:00,22,9,3,0,5.2978,0.006,0.0015
2026-09-10 22:10:00,22,10,3,0,4.6421,0.018,0.0013
2026-09-10 22:11:00,22,11,3,0,8.2761,0.011,0.0018
2026-09-10 22:12:00,22,12,3,0,9.1373,0.043,0.0009
2026-09-10 22:13:00,22,13,3,0,8.1534,0.011,0.0009
2026-09-10 22:14:00,22,14,3,1,7.0187,0.005,0.0014
2026-09-10 22:15:00,22,15,3,0,4.3725,0.007,0.0011
2026-09-10 22:16:00,22,16,3,0,6.3661,0.01,0.0008
2026-09-10 22:17:00,22,17,3,0,4.9462,0.018,0.002
2026-09-10 22:18:00,22,18,3,0,8.8794,0.024,0.0018
2026-09-10 22:19:00,22,19,3,0,4.8696,0.028,0.0001
2026-09-10 22:20:00,22,20,3,0,5.1243,0.044,0.0011
2026-09-10 22:21:00,22,21,3,0,7.329,0.008,0.002
2026-09-10 22:22:00,22,22,3,0,5.1009,0.01,0.0007
2026-09-10 22:23:00,22,23,3,0,6.364,0.009,0.0013
2026-09-10 22:24:00,22,24,3,0,7.2399,0.015,0.0003
2026-09-10 22:25:00,22,25,3,0,7.9131,0.0,0.0007
2026-09-10 22:26:00,22,26,3,0,7.002,0.021,0.0011
2026-09-10 22:27:00,22,27,3,0,4.552,0.023,0.001
2026-09-10 22:28:00,22,28,3,0,7.8102,0.026,0.0008
2026-09-10 22:29:00,22,29,3,0,8.0553,0.028,0.0018
2026-09-10 22:30:00,22,30,3,0,7.2335,0.002,0.0002
2026-09-10 22:31:00,22,31,3,0,4.4106,0.008,0.0019
2026-09-10 22:32:00,22,32,3,0,8.698,0.036,0.0018
2026-09-10 22:33:00,22,33,3,0,4.6928,0.01,0.0001
2026-09-10 22:34:00,22,34,3,0,7.7979,0.024,0.001
2026-09-10 22:35:00,22,35,3,0,6.391,0.006,0.0004
2026-09-10 22:36:00,22,36,3,0,9.0057,0.028,0.0003
2026-09-10 22:37:00,22,37,3,0,5.539,0.004,0.0001
2026-09-10 22:38:00,22,38,3,1,6.1507,0.017,0.0002
2026-09-10 22:39:00,22,39,3,0,9.3854,0.026,0.0002
2026-09-10 22:40:00,22,40,3,1,8.1205,0.036,0.0017
2026-09-10 22:41:00,22,41,3,0,6.53,0.03,0.0004
2026-09-10 22:42:00,22,42,3,0,7.7308,0.044,0.0009
2026-09-10 22:43:00,22,43,3,0,8.942,0.014,0.0001
2026-09-10 22:44:00,22,44,3,0,4.1118,0.038,0.002
2026-09-10 22:45:00,22,45,3,0,6.862,0.041,0.0004
2026-09-10 22:46:00,22,46,3,0,6.9298,0.025,0.0005
2026-09-10 22:47:00,22,47,3,1,9.3355,0.037,0.0001
2026-09-10 22:48:00,22,48,3,0,8.1901,0.036,0.0013
2026-09-10 22:49:00,22,49,3,0,9.341,0.042,0.0019
2026-09-10 22:50:00,22,50,3,0,7.3862,0.002,0.0016
2026-09-10 22:51:00,22,51,3,0,8.7269,0.005,0.0017
2026-09-10 22:52:00,22,52,3,0,7.6244,0.035,0.0014
2026-09-10 22:53:00,22,53,3,0,6.9962,0.025,0.001
2026-09-10 22:54:00,22,54,3,0,5.2078,0.043,0.0017
2026-09-10 22:55:00,22,55,3,0,4.8612,0.013,0.0014
2026-09-10 22:56:00,22,56,3,0,4.9793,0.043,0.0017
2026-09-10 22:57:00,22,57,3,0,5.0067,0.018,0.0012
2026-09-10 22:58:00,22,58,3,0,4.4826,0.011,0.002
2026-09-10 22:59:00,22,59,3,0,7.7175,0.012,0.0013
2026-09-10 23:00:00,23,0,3,0,6.0685,0.027,0.0019
2026-09-10 23:01:00,23,1,3,0,6.5429,0.03,0.0007
2026-09-10 23:02:00,23,2,3,0,6.6515,0.037,0.0006
2026-09-10 23:03:00,23,3,3,0,6.2734,0.039,0.0019
2026-09-10 23:04:00,23,4,3,0,4.5405,0.008,0.0004
2026-09-10 23:05:00,23,5,3,0,9.0087,0.031,0.0012
2026-09-10 23:06:00,23,6,3,0,8.3236,0.034,0.0009
2026-09-10 23:07:00,23,7,3,0,4.0322,0.034,0.0
2026-09-10 23:08:00,23,8,3,0,8.3129,0.041,0.0011
2026-09-10 23:09:00,23,9,3,0,4.7824,0.035,0.0007
2026-09-10 23:10:00,23,10,3,1,7.3917,0.037,0.0012
2026-09-10 23:11:00,23,11,3,0,9.3803,0.009,0.0008
2026-09-10 23:12:00,23,12,3,1,6.4009,0.01,0.0019
2026-09-10 23:13:00,23,13,3,0,6.9818,0.013,0.0005
2026-09-10 23:14:00,23,14,3,0,8.5088,0.014,0.002
2026-09-10 23:15:00,23,15,3,0,5.1899,0.019,0.0009
2026-09-10 23:16:00,23,16,3,1,9.1779,0.027,0.0019
2026-09-10 23:17:00,23,17,3,0,6.1797,0.028,0.0008
2026-09-10 23:18:00,23,18,3,0,4.1117,0.026,0.0017
2026-09-10 23:19:00,23,19,3,0,7.022,0.025,0.0018
2026-09-10 23:20:00,23,20,3,0,6.2431,0.035,0.0003
2026-09-10 23:21:00,23,21,3,0,6.8801,0.022,0.0007
2026-09-10 23:22:00,23,22,3,0,7.6761,0.019,0.0005
2026-09-10 23:23:00,23,23,3,0,8.5941,0.032,0.0013
2026-09-10 23:24:00,23,24,3,0,8.3531,0.029,0.0013
2026-09-10 23:25:00,23,25,3,0,6.5549,0.003,0.0015
2026-09-10 23:26:00,23,26,3,0,7.5149,0.002,0.0016
2026-09-10 23:27:00,23,27,3,0,5.2058,0.04,0.0012
2026-09-10 23:28:00,23,28,3,0,8.6761,0.0,0.0015
2026-09-10 23:29:00,23,29,3,0,6.85,0.01,0.0011
2026-09-10 23:30:00,23,30,3,0,8.9167,0.014,0.0003
2026-09-10 23:31:00,23,31,3,1,7.1604,0.022,0.0013
2026-09-10 23:32:00,23,32,3,0,5.4973,0.027,0.0004
2026-09-10 23:33:00,23,33,3,0,7.0351,0.018,0.0
2026-09-10 23:34:00,23,34,3,0,4.9427,0.024,0.0006
2026-09-10 23:35:00,23,35,3,1,6.703,0.029,0.0003
2026-09-10 23:36:00,23,36,3,1,5.7138,0.015,0.0005
2026-09-10 23:37:00,23,37,3,0,8.2443,0.021,0.0002
2026-09-10 23:38:00,23,38,3,0,7.7021,0.036,0.0003
2026-09-10 23:39:00,23,39,3,0,9.2651,0.035,0.0006
2026-09-10 23:40:00,23,40,3,0,5.0126,0.005,0.0009
2026-09-10 23:41:00,23,41,3,0,8.0269,0.002,0.0011
2026-09-10 23:42:00,23,42,3,0,7.674,0.04,0.002
2026-09-10 23:43:00,23,43,3,0,8.8376,0.034,0.0015
2026-09-10 23:44:00,23,44,3,0,5.7667,0.029,0.0005
2026-09-10 23:45:00,23,45,3,0,6.3591,0.034,0.0003
2026-09-10 23:46:00,23,46,3,0,4.4488,0.032,0.0017
2026-09-10 23:47:00,23,47,3,0,5.8651,0.042,0.0005
2026-09-10 23:48:00,23,48,3,0,4.7641,0.024,0.0005
2026-09-10 23:49:00,23,49,3,0,8.7228,0.033,0.0019
2026-09-10 23:50:00,23,50,3,0,7.9093,0.005,0.0005
2026-09-10 23:51:00,23,51,3,0,5.0195,0.016,0.0009
2026-09-10 23:52:00,23,52,3,0,8.5627,0.024,0.0014
2026-09-10 23:53:00,23,53,3,0,8.5196,0.015,0.0011
2026-09-10 23:54:00,23,54,3,0,7.9078,0.013,0.0015
2026-09-10 23:55:00,23,55,3,0,7.0109,0.006,0.0013
2026-09-10 23:56:00,23,56,3,0,4.1621,0.009,0.0006
2026-09-10 23:57:00,23,57,3,1,4.5761,0.032,0.0007
2026-09-10 23:58:00,23,58,3,0,5.6748,0.018,0.0004
2026-09-10 23:59:00,23,59,3,0,8.4959,0.026,0.0007
2026-09-11 00:00:00,0,0,4,0,5.6801,0.037,0.0008
2026-09-11 00:01:00,0,1,4,0,6.9643,0.019,0.0016
2026-09-11 00:02:00,0,2,4,0,6.0027,0.016,0.0006
2026-09-11 00:03:00,0,3,4,0,5.5812,0.016,0.0016
2026-09-11 00:04:00,0,4,4,0,5.7866,0.016,0.0016
2026-09-11 00:05:00,0,5,4,0,4.1819,0.032,0.001
2026-09-11 00:06:00,0,6,4,0,7.6046,0.044,0.0018
2026-09-11 00:07:00,0,7,4,0,4.8878,0.003,0.0013
2026-09-11 00:08:00,0,8,4,1,5.9732,0.003,0.0013
2026-09-11 00:09:00,0,9,4,1,8.6004,0.019,0.0007
2026-09-11 00:10:00,0,10,4,0,8.3892,0.041,0.001
2026-09-11 00:11:00,0,11,4,0,7.5488,0.016,0.0006
2026-09-11 00:12:00,0,12,4,0,7.9824,0.021,0.0007
2026-09-11 00:13:00,0,13,4,0,6.3627,0.017,0.0001
2026-09-11 00:14:00,0,14,4,1,7.8145,0.001,0.0003
2026-09-11 00:15:00,0,15,4,0,7.3668,0.039,0.0015
2026-09-11 00:16:00,0,16,4,0,5.2199,0.015,0.0014
2026-09-11 00:17:00,0,17,4,0,6.0082,0.016,0.0012
2026-09-11 00:18:00,0,18,4,0,8.3025,0.026,0.0014
2026-09-11 00:19:00,0,19,4,0,4.7603,0.018,0.0011
2026-09-11 00:20:00,0,20,4,1,9.2555,0.032,0.0012
2026-09-11 00:21:00,0,21,4,1,8.9793,0.001,0.0018
2026-09-11 00:22:00,0,22,4,0,8.1852,0.012,0.0009
2026-09-11 00:23:00,0,23,4,0,5.7535,0.038,0.0018
2026-09-11 00:24:00,0,24,4,0,8.0198,0.02,0.0014
2026-09-11 00:25:00,0,25,4,0,5.3236,0.04,0.0018
2026-09-11 00:26:00,0,26,4,0,7.2125,0.004,0.0002
2026-09-11 00:27:00,0,27,4,0,8.7485,0.01,0.0002
2026-09-11 00:28:00,0,28,4,0,6.2348,0.036,0.0003
2026-09-11 00:29:00,0,29,4,0,6.0454,0.003,0.0004
2026-09-11 00:30:00,0,30,4,0,7.6504,0.038,0.0007
2026-09-11 00:31:00,0,31,4,0,6.0135,0.007,0.0013
2026-09-11 00:32:00,0,32,4,0,6.0541,0.039,0.0017
2026-09-11 00:33:00,0,33,4,0,8.2639,0.018,0.0007
2026-09-11 00:34:00,0,34,4,0,6.444,0.027,0.0011
2026-09-11 00:35:00,0,35,4,0,5.9427,0.008,0.0008
2026-09-11 00:36:00,0,36,4,0,5.5719,0.037,0.0017
2026-09-11 00:37:00,0,37,4,0,5.0766,0.039,0.0011
2026-09-11 00:38:00,0,38,4,0,8.8508,0.026,0.0013
2026-09-11 00:39:00,0,39,4,0,8.5593,0.03,0.0019
2026-09-11 00:40:00,0,40,4,1,8.3599,0.001,0.0003
2026-09-11 00:41:00,0,41,4,0,7.3385,0.022,0.0012
2026-09-11 00:42:00,0,42,4,0,6.8914,0.044,0.0019
2026-09-11 00:43:00,0,43,4,0,5.3367,0.03,0.0
2026-09-11 00:44:00,0,44,4,0,9.2616,0.006,0.0003
2026-09-11 00:45:00,0,45,4,0,6.8112,0.024,0.0017
2026-09-11 00:46:00,0,46,4,0,9.3381,0.036,0.0006
2026-09-11 00:47:00,0,47,4,1,4.8737,0.027,0.0013
2026-09-11 00:48:00,0,48,4,0,9.0694,0.009,0.0006
2026-09-11 00:49:00,0,49,4,0,8.5573,0.011,0.001
2026-09-11 00:50:00,0,50,4,0,5.6263,0.025,0.0002
2026-09-11 00:51:00,0,51,4,0,4.5923,0.036,0.0007
2026-09-11 00:52:00,0,52,4,0,6.6484,0.02,0.0008
2026-09-11 00:53:00,0,53,4,0,5.8531,0.01,0.0005
2026-09-11 00:54:00,0,54,4,0,4.8209,0.019,0.0002
2026-09-11 00:55:00,0,55,4,0,8.4698,0.021,0.0011
2026-09-11 00:56:00,0,56,4,0,6.7965,0.019,0.0006
2026-09-11 00:57:00,0,57,4,1,4.3353,0.032,0.0004
2026-09-11 00:58:00,0,58,4,0,6.9908,0.042,0.0019
2026-09-11 00:59:00,0,59,4,0,5.4733,0.021,0.0005
2026-09-11 01:00:00,1,0,4,0,5.9648,0.021,0.0012
2026-09-11 01:01:00,1,1,4,0,7.406,0.036,0.0008
2026-09-11 01:02:00,1,2,4,0,4.8278,0.04,0.0008
2026-09-11 01:03:00,1,3,4,0,8.1875,0.031,0.0003
2026-09-11 01:04:00,1,4,4,0,7.0984,0.002,0.0013
2026-09-11 01:05:00,1,5,4,0,6.9704,0.02,0.0018
2026-09-11 01:06:00,1,6,4,0,7.2015,0.041,0.0009
2026-09-11 01:07:00,1,7,4,1,7.5157,0.018,0.0008
2026-09-11 01:08:00,1,8,4,0,5.1797,0.034,0.0013
2026-09-11 01:09:00,1,9,4,0,8.8839,0.008,0.0001
2026-09-11 01:10:00,1,10,4,0,4.4999,0.002,0.0006
2026-09-11 01:11:00,1,11,4,1,5.9268,0.035,0.0019
2026-09-11 01:12:00,1,12,4,0,7.9117,0.008,0.0002
2026-09-11 01:13:00,1,13,4,0,6.185,0.013,0.0005
2026-09-11 01:14:00,1,14,4,0,5.3521,0.041,0.0004
2026-09-11 01:15:00,1,15,4,0,6.8733,0.008,0.0016
2026-09-11 01:16:00,1,16,4,0,4.9716,0.019,0.0016
2026-09-11 01:17:00,1,17,4,0,4.5457,0.04,0.0016
2026-09-11 01:18:00,1,18,4,1,9.1495,0.009,0.0002
2026-09-11 01:19:00,1,19,4,1,6.5816,0.001,0.0018
2026-09-11 01:20:00,1,20,4,0,7.1044,0.006,0.0006
2026-09-11 01:21:00,1,21,4,1,5.0299,0.04,0.0019
2026-09-11 01:22:00,1,22,4,0,4.8652,0.013,0.0004
2026-09-11 01:23:00,1,23,4,1,8.4179,0.014,0.0014
2026-09-11 01:24:00,1,24,4,0,8.8043,0.02,0.0003
2026-09-11 01:25:00,1,25,4,0,4.4798,0.002,0.0011
2026-09-11 01:26:00,1,26,4,0,4.2303,0.016,0.0008
2026-09-11 01:27:00,1,27,4,1,7.0033,0.012,0.0016
2026-09-11 01:28:00,1,28,4,0,5.3653,0.044,0.0013
2026-09-11 01:29:00,1,29,4,0,5.7595,0.002,0.0001
2026-09-11 01:30:00,1,30,4,0,7.9628,0.0,0.0002
2026-09-11 01:31:00,1,31,4,0,8.1246,0.037,0.0001
2026-09-11 01:32:00,1,32,4,0,9.0828,0.001,0.0009
2026-09-11 01:33:00,1,33,4,0,5.9586,0.021,0.0016
2026-09-11 01:34:00,1,34,4,0,7.4295,0.01,0.0017
2026-09-11 01:35:00,1,35,4,1,9.3008,0.011,0.0016
2026-09-11 01:36:00,1,36,4,0,9.3246,0.024,0.0013
2026-09-11 01:37:00,1,37,4,0,4.5228,0.004,0.0002
2026-09-11 01:38:00,1,38,4,0,6.9297,0.01,0.0002
2026-09-11 01:39:00,1,39,4,0,5.1666,0.034,0.0006
2026-09-11 01:40:00,1,40,4,0,4.2738,0.02,0.0
2026-09-11 01:41:00,1,41,4,0,7.4247,0.037,0.0003
2026-09-11 01:42:00,1,42,4,1,4.9119,0.032,0.0006
2026-09-11 01:43:00,1,43,4,0,8.5622,0.037,0.002
2026-09-11 01:44:00,1,44,4,0,7.0272,0.009,0.002
2026-09-11 01:45:00,1,45,4,0,4.1374,0.038,0.0
2026-09-11 01:46:00,1,46,4,1,7.1003,0.043,0.0005
2026-09-11 01:47:00,1,47,4,1,8.8837,0.013,0.0018
2026-09-11 01:48:00,1,48,4,0,7.1691,0.002,0.0001
2026-09-11 01:49:00,1,49,4,0,6.0546,0.032,0.0017
2026-09-11 01:50:00,1,50,4,0,9.0545,0.018,0.0005
2026-09-11 01:51:00,1,51,4,0,9.0472,0.005,0.0018
2026-09-11 01:52:00,1,52,4,0,5.6798,0.004,0.0019
2026-09-11 01:53:00,1,53,4,0,8.953,0.014,0.0001
2026-09-11 01:54:00,1,54,4,1,6.6039,0.008,0.0019
2026-09-11 01:55:00,1,55,4,0,4.8793,0.042,0.0005
2026-09-11 01:56:00,1,56,4,0,7.7375,0.024,0.0006
2026-09-11 01:57:00,1,57,4,0,8.5549,0.011,0.0002
2026-09-11 01:58:00,1,58,4,0,7.968,0.043,0.0007
2026-09-11 01:59:00,1,59,4,0,6.545,0.035,0.0012
2026-09-11 02:00:00,2,0,4,0,7.2183,0.004,0.0001
2026-09-11 02:01:00,2,1,4,0,6.4951,0.033,0.0018
2026-09-11 02:02:00,2,2,4,1,6.2964,0.011,0.0008
2026-09-11 02:03:00,2,3,4,0,4.6181,0.005,0.0004
2026-09-11 02:04:00,2,4,4,0,4.0767,0.012,0.0018
2026-09-11 02:05:00,2,5,4,0,4.3674,0.041,0.0009
2026-09-11 02:06:00,2,6,4,0,4.9843,0.023,0.0016
2026-09-11 02:07:00,2,7,4,0,8.1541,0.029,0.0018
2026-09-11 02:08:00,2,8,4,0,6.0737,0.029,0.001
2026-09-11 02:09:00,2,9,4,0,5.4062,0.028,0.0005
2026-09-11 02:10:00,2,10,4,0,7.6119,0.022,0.0001
2026-09-11 02:11:00,2,11,4,0,7.3535,0.006,0.0005
2026-09-11 02:12:00,2,12,4,0,8.1113,0.014,0.0012
2026-09-11 02:13:00,2,13,4,0,4.0958,0.007,0.0015
2026-09-11 02:14:00,2,14,4,0,5.9405,0.013,0.0009
2026-09-11 02:15:00,2,15,4,0,5.5715,0.045,0.0007
2026-09-11 02:16:00,2,16,4,0,6.2002,0.006,0.0003
2026-09-11 02:17:00,2,17,4,1,5.2213,0.037,0.0007
2026-09-11 02:18:00,2,18,4,0,9.1747,0.029,0.0013
2026-09-11 02:19:00,2,19,4,0,4.1804,0.026,0.001
2026-09-11 02:20:00,2,20,4,0,5.9172,0.01,0.0008
2026-09-11 02:21:00,2,21,4,0,8.9181,0.014,0.0002
2026-09-11 02:22:00,2,22,4,0,6.1382,0.013,0.0015
2026-09-11 02:23:00,2,23,4,0,8.2654,0.022,0.0007
2026-09-11 02:24:00,2,24,4,0,8.9393,0.01,0.0009
2026-09-11 02:25:00,2,25,4,0,9.0569,0.041,0.002
2026-09-11 02:26:00,2,26,4,1,9.039,0.038,0.001
2026-09-11 02:27:00,2,27,4,0,6.2546,0.037,0.001
2026-09-11 02:28:00,2,28,4,0,5.588,0.039,0.0005
2026-09-11 02:29:00,2,29,4,0,8.5392,0.029,0.0013
2026-09-11 02:30:00,2,30,4,0,8.3377,0.021,0.0018
2026-09-11 02:31:00,2,31,4,0,6.9711,0.007,0.0003
2026-09-11 02:32:00,2,32,4,0,5.4014,0.031,0.0016
2026-09-11 02:33:00,2,33,4,0,5.4439,0.036,0.0006
2026-09-11 02:34:00,2,34,4,0,6.5093,0.009,0.0016
2026-09-11 02:35:00,2,35,4,0,6.2749,0.023,0.0002
2026-09-11 02:36:00,2,36,4,0,6.5545,0.033,0.0007
2026-09-11 02:37:00,2,37,4,0,9.0956,0.025,0.0016
2026-09-11 02:38:00,2,38,4,0,7.8734,0.02,0.0017
2026-09-11 02:39:00,2,39,4,0,6.9824,0.027,0.0005
2026-09-11 02:40:00,2,40,4,0,8.9614,0.01,0.0005
2026-09-11 02:41:00,2,41,4,0,8.9714,0.04,0.001
2026-09-11 02:42:00,2,42,4,0,4.6406,0.035,0.0006
2026-09-11 02:43:00,2,43,4,0,8.3596,0.036,0.0013
2026-09-11 02:44:00,2,44,4,0,7.4588,0.023,0.0015
2026-09-11 02:45:00,2,45,4,0,8.8918,0.04,0.0002
2026-09-11 02:46:00,2,46,4,0,4.5621,0.04,0.0014
2026-09-11 02:47:00,2,47,4,0,5.6338,0.004,0.0017
2026-09-11 02:48:00,2,48,4,0,6.4551,0.044,0.0001
2026-09-11 02:49:00,2,49,4,0,8.9861,0.013,0.0007
2026-09-11 02:50:00,2,50,4,0,6.6162,0.035,0.001
2026-09-11 02:51:00,2,51,4,0,8.5032,0.025,0.0
2026-09-11 02:52:00,2,52,4,0,8.1488,0.015,0.0012
2026-09-11 02:53:00,2,53,4,0,6.3491,0.018,0.0005
2026-09-11 02:54:00,2,54,4,0,5.2393,0.042,0.002
2026-09-11 02:55:00,2,55,4,0,6.9307,0.006,0.0014
2026-09-11 02:56:00,2,56,4,0,6.2785,0.027,0.0019
2026-09-11 02:57:00,2,57,4,0,8.1623,0.035,0.0012
2026-09-11 02:58:00,2,58,4,0,7.0441,0.017,0.0006
2026-09-11 02:59:00,2,59,4,1,9.3169,0.015,0.0018
2026-09-11 03:00:00,3,0,4,1,6.0274,0.017,0.0018
2026-09-11 03:01:00,3,1,4,0,9.1631,0.042,0.0009
2026-09-11 03:02:00,3,2,4,0,7.3936,0.015,0.0006
2026-09-11 03:03:00,3,3,4,0,6.7646,0.012,0.0009
2026-09-11 03:04:00,3,4,4,0,7.6101,0.033,0.0
2026-09-11 03:05:00,3,5,4,0,8.9627,0.02,0.002
2026-09-11 03:06:00,3,6,4,0,5.5123,0.022,0.0006
2026-09-11 03:07:00,3,7,4,0,5.6512,0.028,0.001
2026-09-11 03:08:00,3,8,4,0,5.6539,0.005,0.0018
2026-09-11 03:09:00,3,9,4,0,4.1539,0.02,0.0003
2026-09-11 03:10:00,3,10,4,0,9.0402,0.027,0.0007
2026-09-11 03:11:00,3,11,4,0,8.3932,0.035,0.0018
2026-09-11 03:12:00,3,12,4,0,8.737,0.045,0.0009
2026-09-11 03:13:00,3,13,4,0,6.5771,0.042,0.0014
2026-09-11 03:14:00,3,14,4,0,4.6418,0.002,0.0009
2026-09-11 03:15:00,3,15,4,0,5.4858,0.035,0.0017
2026-09-11 03:16:00,3,16,4,0,4.2475,0.028,0.0013
2026-09-11 03:17:00,3,17,4,1,5.1283,0.009,0.001
2026-09-11 03:18:00,3,18,4,0,6.5413,0.013,0.0019
2026-09-11 03:19:00,3,19,4,0,4.9017,0.03,0.0001
2026-09-11 03:20:00,3,20,4,0,8.2616,0.013,0.001
2026-09-11 03:21:00,3,21,4,0,4.1431,0.011,0.0001
2026-09-11 03:22:00,3,22,4,0,9.043,0.003,0.0008
2026-09-11 03:23:00,3,23,4,1,7.1847,0.021,0.0
2026-09-11 03:24:00,3,24,4,0,8.3639,0.037,0.0013
2026-09-11 03:25:00,3,25,4,0,8.3238,0.038,0.0016
2026-09-11 03:26:00,3,26,4,0,7.8541,0.028,0.0014
2026-09-11 03:27:00,3,27,4,0,6.2655,0.003,0.0016
2026-09-11 03:28:00,3,28,4,0,8.1779,0.002,0.0008
2026-09-11 03:29:00,3,29,4,0,7.6337,0.024,0.0019
2026-09-11 03:30:00,3,30,4,0,9.0298,0.03,0.0004
2026-09-11 03:31:00,3,31,4,0,7.382,0.042,0.0017
2026-09-11 03:32:00,3,32,4,0,5.2251,0.027,0.0003
2026-09-11 03:33:00,3,33,4,1,8.7219,0.033,0.0014
2026-09-11 03:34:00,3,34,4,0,5.6076,0.013,0.0007
2026-09-11 03:35:00,3,35,4,0,9.3377,0.006,0.0013
2026-09-11 03:36:00,3,36,4,1,7.6129,0.009,0.0008
2026-09-11 03:37:00,3,37,4,0,5.7033,0.023,0.0004
2026-09-11 03:38:00,3,38,4,0,4.726,0.04,0.0005
2026-09-11 03:39:00,3,39,4,0,9.4563,0.029,0.0008
2026-09-11 03:40:00,3,40,4,0,5.0829,0.009,0.0009
2026-09-11 03:41:00,3,41,4,0,9.3416,0.002,0.0002
2026-09-11 03:42:00,3,42,4,0,7.2621,0.017,0.0019
2026-09-11 03:43:00,3,43,4,0,7.3576,0.0,0.0004
2026-09-11 03:44:00,3,44,4,0,8.3351,0.023,0.0002
2026-09-11 03:45:00,3,45,4,0,8.93,0.037,0.002
2026-09-11 03:46:00,3,46,4,0,5.7179,0.006,0.0011
2026-09-11 03:47:00,3,47,4,0,5.323,0.02,0.0003
2026-09-11 03:48:00,3,48,4,0,9.4628,0.016,0.0017
2026-09-11 03:49:00,3,49,4,0,9.3304,0.002,0.0017
2026-09-11 03:50:00,3,50,4,0,6.8243,0.028,0.0015
2026-09-11 03:51:00,3,51,4,0,6.9082,0.01,0.0012
2026-09-11 03:52:00,3,52,4,0,5.127,0.045,0.0013
2026-09-11 03:53:00,3,53,4,0,4.349,0.02,0.0002
2026-09-11 03:54:00,3,54,4,0,5.2982,0.029,0.0009
2026-09-11 03:55:00,3,55,4,1,7.0293,0.034,0.0013
2026-09-11 03:56:00,3,56,4,1,5.3843,0.022,0.0002
2026-09-11 03:57:00,3,57,4,0,7.8325,0.034,0.001
2026-09-11 03:58:00,3,58,4,0,5.5308,0.003,0.0011
2026-09-11 03:59:00,3,59,4,0,4.8124,0.013,0.0012
2026-09-11 04:00:00,4,0,4,0,6.4936,0.037,0.002
2026-09-11 04:01:00,4,1,4,0,5.6309,0.004,0.0016
2026-09-11 04:02:00,4,2,4,0,5.5108,0.026,0.0016
2026-09-11 04:03:00,4,3,4,0,4.6496,0.008,0.0005
2026-09-11 04:04:00,4,4,4,0,4.0897,0.027,0.0002
2026-09-11 04:05:00,4,5,4,0,6.8885,0.001,0.0003
2026-09-11 04:06:00,4,6,4,0,9.0602,0.0,0.0018
2026-09-11 04:07:00,4,7,4,0,7.2117,0.019,0.0002
2026-09-11 04:08:00,4,8,4,0,7.2731,0.022,0.0019
2026-09-11 04:09:00,4,9,4,0,5.3011,0.006,0.0005
2026-09-11 04:10:00,4,10,4,0,7.6689,0.017,0.001
2026-09-11 04:11:00,4,11,4,0,6.4027,0.034,0.0018
2026-09-11 04:12:00,4,12,4,0,7.8194,0.024,0.0018
2026-09-11 04:13:00,4,13,4,0,8.0582,0.027,0.0007
2026-09-11 04:14:00,4,14,4,0,6.9173,0.005,0.0011
2026-09-11 04:15:00,4,15,4,0,7.8438,0.02,0.0015
2026-09-11 04:16:00,4,16,4,0,8.6476,0.0,0.0011
2026-09-11 04:17:00,4,17,4,0,9.2106,0.008,0.0017
2026-09-11 04:18:00,4,18,4,0,6.6042,0.03,0.0018
2026-09-11 04:19:00,4,19,4,1,7.9102,0.004,0.001
2026-09-11 04:20:00,4,20,4,0,6.9091,0.006,0.0005
2026-09-11 04:21:00,4,21,4,0,7.7657,0.004,0.0008
2026-09-11 04:22:00,4,22,4,0,6.2509,0.029,0.0006
2026-09-11 04:23:00,4,23,4,0,6.7117,0.045,0.0001
2026-09-11 04:24:00,4,24,4,0,4.4241,0.02,0.0012
2026-09-11 04:25:00,4,25,4,0,9.4536,0.017,0.0008
2026-09-11 04:26:00,4,26,4,0,5.6668,0.018,0.0009
2026-09-11 04:27:00,4,27,4,0,5.6626,0.037,0.0008
2026-09-11 04:28:00,4,28,4,0,6.5745,0.008,0.0008
2026-09-11 04:29:00,4,29,4,0,4.2706,0.031,0.0007
2026-09-11 04:30:00,4,30,4,0,9.4969,0.012,0.0016
2026-09-11 04:31:00,4,31,4,0,4.911,0.02,0.001
2026-09-11 04:32:00,4,32,4,0,6.0024,0.043,0.0013
2026-09-11 04:33:00,4,33,4,1,8.1302,0.001,0.0016
2026-09-11 04:34:00,4,34,4,1,7.299,0.007,0.0019
2026-09-11 04:35:00,4,35,4,1,4.3165,0.043,0.0009
2026-09-11 04:36:00,4,36,4,0,5.7193,0.016,0.0014
2026-09-11 04:37:00,4,37,4,0,6.0793,0.011,0.0019
2026-09-11 04:38:00,4,38,4,0,8.2301,0.009,0.001
2026-09-11 04:39:00,4,39,4,0,7.3291,0.019,0.0006
2026-09-11 04:40:00,4,40,4,0,4.0857,0.025,0.0001
2026-09-11 04:41:00,4,41,4,0,8.1258,0.017,0.0001
2026-09-11 04:42:00,4,42,4,0,8.4512,0.008,0.0012
2026-09-11 04:43:00,4,43,4,0,8.2017,0.006,0.0008
2026-09-11 04:44:00,4,44,4,0,7.4109,0.003,0.0019
2026-09-11 04:45:00,4,45,4,0,4.3191,0.016,0.0011
2026-09-11 04:46:00,4,46,4,0,6.2775,0.027,0.0013
2026-09-11 04:47:00,4,47,4,0,7.0492,0.042,0.0001
2026-09-11 04:48:00,4,48,4,0,7.6306,0.038,0.0018
2026-09-11 04:49:00,4,49,4,0,6.9065,0.023,0.0014
2026-09-11 04:50:00,4,50,4,0,6.7125,0.03,0.0009
2026-09-11 04:51:00,4,51,4,1,8.9146,0.025,0.0008
2026-09-11 04:52:00,4,52,4,1,9.3324,0.02,0.0
2026-09-11 04:53:00,4,53,4,0,5.7235,0.009,0.0014
2026-09-11 04:54:00,4,54,4,0,4.4385,0.03,0.0007
2026-09-11 04:55:00,4,55,4,0,4.6682,0.001,0.0015
2026-09-11 04:56:00,4,56,4,0,5.0745,0.045,0.0009
2026-09-11 04:57:00,4,57,4,0,7.5979,0.017,0.0015
2026-09-11 04:58:00,4,58,4,0,7.7738,0.035,0.0006
2026-09-11 04:59:00,4,59,4,0,5.1896,0.033,0.0014
2026-09-11 05:00:00,5,0,4,0,8.8514,0.042,0.0004
2026-09-11 05:01:00,5,1,4,0,4.4611,0.003,0.001
2026-09-11 05:02:00,5,2,4,0,9.2226,0.001,0.0007
2026-09-11 05:03:00,5,3,4,0,4.9507,0.027,0.0001
2026-09-11 05:04:00,5,4,4,0,4.0103,0.021,0.0008
2026-09-11 05:05:00,5,5,4,0,4.2843,0.004,0.0016
2026-09-11 05:06:00,5,6,4,0,9.3183,0.007,0.0011
2026-09-11 05:07:00,5,7,4,0,5.1643,0.004,0.0006
2026-09-11 05:08:00,5,8,4,1,9.3978,0.007,0.0013
2026-09-11 05:09:00,5,9,4,0,5.198,0.027,0.0013
2026-09-11 05:10:00,5,10,4,0,8.2358,0.024,0.0011
2026-09-11 05:11:00,5,11,4,0,4.7156,0.039,0.0016
2026-09-11 05:12:00,5,12,4,1,6.8585,0.018,0.0015
2026-09-11 05:13:00,5,13,4,0,4.2737,0.039,0.0002
2026-09-11 05:14:00,5,14,4,1,9.1556,0.026,0.0004
2026-09-11 05:15:00,5,15,4,1,5.3354,0.034,0.0005
2026-09-11 05:16:00,5,16,4,0,8.7906,0.044,0.0015
2026-09-11 05:17:00,5,17,4,0,8.4047,0.02,0.0008
2026-09-11 05:18:00,5,18,4,0,5.9211,0.045,0.002
2026-09-11 05:19:00,5,19,4,0,5.3872,0.028,0.0007
2026-09-11 05:20:00,5,20,4,0,7.5578,0.01,0.0013
2026-09-11 05:21:00,5,21,4,0,4.5784,0.005,0.0002
2026-09-11 05:22:00,5,22,4,0,8.0576,0.04,0.0007
2026-09-11 05:23:00,5,23,4,0,8.9873,0.013,0.0012
2026-09-11 05:24:00,5,24,4,0,7.6706,0.003,0.0014
2026-09-11 05:25:00,5,25,4,0,7.7385,0.04,0.0011
2026-09-11 05:26:00,5,26,4,0,4.5191,0.005,0.0017
2026-09-11 05:27:00,5,27,4,0,4.0711,0.014,0.0018
2026-09-11 05:28:00,5,28,4,0,9.3895,0.04,0.0004
2026-09-11 05:29:00,5,29,4,0,6.3705,0.039,0.0015
2026-09-11 05:30:00,5,30,4,0,5.9466,0.045,0.002
2026-09-11 05:31:00,5,31,4,0,5.8905,0.007,0.0014
2026-09-11 05:32:00,5,32,4,0,5.5726,0.015,0.0011
2026-09-11 05:33:00,5,33,4,0,5.8389,0.017,0.0002
2026-09-11 05:34:00,5,34,4,0,6.5894,0.007,0.0014
2026-09-11 05:35:00,5,35,4,0,8.0482,0.044,0.0017
2026-09-11 05:36:00,5,36,4,0,5.4656,0.031,0.0018
2026-09-11 05:37:00,5,37,4,0,6.6246,0.024,0.0011
2026-09-11 05:38:00,5,38,4,0,7.7697,0.038,0.0004
2026-09-11 05:39:00,5,39,4,0,8.0584,0.006,0.0009
2026-09-11 05:40:00,5,40,4,0,9.1813,0.037,0.0
2026-09-11 05:41:00,5,41,4,0,4.8452,0.042,0.0006
2026-09-11 05:42:00,5,42,4,0,6.0863,0.009,0.0009
2026-09-11 05:43:00,5,43,4,0,9.4896,0.019,0.0018
2026-09-11 05:44:00,5,44,4,0,8.1482,0.041,0.0018
2026-09-11 05:45:00,5,45,4,0,6.0354,0.039,0.0011
2026-09-11 05:46:00,5,46,4,0,6.4251,0.021,0.0015
2026-09-11 05:47:00,5,47,4,0,4.4589,0.033,0.0019
2026-09-11 05:48:00,5,48,4,1,4.6763,0.018,0.001
2026-09-11 05:49:00,5,49,4,0,9.3765,0.024,0.0015
2026-09-11 05:50:00,5,50,4,0,7.1924,0.027,0.0012
2026-09-11 05:51:00,5,51,4,0,9.0853,0.043,0.0006
2026-09-11 05:52:00,5,52,4,0,4.6327,0.001,0.0017
2026-09-11 05:53:00,5,53,4,0,9.0014,0.006,0.002
2026-09-11 05:54:00,5,54,4,0,9.4399,0.044,0.0015
2026-09-11 05:55:00,5,55,4,0,4.8729,0.001,0.0006
2026-09-11 05:56:00,5,56,4,0,5.0548,0.037,0.0004
2026-09-11 05:57:00,5,57,4,0,5.5411,0.037,0.0017
2026-09-11 05:58:00,5,58,4,0,8.2901,0.005,0.0007
2026-09-11 05:59:00,5,59,4,0,7.8645,0.003,0.0001
2026-09-11 06:00:00,6,0,4,0,9.3651,0.036,0.0011
2026-09-11 06:01:00,6,1,4,0,5.8026,0.019,0.0006
2026-09-11 06:02:00,6,2,4,0,9.0938,0.033,0.0018
2026-09-11 06:03:00,6,3,4,0,6.8077,0.033,0.0015
2026-09-11 06:04:00,6,4,4,0,4.3068,0.036,0.0018
2026-09-11 06:05:00,6,5,4,0,5.0299,0.004,0.0016
2026-09-11 06:06:00,6,6,4,0,8.8841,0.018,0.0
2026-09-11 06:07:00,6,7,4,0,8.5074,0.029,0.0007
2026-09-11 06:08:00,6,8,4,0,6.9899,0.044,0.0009
2026-09-11 06:09:00,6,9,4,0,7.5016,0.026,0.0009
2026-09-11 06:10:00,6,10,4,0,5.0535,0.017,0.0
2026-09-11 06:11:00,6,11,4,0,6.5567,0.027,0.0017
2026-09-11 06:12:00,6,12,4,0,5.0693,0.038,0.0009
2026-09-11 06:13:00,6,13,4,0,8.8354,0.018,0.0009
2026-09-11 06:14:00,6,14,4,1,6.7232,0.005,0.0015
2026-09-11 06:15:00,6,15,4,0,6.8163,0.017,0.0007
2026-09-11 06:16:00,6,16,4,0,7.3388,0.031,0.0001
2026-09-11 06:17:00,6,17,4,0,6.3083,0.015,0.0019
2026-09-11 06:18:00,6,18,4,0,5.2477,0.009,0.0011
2026-09-11 06:19:00,6,19,4,0,9.4992,0.009,0.0003
2026-09-11 06:20:00,6,20,4,0,7.0358,0.031,0.0002
2026-09-11 06:21:00,6,21,4,0,6.3417,0.017,0.0012
2026-09-11 06:22:00,6,22,4,0,5.489,0.03,0.0
2026-09-11 06:23:00,6,23,4,0,9.0377,0.038,0.0011
2026-09-11 06:24:00,6,24,4,0,5.3882,0.0,0.0005
2026-09-11 06:25:00,6,25,4,0,9.0118,0.041,0.0015
2026-09-11 06:26:00,6,26,4,0,7.2349,0.027,0.0
2026-09-11 06:27:00,6,27,4,0,4.566,0.018,0.0002
2026-09-11 06:28:00,6,28,4,0,9.0835,0.038,0.0011
2026-09-11 06:29:00,6,29,4,0,4.5027,0.02,0.0001
2026-09-11 06:30:00,6,30,4,0,5.3269,0.014,0.0019
2026-09-11 06:31:00,6,31,4,0,5.5514,0.015,0.0012
2026-09-11 06:32:00,6,32,4,0,5.7695,0.013,0.0019
2026-09-11 06:33:00,6,33,4,1,6.3649,0.01,0.0015
2026-09-11 06:34:00,6,34,4,1,8.1456,0.014,0.0005
2026-09-11 06:35:00,6,35,4,0,7.8751,0.024,0.0008
2026-09-11 06:36:00,6,36,4,0,8.5117,0.014,0.0019
2026-09-11 06:37:00,6,37,4,0,8.2049,0.016,0.0011
2026-09-11 06:38:00,6,38,4,0,7.1391,0.003,0.0014
2026-09-11 06:39:00,6,39,4,0,7.0415,0.015,0.0017
2026-09-11 06:40:00,6,40,4,0,4.2297,0.035,0.001
2026-09-11 06:41:00,6,41,4,0,6.8915,0.012,0.001
2026-09-11 06:42:00,6,42,4,0,6.5423,0.04,0.0012
2026-09-11 06:43:00,6,43,4,1,7.253,0.038,0.0018
2026-09-11 06:44:00,6,44,4,0,6.7647,0.025,0.0007
2026-09-11 06:45:00,6,45,4,0,9.166,0.037,0.0008
2026-09-11 06:46:00,6,46,4,0,7.3355,0.04,0.0014
2026-09-11 06:47:00,6,47,4,0,4.4758,0.012,0.0001
2026-09-11 06:48:00,6,48,4,0,8.2853,0.024,0.0004
2026-09-11 06:49:00,6,49,4,0,7.9646,0.024,0.0003
2026-09-11 06:50:00,6,50,4,0,5.9163,0.037,0.0006
2026-09-11 06:51:00,6,51,4,0,4.7391,0.034,0.0015
2026-09-11 06:52:00,6,52,4,0,8.1835,0.005,0.0013
2026-09-11 06:53:00,6,53,4,0,5.3338,0.042,0.0005
2026-09-11 06:54:00,6,54,4,0,9.3677,0.045,0.001
2026-09-11 06:55:00,6,55,4,0,8.5151,0.021,0.0007
2026-09-11 06:56:00,6,56,4,0,6.6673,0.01,0.0008
2026-09-11 06:57:00,6,57,4,1,4.1538,0.028,0.0008
2026-09-11 06:58:00,6,58,4,0,7.4378,0.012,0.0005
2026-09-11 06:59:00,6,59,4,0,8.4884,0.028,0.0013
2026-09-11 07:00:00,7,0,4,0,9.4968,0.02,0.0017
2026-09-11 07:01:00,7,1,4,0,7.2963,0.009,0.002
2026-09-11 07:02:00,7,2,4,0,4.7006,0.028,0.0007
2026-09-11 07:03:00,7,3,4,1,8.5187,0.024,0.0005
2026-09-11 07:04:00,7,4,4,0,4.2626,0.035,0.0018
2026-09-11 07:05:00,7,5,4,0,6.0142,0.027,0.0012
2026-09-11 07:06:00,7,6,4,0,6.6164,0.024,0.001
2026-09-11 07:07:00,7,7,4,0,7.7846,0.012,0.0009
2026-09-11 07:08:00,7,8,4,0,8.6221,0.018,0.0009
2026-09-11 07:09:00,7,9,4,0,8.3695,0.006,0.0008
2026-09-11 07:10:00,7,10,4,0,7.0018,0.041,0.0007
2026-09-11 07:11:00,7,11,4,0,8.4544,0.018,0.0001
2026-09-11 07:12:00,7,12,4,0,8.9155,0.022,0.0003
2026-09-11 07:13:00,7,13,4,1,5.7512,0.008,0.0017
2026-09-11 07:14:00,7,14,4,1,6.2369,0.008,0.0003
2026-09-11 07:15:00,7,15,4,0,6.2257,0.042,0.0018
2026-09-11 07:16:00,7,16,4,1,9.4753,0.024,0.0009
2026-09-11 07:17:00,7,17,4,0,8.5352,0.038,0.0018
2026-09-11 07:18:00,7,18,4,0,5.3041,0.009,0.0008
2026-09-11 07:19:00,7,19,4,0,5.7112,0.006,0.001
2026-09-11 07:20:00,7,20,4,0,6.8577,0.007,0.0005
2026-09-11 07:21:00,7,21,4,0,6.551,0.034,0.0014
2026-09-11 07:22:00,7,22,4,0,7.2485,0.035,0.0004
2026-09-11 07:23:00,7,23,4,0,4.9045,0.021,0.0004
2026-09-11 07:24:00,7,24,4,0,6.0347,0.006,0.0017
2026-09-11 07:25:00,7,25,4,0,9.2348,0.024,0.0011
2026-09-11 07:26:00,7,26,4,0,7.9487,0.015,0.0007
2026-09-11 07:27:00,7,27,4,0,6.8995,0.028,0.0004
2026-09-11 07:28:00,7,28,4,0,4.3414,0.02,0.0011
2026-09-11 07:29:00,7,29,4,0,7.6295,0.042,0.0018
2026-09-11 07:30:00,7,30,4,0,8.524,0.022,0.0015
2026-09-11 07:31:00,7,31,4,0,5.0498,0.001,0.0008
2026-09-11 07:32:00,7,32,4,0,4.5469,0.032,0.0007
2026-09-11 07:33:00,7,33,4,0,5.853,0.005,0.0013
2026-09-11 07:34:00,7,34,4,0,6.2154,0.005,0.0005
2026-09-11 07:35:00,7,35,4,0,8.9249,0.015,0.0015
2026-09-11 07:36:00,7,36,4,0,9.2065,0.01,0.0008
2026-09-11 07:37:00,7,37,4,0,4.0805,0.03,0.0
2026-09-11 07:38:00,7,38,4,1,9.105,0.033,0.001
2026-09-11 07:39:00,7,39,4,1,6.6729,0.024,0.0002
2026-09-11 07:40:00,7,40,4,0,8.447,0.006,0.0017
2026-09-11 07:41:00,7,41,4,0,8.4267,0.042,0.0005
2026-09-11 07:42:00,7,42,4,0,5.6409,0.027,0.0002
2026-09-11 07:43:00,7,43,4,0,6.2854,0.036,0.0005
2026-09-11 07:44:00,7,44,4,0,6.7158,0.007,0.0012
2026-09-11 07:45:00,7,45,4,0,8.7409,0.045,0.001
2026-09-11 07:46:00,7,46,4,0,5.7495,0.0,0.0018
2026-09-11 07:47:00,7,47,4,1,6.3872,0.005,0.0013
2026-09-11 07:48:00,7,48,4,0,4.11,0.016,0.0012
2026-09-11 07:49:00,7,49,4,1,8.8083,0.033,0.0009
2026-09-11 07:50:00,7,50,4,0,6.0658,0.008,0.0018
2026-09-11 07:51:00,7,51,4,0,6.4129,0.014,0.0006
2026-09-11 07:52:00,7,52,4,0,8.3563,0.008,0.0005
2026-09-11 07:53:00,7,53,4,0,8.9516,0.0,0.0013
2026-09-11 07:54:00,7,54,4,0,4.2119,0.019,0.0016
2026-09-11 07:55:00,7,55,4,0,5.1533,0.044,0.0002
2026-09-11 07:56:00,7,56,4,0,9.4059,0.04,0.0002
2026-09-11 07:57:00,7,57,4,0,8.686,0.044,0.002
2026-09-11 07:58:00,7,58,4,0,6.748,0.043,0.0001
2026-09-11 07:59:00,7,59,4,0,4.7812,0.037,0.0014
2026-09-11 08:00:00,8,0,4,0,6.506,0.033,0.001
2026-09-11 08:01:00,8,1,4,0,5.9543,0.02,0.0002
2026-09-11 08:02:00,8,2,4,0,4.9262,0.036,0.0
2026-09-11 08:03:00,8,3,4,0,7.9126,0.024,0.0005
2026-09-11 08:04:00,8,4,4,0,6.7322,0.013,0.0016
2026-09-11 08:05:00,8,5,4,0,7.0873,0.001,0.0018
2026-09-11 08:06:00,8,6,4,0,6.987,0.009,0.0011
2026-09-11 08:07:00,8,7,4,0,4.1086,0.002,0.0008
2026-09-11 08:08:00,8,8,4,0,6.1652,0.032,0.0007
2026-09-11 08:09:00,8,9,4,0,7.5849,0.021,0.0002
2026-09-11 08:10:00,8,10,4,0,5.373,0.02,0.0017
2026-09-11 08:11:00,8,11,4,0,4.3594,0.0,0.0007
2026-09-11 08:12:00,8,12,4,0,6.8368,0.034,0.0012
2026-09-11 08:13:00,8,13,4,1,4.608,0.005,0.0017
2026-09-11 08:14:00,8,14,4,1,5.9932,0.037,0.0016
2026-09-11 08:15:00,8,15,4,0,6.5969,0.006,0.0008
2026-09-11 08:16:00,8,16,4,0,6.4062,0.027,0.001
2026-09-11 08:17:00,8,17,4,0,5.4183,0.004,0.001
2026-09-11 08:18:00,8,18,4,0,4.6112,0.023,0.0016
2026-09-11 08:19:00,8,19,4,0,6.9755,0.017,0.0009
2026-09-11 08:20:00,8,20,4,0,6.2923,0.034,0.0012
2026-09-11 08:21:00,8,21,4,0,5.6236,0.003,0.0009
2026-09-11 08:22:00,8,22,4,0,9.0998,0.005,0.0016
2026-09-11 08:23:00,8,23,4,0,7.9134,0.012,0.0013
2026-09-11 08:24:00,8,24,4,0,6.0074,0.016,0.0011
2026-09-11 08:25:00,8,25,4,0,4.4818,0.014,0.0009
2026-09-11 08:26:00,8,26,4,0,4.5052,0.036,0.0012
2026-09-11 08:27:00,8,27,4,1,8.8618,0.001,0.0005
2026-09-11 08:28:00,8,28,4,0,7.1213,0.036,0.0007
2026-09-11 08:29:00,8,29,4,0,8.4139,0.033,0.0014
2026-09-11 08:30:00,8,30,4,0,4.1771,0.04,0.0005
2026-09-11 08:31:00,8,31,4,0,4.8605,0.017,0.0013
2026-09-11 08:32:00,8,32,4,0,6.0803,0.024,0.0007
2026-09-11 08:33:00,8,33,4,0,6.3586,0.017,0.0012
2026-09-11 08:34:00,8,34,4,0,5.811,0.033,0.0018
2026-09-11 08:35:00,8,35,4,0,4.8467,0.011,0.0019
2026-09-11 08:36:00,8,36,4,0,6.7467,0.006,0.0019
2026-09-11 08:37:00,8,37,4,0,9.4818,0.005,0.0004
2026-09-11 08:38:00,8,38,4,1,8.1845,0.016,0.0006
2026-09-11 08:39:00,8,39,4,0,4.5335,0.015,0.0019
2026-09-11 08:40:00,8,40,4,0,5.2466,0.045,0.0013
2026-09-11 08:41:00,8,41,4,0,5.392,0.033,0.0014
2026-09-11 08:42:00,8,42,4,0,8.5626,0.015,0.0011
2026-09-11 08:43:00,8,43,4,0,4.7722,0.033,0.0006
2026-09-11 08:44:00,8,44,4,1,6.7474,0.043,0.0004
2026-09-11 08:45:00,8,45,4,0,6.0665,0.037,0.0004
2026-09-11 08:46:00,8,46,4,0,8.9444,0.025,0.002
2026-09-11 08:47:00,8,47,4,0,5.5982,0.023,0.0017
2026-09-11 08:48:00,8,48,4,0,7.9644,0.033,0.0011
2026-09-11 08:49:00,8,49,4,0,7.2589,0.005,0.0018
2026-09-11 08:50:00,8,50,4,0,6.7582,0.045,0.0009
2026-09-11 08:51:00,8,51,4,0,9.2243,0.005,0.0009
2026-09-11 08:52:00,8,52,4,0,5.3855,0.024,0.0007
2026-09-11 08:53:00,8,53,4,0,6.9819,0.002,0.0008
2026-09-11 08:54:00,8,54,4,0,4.8585,0.036,0.0019
2026-09-11 08:55:00,8,55,4,0,8.7554,0.036,0.0011
2026-09-11 08:56:00,8,56,4,1,8.003,0.043,0.0015
2026-09-11 08:57:00,8,57,4,0,8.5432,0.004,0.0003
2026-09-11 08:58:00,8,58,4,0,8.9628,0.04,0.0017
2026-09-11 08:59:00,8,59,4,0,6.2744,0.012,0.0006
2026-09-11 09:00:00,9,0,4,0,7.8775,0.018,0.0004
2026-09-11 09:01:00,9,1,4,0,8.7772,0.035,0.0005
2026-09-11 09:02:00,9,2,4,0,5.9844,0.045,0.001
2026-09-11 09:03:00,9,3,4,0,4.9507,0.027,0.001
2026-09-11 09:04:00,9,4,4,0,5.9161,0.023,0.0008
2026-09-11 09:05:00,9,5,4,0,8.5787,0.022,0.002
2026-09-11 09:06:00,9,6,4,0,8.8391,0.04,0.0016
2026-09-11 09:07:00,9,7,4,0,8.9874,0.041,0.0005
2026-09-11 09:08:00,9,8,4,0,4.6874,0.005,0.0008
2026-09-11 09:09:00,9,9,4,0,6.6262,0.014,0.0002
2026-09-11 09:10:00,9,10,4,1,5.1569,0.033,0.0011
2026-09-11 09:11:00,9,11,4,0,6.8491,0.009,0.0016
2026-09-11 09:12:00,9,12,4,0,4.1805,0.006,0.0007
2026-09-11 09:13:00,9,13,4,0,9.4935,0.034,0.0007
2026-09-11 09:14:00,9,14,4,0,7.9744,0.005,0.0001
2026-09-11 09:15:00,9,15,4,0,4.0878,0.014,0.0016
2026-09-11 09:16:00,9,16,4,0,5.514,0.026,0.0016
2026-09-11 09:17:00,9,17,4,0,5.785,0.017,0.0003
2026-09-11 09:18:00,9,18,4,0,4.4745,0.011,0.0017
2026-09-11 09:19:00,9,19,4,0,6.7813,0.018,0.0003
2026-09-11 09:20:00,9,20,4,0,6.5853,0.035,0.0001
2026-09-11 09:21:00,9,21,4,0,7.8716,0.037,0.0011
2026-09-11 09:22:00,9,22,4,0,5.6006,0.033,0.0013
2026-09-11 09:23:00,9,23,4,0,4.4733,0.019,0.0007
2026-09-11 09:24:00,9,24,4,0,4.4237,0.04,0.0001
2026-09-11 09:25:00,9,25,4,0,6.1774,0.042,0.0004
2026-09-11 09:26:00,9,26,4,0,8.7482,0.004,0.0019
2026-09-11 09:27:00,9,27,4,0,5.0104,0.028,0.0008
2026-09-11 09:28:00,9,28,4,0,8.5861,0.013,0.0005
2026-09-11 09:29:00,9,29,4,0,8.1785,0.001,0.0002
2026-09-11 09:30:00,9,30,4,0,4.3378,0.033,0.0003
2026-09-11 09:31:00,9,31,4,0,7.8004,0.04,0.001
2026-09-11 09:32:00,9,32,4,0,4.4991,0.024,0.0015
2026-09-11 09:33:00,9,33,4,0,8.6512,0.015,0.0012
2026-09-11 09:34:00,9,34,4,0,8.4405,0.003,0.0018
2026-09-11 09:35:00,9,35,4,0,5.1778,0.039,0.0009
2026-09-11 09:36:00,9,36,4,0,6.0421,0.045,0.0008
2026-09-11 09:37:00,9,37,4,0,4.5217,0.001,0.0002
2026-09-11 09:38:00,9,38,4,0,7.3399,0.042,0.0018
2026-09-11 09:39:00,9,39,4,0,6.0097,0.038,0.0011
2026-09-11 09:40:00,9,40,4,0,8.9562,0.007,0.0013
2026-09-11 09:41:00,9,41,4,0,6.315,0.009,0.0012
2026-09-11 09:42:00,9,42,4,0,9.0072,0.008,0.0016
2026-09-11 09:43:00,9,43,4,0,8.7167,0.034,0.0002
2026-09-11 09:44:00,9,44,4,0,7.7841,0.018,0.0002
2026-09-11 09:45:00,9,45,4,0,5.2936,0.004,0.0005
2026-09-11 09:46:00,9,46,4,0,6.0302,0.001,0.0014
2026-09-11 09:47:00,9,47,4,0,4.7368,0.013,0.0002
2026-09-11 09:48:00,9,48,4,0,4.0473,0.02,0.0012
2026-09-11 09:49:00,9,49,4,0,5.8799,0.011,0.0011
2026-09-11 09:50:00,9,50,4,0,6.1756,0.017,0.0014
2026-09-11 09:51:00,9,51,4,0,7.0813,0.004,0.0002
2026-09-11 09:52:00,9,52,4,0,7.3974,0.032,0.0004
2026-09-11 09:53:00,9,53,4,0,8.3826,0.019,0.0011
2026-09-11 09:54:00,9,54,4,0,7.7264,0.01,0.0003
2026-09-11 09:55:00,9,55,4,0,7.5595,0.016,0.002
2026-09-11 09:56:00,9,56,4,0,4.4847,0.009,0.0006
2026-09-11 09:57:00,9,57,4,0,4.4243,0.02,0.0018
2026-09-11 09:58:00,9,58,4,0,4.6069,0.041,0.0003
2026-09-11 09:59:00,9,59,4,0,7.6106,0.038,0.002
2026-09-11 10:00:00,10,0,4,0,8.7739,0.006,0.0014
2026-09-11 10:01:00,10,1,4,0,5.4797,0.039,0.0
2026-09-11 10:02:00,10,2,4,0,6.1004,0.033,0.0006
2026-09-11 10:03:00,10,3,4,0,8.8308,0.015,0.0011
2026-09-11 10:04:00,10,4,4,0,7.6783,0.045,0.0001
2026-09-11 10:05:00,10,5,4,0,4.7183,0.012,0.0013
2026-09-11 10:06:00,10,6,4,0,4.7675,0.04,0.0005
2026-09-11 10:07:00,10,7,4,0,5.6,0.006,0.0005
2026-09-11 10:08:00,10,8,4,0,7.7101,0.028,0.0008
2026-09-11 10:09:00,10,9,4,0,6.9769,0.026,0.0016
2026-09-11 10:10:00,10,10,4,0,8.1753,0.007,0.002
2026-09-11 10:11:00,10,11,4,0,9.4582,0.033,0.0007
2026-09-11 10:12:00,10,12,4,0,7.8158,0.033,0.0002
2026-09-11 10:13:00,10,13,4,0,7.6297,0.04,0.002
2026-09-11 10:14:00,10,14,4,0,6.2734,0.03,0.0017
2026-09-11 10:15:00,10,15,4,0,9.0442,0.0,0.0003
2026-09-11 10:16:00,10,16,4,0,8.8289,0.033,0.0016
2026-09-11 10:17:00,10,17,4,0,7.0238,0.025,0.0001
2026-09-11 10:18:00,10,18,4,0,7.2736,0.021,0.0013
2026-09-11 10:19:00,10,19,4,0,8.6211,0.025,0.0011
2026-09-11 10:20:00,10,20,4,0,7.7067,0.033,0.0003
2026-09-11 10:21:00,10,21,4,0,7.3261,0.021,0.0006
2026-09-11 10:22:00,10,22,4,0,4.1179,0.02,0.0001
2026-09-11 10:23:00,10,23,4,0,4.8174,0.001,0.0019
2026-09-11 10:24:00,10,24,4,0,6.4155,0.04,0.0004
2026-09-11 10:25:00,10,25,4,0,6.0139,0.022,0.0015
2026-09-11 10:26:00,10,26,4,0,5.9965,0.023,0.0011
2026-09-11 10:27:00,10,27,4,0,6.8119,0.04,0.0018
2026-09-11 10:28:00,10,28,4,0,4.8584,0.007,0.0001
2026-09-11 10:29:00,10,29,4,0,8.552,0.003,0.0007
2026-09-11 10:30:00,10,30,4,0,9.3726,0.002,0.0012
2026-09-11 10:31:00,10,31,4,0,8.6874,0.043,0.0016
2026-09-11 10:32:00,10,32,4,0,5.2774,0.011,0.0001
2026-09-11 10:33:00,10,33,4,0,5.2694,0.028,0.0019
2026-09-11 10:34:00,10,34,4,0,5.0107,0.032,0.0003
2026-09-11 10:35:00,10,35,4,1,5.5318,0.013,0.0013
2026-09-11 10:36:00,10,36,4,0,7.5543,0.003,0.0008
2026-09-11 10:37:00,10,37,4,0,5.3261,0.021,0.0018
2026-09-11 10:38:00,10,38,4,0,6.9187,0.002,0.0009
2026-09-11 10:39:00,10,39,4,0,7.2173,0.017,0.0002
2026-09-11 10:40:00,10,40,4,1,5.1691,0.027,0.0007
2026-09-11 10:41:00,10,41,4,0,8.7973,0.023,0.0013
2026-09-11 10:42:00,10,42,4,0,6.688,0.039,0.0015
2026-09-11 10:43:00,10,43,4,1,6.0238,0.005,0.0011
2026-09-11 10:44:00,10,44,4,1,8.9868,0.013,0.0019
2026-09-11 10:45:00,10,45,4,0,4.7089,0.009,0.0004
2026-09-11 10:46:00,10,46,4,0,6.1084,0.04,0.0014
2026-09-11 10:47:00,10,47,4,0,7.5513,0.004,0.0014
2026-09-11 10:48:00,10,48,4,0,5.7375,0.014,0.0011
2026-09-11 10:49:00,10,49,4,0,8.8082,0.006,0.0005
2026-09-11 10:50:00,10,50,4,0,7.5403,0.034,0.0006
2026-09-11 10:51:00,10,51,4,0,8.7688,0.017,0.001
2026-09-11 10:52:00,10,52,4,0,7.7919,0.006,0.001
2026-09-11 10:53:00,10,53,4,1,6.3151,0.016,0.0009
2026-09-11 10:54:00,10,54,4,1,4.8909,0.045,0.001
2026-09-11 10:55:00,10,55,4,0,6.5505,0.029,0.001
2026-09-11 10:56:00,10,56,4,0,8.9292,0.012,0.0009
2026-09-11 10:57:00,10,57,4,0,5.5066,0.007,0.0008
2026-09-11 10:58:00,10,58,4,0,6.3603,0.022,0.0014
2026-09-11 10:59:00,10,59,4,0,8.6351,0.025,0.0016
2026-09-11 11:00:00,11,0,4,0,6.4739,0.023,0.0017
2026-09-11 11:01:00,11,1,4,0,8.6827,0.008,0.0017
2026-09-11 11:02:00,11,2,4,0,6.5502,0.031,0.002
2026-09-11 11:03:00,11,3,4,0,9.4078,0.006,0.0014
2026-09-11 11:04:00,11,4,4,0,7.6898,0.044,0.0005
2026-09-11 11:05:00,11,5,4,0,5.1159,0.035,0.0011
2026-09-11 11:06:00,11,6,4,0,8.2666,0.02,0.0001
2026-09-11 11:07:00,11,7,4,0,5.7754,0.037,0.0015
2026-09-11 11:08:00,11,8,4,0,6.3228,0.04,0.0004
2026-09-11 11:09:00,11,9,4,0,6.2713,0.01,0.002
2026-09-11 11:10:00,11,10,4,0,6.2265,0.022,0.0015
2026-09-11 11:11:00,11,11,4,0,5.8352,0.037,0.0008
2026-09-11 11:12:00,11,12,4,1,8.516,0.006,0.0019
2026-09-11 11:13:00,11,13,4,0,6.6275,0.029,0.0017
2026-09-11 11:14:00,11,14,4,0,4.3936,0.006,0.0007
2026-09-11 11:15:00,11,15,4,1,5.5129,0.001,0.0017
2026-09-11 11:16:00,11,16,4,0,5.9469,0.01,0.0011
2026-09-11 11:17:00,11,17,4,0,9.1811,0.042,0.0019
2026-09-11 11:18:00,11,18,4,0,5.1244,0.02,0.0013
2026-09-11 11:19:00,11,19,4,0,4.3352,0.022,0.0017
2026-09-11 11:20:00,11,20,4,0,6.9055,0.042,0.0001
2026-09-11 11:21:00,11,21,4,0,4.5329,0.032,0.001
2026-09-11 11:22:00,11,22,4,0,4.0802,0.013,0.0014
2026-09-11 11:23:00,11,23,4,0,9.0925,0.012,0.0014
2026-09-11 11:24:00,11,24,4,0,5.234,0.024,0.0005
2026-09-11 11:25:00,11,25,4,0,5.2782,0.013,0.0004
2026-09-11 11:26:00,11,26,4,0,8.6109,0.005,0.0004
2026-09-11 11:27:00,11,27,4,0,7.237,0.011,0.0016
2026-09-11 11:28:00,11,28,4,0,7.62,0.014,0.0002
2026-09-11 11:29:00,11,29,4,0,5.9714,0.001,0.0016
2026-09-11 11:30:00,11,30,4,0,7.9805,0.006,0.0001
2026-09-11 11:31:00,11,31,4,0,9.3567,0.033,0.0019
2026-09-11 11:32:00,11,32,4,0,5.4544,0.036,0.0016
2026-09-11 11:33:00,11,33,4,0,6.8282,0.021,0.0013
2026-09-11 11:34:00,11,34,4,0,5.5216,0.042,0.0016
2026-09-11 11:35:00,11,35,4,0,8.9159,0.019,0.0015
2026-09-11 11:36:00,11,36,4,0,6.0774,0.045,0.0005
2026-09-11 11:37:00,11,37,4,0,6.0667,0.01,0.0019
2026-09-11 11:38:00,11,38,4,0,5.4813,0.025,0.001
2026-09-11 11:39:00,11,39,4,0,9.2371,0.026,0.0019
2026-09-11 11:40:00,11,40,4,0,6.9594,0.002,0.001
2026-09-11 11:41:00,11,41,4,0,9.4496,0.016,0.0019
2026-09-11 11:42:00,11,42,4,0,6.4414,0.013,0.0017
2026-09-11 11:43:00,11,43,4,0,9.4872,0.004,0.0018
2026-09-11 11:44:00,11,44,4,1,6.8355,0.017,0.0019
2026-09-11 11:45:00,11,45,4,0,4.5748,0.045,0.0013
2026-09-11 11:46:00,11,46,4,0,7.8683,0.007,0.0017
2026-09-11 11:47:00,11,47,4,0,8.3516,0.002,0.0015
2026-09-11 11:48:00,11,48,4,0,5.5875,0.012,0.0011
2026-09-11 11:49:00,11,49,4,0,4.2281,0.027,0.0005
2026-09-11 11:50:00,11,50,4,0,7.5068,0.022,0.0
2026-09-11 11:51:00,11,51,4,0,8.1499,0.041,0.0001
2026-09-11 11:52:00,11,52,4,0,5.6938,0.03,0.0014
2026-09-11 11:53:00,11,53,4,0,5.615,0.039,0.0018
2026-09-11 11:54:00,11,54,4,0,6.228,0.014,0.0009
2026-09-11 11:55:00,11,55,4,0,6.1282,0.003,0.0011
2026-09-11 11:56:00,11,56,4,1,9.3601,0.03,0.0017
2026-09-11 11:57:00,11,57,4,0,4.9093,0.013,0.0009
2026-09-11 11:58:00,11,58,4,0,6.4381,0.014,0.0019
2026-09-11 11:59:00,11,59,4,1,5.877,0.01,0.0016
2026-09-11 12:00:00,12,0,4,1,5.1694,0.01,0.0006
2026-09-11 12:01:00,12,1,4,0,8.4736,0.026,0.0004
2026-09-11 12:02:00,12,2,4,0,5.2444,0.009,0.0009
2026-09-11 12:03:00,12,3,4,0,4.126,0.044,0.0007
2026-09-11 12:04:00,12,4,4,0,5.6887,0.028,0.0013
2026-09-11 12:05:00,12,5,4,0,4.3994,0.021,0.0011
2026-09-11 12:06:00,12,6,4,0,8.3796,0.032,0.0007
2026-09-11 12:07:00,12,7,4,0,6.0071,0.016,0.0008
2026-09-11 12:08:00,12,8,4,0,9.3508,0.01,0.0018
2026-09-11 12:09:00,12,9,4,0,7.5758,0.017,0.0011
2026-09-11 12:10:00,12,10,4,0,6.0404,0.01,0.0011
2026-09-11 12:11:00,12,11,4,0,6.0705,0.038,0.002
2026-09-11 12:12:00,12,12,4,1,7.0335,0.045,0.0011
2026-09-11 12:13:00,12,13,4,0,6.6766,0.017,0.0008
2026-09-11 12:14:00,12,14,4,0,6.6908,0.04,0.002
2026-09-11 12:15:00,12,15,4,0,9.3223,0.039,0.0015
2026-09-11 12:16:00,12,16,4,0,7.9743,0.006,0.0016
2026-09-11 12:17:00,12,17,4,0,7.3252,0.016,0.001
2026-09-11 12:18:00,12,18,4,0,4.9897,0.033,0.0018
2026-09-11 12:19:00,12,19,4,0,7.2856,0.041,0.0002
2026-09-11 12:20:00,12,20,4,0,6.4998,0.01,0.0015
2026-09-11 12:21:00,12,21,4,0,7.1975,0.023,0.0016
2026-09-11 12:22:00,12,22,4,0,6.7625,0.004,0.0002
2026-09-11 12:23:00,12,23,4,0,5.7064,0.033,0.0019
2026-09-11 12:24:00,12,24,4,0,7.4427,0.022,0.0011
2026-09-11 12:25:00,12,25,4,0,4.4022,0.004,0.001
2026-09-11 12:26:00,12,26,4,0,6.0047,0.023,0.0015
2026-09-11 12:27:00,12,27,4,0,5.0067,0.002,0.0007
2026-09-11 12:28:00,12,28,4,0,4.9003,0.031,0.0019
2026-09-11 12:29:00,12,29,4,0,7.3404,0.037,0.002
2026-09-11 12:30:00,12,30,4,1,5.141,0.023,0.0005
2026-09-11 12:31:00,12,31,4,0,7.5494,0.023,0.0014
2026-09-11 12:32:00,12,32,4,0,6.0702,0.032,0.0004
2026-09-11 12:33:00,12,33,4,0,7.8021,0.03,0.0
2026-09-11 12:34:00,12,34,4,1,4.2186,0.045,0.0015
2026-09-11 12:35:00,12,35,4,0,5.8722,0.031,0.0012
2026-09-11 12:36:00,12,36,4,0,5.7178,0.029,0.0019
2026-09-11 12:37:00,12,37,4,0,8.885,0.016,0.0019
2026-09-11 12:38:00,12,38,4,0,6.8551,0.035,0.0001
2026-09-11 12:39:00,12,39,4,0,6.6631,0.004,0.001
2026-09-11 12:40:00,12,40,4,0,6.7249,0.006,0.0016
2026-09-11 12:41:00,12,41,4,0,8.5932,0.006,0.0012
2026-09-11 12:42:00,12,42,4,0,9.2473,0.007,0.0016
2026-09-11 12:43:00,12,43,4,0,4.7983,0.017,0.0013
2026-09-11 12:44:00,12,44,4,0,6.5515,0.039,0.0019
2026-09-11 12:45:00,12,45,4,0,5.2101,0.004,0.0009
2026-09-11 12:46:00,12,46,4,0,9.071,0.036,0.0011
2026-09-11 12:47:00,12,47,4,0,4.2024,0.012,0.0015
2026-09-11 12:48:00,12,48,4,0,4.734,0.028,0.0014
2026-09-11 12:49:00,12,49,4,0,8.3329,0.016,0.0002
2026-09-11 12:50:00,12,50,4,0,4.873,0.004,0.0013
2026-09-11 12:51:00,12,51,4,0,4.6969,0.012,0.0003
2026-09-11 12:52:00,12,52,4,0,5.4013,0.038,0.0007
2026-09-11 12:53:00,12,53,4,0,9.1792,0.013,0.001
2026-09-11 12:54:00,12,54,4,0,5.4524,0.027,0.0011
2026-09-11 12:55:00,12,55,4,0,7.6382,0.011,0.0012
2026-09-11 12:56:00,12,56,4,0,6.8371,0.025,0.0012
2026-09-11 12:57:00,12,57,4,0,6.2602,0.009,0.0007
2026-09-11 12:58:00,12,58,4,0,4.7605,0.034,0.0006
2026-09-11 12:59:00,12,59,4,0,7.2278,0.008,0.001
2026-09-11 13:00:00,13,0,4,0,6.6809,0.011,0.0016
2026-09-11 13:01:00,13,1,4,0,5.9093,0.025,0.0002
2026-09-11 13:02:00,13,2,4,0,5.8699,0.009,0.0005
2026-09-11 13:03:00,13,3,4,0,4.4337,0.019,0.0003
2026-09-11 13:04:00,13,4,4,1,5.1432,0.014,0.0013
2026-09-11 13:05:00,13,5,4,0,5.7251,0.023,0.002
2026-09-11 13:06:00,13,6,4,0,7.7939,0.014,0.001
2026-09-11 13:07:00,13,7,4,0,5.5931,0.036,0.0006
2026-09-11 13:08:00,13,8,4,0,8.405,0.018,0.0005
2026-09-11 13:09:00,13,9,4,0,4.6862,0.033,0.0018
2026-09-11 13:10:00,13,10,4,0,7.1513,0.022,0.0017
2026-09-11 13:11:00,13,11,4,0,7.8921,0.003,0.0009
2026-09-11 13:12:00,13,12,4,0,9.0243,0.003,0.0018
2026-09-11 13:13:00,13,13,4,0,9.4071,0.013,0.0004
2026-09-11 13:14:00,13,14,4,0,9.4888,0.019,0.0004
2026-09-11 13:15:00,13,15,4,0,6.4443,0.037,0.0009
2026-09-11 13:16:00,13,16,4,0,8.5076,0.009,0.0019
2026-09-11 13:17:00,13,17,4,0,6.643,0.024,0.0013
2026-09-11 13:18:00,13,18,4,0,8.9748,0.003,0.0001
2026-09-11 13:19:00,13,19,4,0,6.7244,0.011,0.0013
2026-09-11 13:20:00,13,20,4,0,6.1789,0.031,0.0006
2026-09-11 13:21:00,13,21,4,0,6.363,0.028,0.0009
2026-09-11 13:22:00,13,22,4,0,4.4962,0.039,0.0008
2026-09-11 13:23:00,13,23,4,0,4.0125,0.012,0.0009
2026-09-11 13:24:00,13,24,4,0,5.8742,0.01,0.0009
2026-09-11 13:25:00,13,25,4,0,6.2663,0.018,0.0015
2026-09-11 13:26:00,13,26,4,1,9.1981,0.029,0.0015
2026-09-11 13:27:00,13,27,4,0,6.993,0.008,0.0016
2026-09-11 13:28:00,13,28,4,0,6.3656,0.001,0.0011
2026-09-11 13:29:00,13,29,4,0,4.2744,0.026,0.0013
2026-09-11 13:30:00,13,30,4,0,6.3115,0.004,0.0002
2026-09-11 13:31:00,13,31,4,0,5.2431,0.021,0.0011
2026-09-11 13:32:00,13,32,4,1,7.0285,0.01,0.0019
2026-09-11 13:33:00,13,33,4,0,6.4603,0.014,0.0006
2026-09-11 13:34:00,13,34,4,0,7.7784,0.04,0.0004
2026-09-11 13:35:00,13,35,4,0,4.2136,0.013,0.0017
2026-09-11 13:36:00,13,36,4,0,5.3647,0.033,0.0019
2026-09-11 13:37:00,13,37,4,0,6.7475,0.014,0.0006
2026-09-11 13:38:00,13,38,4,0,8.4825,0.024,0.0004
2026-09-11 13:39:00,13,39,4,0,7.8443,0.008,0.0019
2026-09-11 13:40:00,13,40,4,0,7.6934,0.002,0.0008
2026-09-11 13:41:00,13,41,4,1,9.3575,0.02,0.0009
2026-09-11 13:42:00,13,42,4,0,8.7326,0.033,0.0003
2026-09-11 13:43:00,13,43,4,0,4.6485,0.04,0.0014
2026-09-11 13:44:00,13,44,4,0,7.5325,0.005,0.0015
2026-09-11 13:45:00,13,45,4,0,4.0626,0.01,0.0014
2026-09-11 13:46:00,13,46,4,1,4.547,0.029,0.0005
2026-09-11 13:47:00,13,47,4,0,6.2987,0.003,0.0002
2026-09-11 13:48:00,13,48,4,0,5.4159,0.028,0.0008
2026-09-11 13:49:00,13,49,4,0,4.5957,0.006,0.0004
2026-09-11 13:50:00,13,50,4,0,4.8888,0.041,0.001
2026-09-11 13:51:00,13,51,4,0,7.8029,0.01,0.0003
2026-09-11 13:52:00,13,52,4,0,8.4784,0.015,0.0019
2026-09-11 13:53:00,13,53,4,0,6.8595,0.023,0.0003
2026-09-11 13:54:00,13,54,4,0,4.6504,0.024,0.0002
2026-09-11 13:55:00,13,55,4,0,8.6339,0.004,0.0017
2026-09-11 13:56:00,13,56,4,0,5.8641,0.006,0.0003
2026-09-11 13:57:00,13,57,4,0,8.3861,0.04,0.0009
2026-09-11 13:58:00,13,58,4,0,4.8633,0.023,0.0012
2026-09-11 13:59:00,13,59,4,0,8.437,0.038,0.0013
2026-09-11 14:00:00,14,0,4,0,6.0042,0.012,0.0019
2026-09-11 14:01:00,14,1,4,0,7.3054,0.037,0.0003
2026-09-11 14:02:00,14,2,4,0,4.1968,0.017,0.0007
2026-09-11 14:03:00,14,3,4,0,5.9682,0.007,0.0015
2026-09-11 14:04:00,14,4,4,0,9.0576,0.005,0.0002
2026-09-11 14:05:00,14,5,4,0,9.2011,0.007,0.0002
2026-09-11 14:06:00,14,6,4,0,5.91,0.042,0.0004
2026-09-11 14:07:00,14,7,4,1,5.0456,0.035,0.0008
2026-09-11 14:08:00,14,8,4,1,5.0669,0.021,0.0018
2026-09-11 14:09:00,14,9,4,0,5.519,0.035,0.0016
2026-09-11 14:10:00,14,10,4,0,5.8769,0.034,0.001
2026-09-11 14:11:00,14,11,4,0,5.2542,0.024,0.0004
2026-09-11 14:12:00,14,12,4,0,8.3243,0.018,0.0015
2026-09-11 14:13:00,14,13,4,0,8.0398,0.021,0.002
2026-09-11 14:14:00,14,14,4,0,7.3535,0.042,0.0014
2026-09-11 14:15:00,14,15,4,1,4.8926,0.009,0.0013
2026-09-11 14:16:00,14,16,4,0,5.1487,0.027,0.0001
2026-09-11 14:17:00,14,17,4,0,9.3115,0.024,0.0019
2026-09-11 14:18:00,14,18,4,0,4.896,0.013,0.0006
2026-09-11 14:19:00,14,19,4,0,5.8026,0.036,0.0008
2026-09-11 14:20:00,14,20,4,0,4.4446,0.044,0.0018
2026-09-11 14:21:00,14,21,4,0,6.5459,0.008,0.0001
2026-09-11 14:22:00,14,22,4,0,4.0466,0.021,0.0001
2026-09-11 14:23:00,14,23,4,0,5.8005,0.027,0.001
2026-09-11 14:24:00,14,24,4,0,9.1825,0.018,0.0002
2026-09-11 14:25:00,14,25,4,0,8.2909,0.031,0.0005
2026-09-11 14:26:00,14,26,4,0,4.2657,0.017,0.0013
2026-09-11 14:27:00,14,27,4,0,4.4514,0.032,0.0004
2026-09-11 14:28:00,14,28,4,0,5.7257,0.001,0.0015
2026-09-11 14:29:00,14,29,4,0,4.9056,0.027,0.002
2026-09-11 14:30:00,14,30,4,0,8.5906,0.023,0.0016
2026-09-11 14:31:00,14,31,4,0,8.0693,0.028,0.0003
2026-09-11 14:32:00,14,32,4,0,8.8039,0.041,0.0013
2026-09-11 14:33:00,14,33,4,0,8.5398,0.032,0.0009
2026-09-11 14:34:00,14,34,4,0,9.1693,0.008,0.0013
2026-09-11 14:35:00,14,35,4,0,6.7225,0.005,0.0018
2026-09-11 14:36:00,14,36,4,0,8.0594,0.01,0.0004
2026-09-11 14:37:00,14,37,4,0,9.1262,0.035,0.0007
2026-09-11 14:38:00,14,38,4,0,6.5421,0.023,0.0003
2026-09-11 14:39:00,14,39,4,0,5.0875,0.023,0.0003
2026-09-11 14:40:00,14,40,4,0,8.4825,0.028,0.0019
2026-09-11 14:41:00,14,41,4,0,6.5435,0.017,0.0013
2026-09-11 14:42:00,14,42,4,0,9.1332,0.008,0.0015
2026-09-11 14:43:00,14,43,4,1,5.0142,0.002,0.0014
2026-09-11 14:44:00,14,44,4,0,9.4554,0.02,0.0014
2026-09-11 14:45:00,14,45,4,0,7.255,0.026,0.0003
2026-09-11 14:46:00,14,46,4,1,5.6119,0.009,0.0016
2026-09-11 14:47:00,14,47,4,0,5.4875,0.009,0.0016
2026-09-11 14:48:00,14,48,4,0,6.3892,0.038,0.0016
2026-09-11 14:49:00,14,49,4,0,7.1325,0.023,0.0007
2026-09-11 14:50:00,14,50,4,0,8.0662,0.019,0.0004
2026-09-11 14:51:00,14,51,4,0,4.355,0.008,0.0012
2026-09-11 14:52:00,14,52,4,0,8.4408,0.016,0.0018
2026-09-11 14:53:00,14,53,4,0,4.9494,0.032,0.0015
2026-09-11 14:54:00,14,54,4,0,5.7093,0.019,0.0001
2026-09-11 14:55:00,14,55,4,0,6.8607,0.011,0.0016
2026-09-11 14:56:00,14,56,4,0,7.8301,0.0,0.0008
2026-09-11 14:57:00,14,57,4,0,9.1906,0.011,0.0007
2026-09-11 14:58:00,14,58,4,0,7.4357,0.003,0.0004
2026-09-11 14:59:00,14,59,4,0,4.9144,0.016,0.0004
2026-09-11 15:00:00,15,0,4,0,7.206,0.002,0.0016
2026-09-11 15:01:00,15,1,4,0,5.6231,0.012,0.0012
2026-09-11 15:02:00,15,2,4,0,6.5516,0.008,0.0017
2026-09-11 15:03:00,15,3,4,0,9.1123,0.032,0.0011
2026-09-11 15:04:00,15,4,4,0,7.9678,0.016,0.001
2026-09-11 15:05:00,15,5,4,0,7.8184,0.002,0.001
2026-09-11 15:06:00,15,6,4,0,6.91,0.001,0.0016
2026-09-11 15:07:00,15,7,4,0,6.3572,0.032,0.0014
2026-09-11 15:08:00,15,8,4,0,4.3008,0.039,0.0011
2026-09-11 15:09:00,15,9,4,0,6.2602,0.04,0.0014
2026-09-11 15:10:00,15,10,4,0,4.8827,0.036,0.0017
2026-09-11 15:11:00,15,11,4,0,5.0997,0.011,0.0019
2026-09-11 15:12:00,15,12,4,0,5.6761,0.002,0.0008
2026-09-11 15:13:00,15,13,4,0,8.2644,0.002,0.0018
2026-09-11 15:14:00,15,14,4,0,4.7336,0.015,0.0013
2026-09-11 15:15:00,15,15,4,1,8.8166,0.03,0.0019
2026-09-11 15:16:00,15,16,4,0,7.329,0.045,0.0005
2026-09-11 15:17:00,15,17,4,0,7.0725,0.013,0.001
2026-09-11 15:18:00,15,18,4,0,6.3071,0.02,0.0013
2026-09-11 15:19:00,15,19,4,0,6.81,0.008,0.0005
2026-09-11 15:20:00,15,20,4,1,5.8005,0.035,0.0019
2026-09-11 15:21:00,15,21,4,0,8.7265,0.008,0.001
2026-09-11 15:22:00,15,22,4,0,6.629,0.015,0.002
2026-09-11 15:23:00,15,23,4,0,4.771,0.01,0.0002
2026-09-11 15:24:00,15,24,4,0,9.1522,0.03,0.0015
2026-09-11 15:25:00,15,25,4,0,4.9714,0.026,0.0019
2026-09-11 15:26:00,15,26,4,1,6.7969,0.034,0.0006
2026-09-11 15:27:00,15,27,4,0,4.0848,0.027,0.0016
2026-09-11 15:28:00,15,28,4,0,4.1735,0.006,0.0008
2026-09-11 15:29:00,15,29,4,0,5.2617,0.005,0.0011
2026-09-11 15:30:00,15,30,4,1,8.1072,0.014,0.0018
2026-09-11 15:31:00,15,31,4,0,4.6099,0.024,0.0018
2026-09-11 15:32:00,15,32,4,0,7.5544,0.012,0.0006
2026-09-11 15:33:00,15,33,4,0,9.235,0.018,0.0003
2026-09-11 15:34:00,15,34,4,1,5.5571,0.018,0.0002
2026-09-11 15:35:00,15,35,4,0,5.0586,0.033,0.0015
2026-09-11 15:36:00,15,36,4,0,7.1193,0.006,0.0006
2026-09-11 15:37:00,15,37,4,0,5.7391,0.001,0.0015
2026-09-11 15:38:00,15,38,4,0,5.1885,0.018,0.0001
2026-09-11 15:39:00,15,39,4,0,7.1925,0.036,0.0
2026-09-11 15:40:00,15,40,4,0,4.1653,0.038,0.0007
2026-09-11 15:41:00,15,41,4,1,5.9333,0.014,0.0002
2026-09-11 15:42:00,15,42,4,0,7.1786,0.039,0.0012
2026-09-11 15:43:00,15,43,4,0,7.0969,0.019,0.0007
2026-09-11 15:44:00,15,44,4,0,8.8437,0.012,0.0011
2026-09-11 15:45:00,15,45,4,0,8.539,0.027,0.0013
2026-09-11 15:46:00,15,46,4,0,8.0552,0.011,0.0015
2026-09-11 15:47:00,15,47,4,0,9.3892,0.035,0.0008
2026-09-11 15:48:00,15,48,4,0,6.9225,0.029,0.001
2026-09-11 15:49:00,15,49,4,0,6.037,0.044,0.0019
2026-09-11 15:50:00,15,50,4,0,8.1788,0.003,0.0004
2026-09-11 15:51:00,15,51,4,0,8.2954,0.044,0.0008
2026-09-11 15:52:00,15,52,4,0,8.3696,0.039,0.0017
2026-09-11 15:53:00,15,53,4,0,8.3393,0.002,0.0002
2026-09-11 15:54:00,15,54,4,0,6.1644,0.029,0.001
2026-09-11 15:55:00,15,55,4,1,9.2866,0.022,0.0009
2026-09-11 15:56:00,15,56,4,0,7.623,0.025,0.0005
2026-09-11 15:57:00,15,57,4,0,7.3215,0.012,0.0008
2026-09-11 15:58:00,15,58,4,0,5.8083,0.045,0.0008
2026-09-11 15:59:00,15,59,4,0,7.4391,0.027,0.0019
2026-09-11 16:00:00,16,0,4,0,6.2683,0.017,0.002
2026-09-11 16:01:00,16,1,4,0,6.2148,0.018,0.0011
2026-09-11 16:02:00,16,2,4,0,7.8568,0.014,0.0015
2026-09-11 16:03:00,16,3,4,0,5.4837,0.037,0.0006
2026-09-11 16:04:00,16,4,4,0,5.2086,0.008,0.0009
2026-09-11 16:05:00,16,5,4,0,8.849,0.026,0.0006
2026-09-11 16:06:00,16,6,4,0,4.2743,0.024,0.0018
2026-09-11 16:07:00,16,7,4,0,4.4516,0.02,0.0002
2026-09-11 16:08:00,16,8,4,0,6.4447,0.013,0.0019
2026-09-11 16:09:00,16,9,4,0,6.3321,0.016,0.001
2026-09-11 16:10:00,16,10,4,0,8.9447,0.004,0.0013
2026-09-11 16:11:00,16,11,4,0,9.4396,0.032,0.0003
2026-09-11 16:12:00,16,12,4,0,8.0452,0.024,0.0019
2026-09-11 16:13:00,16,13,4,0,4.6103,0.008,0.0008
2026-09-11 16:14:00,16,14,4,0,5.2954,0.027,0.0009
2026-09-11 16:15:00,16,15,4,0,6.7387,0.015,0.0011
2026-09-11 16:16:00,16,16,4,0,4.803,0.037,0.0009
2026-09-11 16:17:00,16,17,4,0,4.5317,0.023,0.0018
2026-09-11 16:18:00,16,18,4,1,5.691,0.001,0.0005
2026-09-11 16:19:00,16,19,4,0,5.2099,0.015,0.002
2026-09-11 16:20:00,16,20,4,0,8.9662,0.019,0.0003
2026-09-11 16:21:00,16,21,4,0,5.297,0.027,0.001
2026-09-11 16:22:00,16,22,4,0,8.2213,0.009,0.0007
2026-09-11 16:23:00,16,23,4,0,4.0914,0.042,0.0018
2026-09-11 16:24:00,16,24,4,0,9.2084,0.011,0.0019
2026-09-11 16:25:00,16,25,4,0,7.9876,0.027,0.0013
2026-09-11 16:26:00,16,26,4,0,5.4891,0.012,0.0011
2026-09-11 16:27:00,16,27,4,0,7.2836,0.009,0.0012
2026-09-11 16:28:00,16,28,4,0,4.7978,0.005,0.0016
2026-09-11 16:29:00,16,29,4,0,5.1246,0.018,0.0007
2026-09-11 16:30:00,16,30,4,0,8.253,0.016,0.0003
2026-09-11 16:31:00,16,31,4,0,7.1018,0.036,0.0011
2026-09-11 16:32:00,16,32,4,0,6.2237,0.039,0.002
2026-09-11 16:33:00,16,33,4,0,7.6198,0.011,0.0001
2026-09-11 16:34:00,16,34,4,0,8.8555,0.032,0.0014
2026-09-11 16:35:00,16,35,4,0,7.8568,0.037,0.001
2026-09-11 16:36:00,16,36,4,0,6.6544,0.026,0.0012
2026-09-11 16:37:00,16,37,4,1,4.9241,0.043,0.0019
2026-09-11 16:38:00,16,38,4,0,4.6664,0.032,0.0008
2026-09-11 16:39:00,16,39,4,0,8.5861,0.01,0.0007
2026-09-11 16:40:00,16,40,4,0,5.0178,0.045,0.0016
2026-09-11 16:41:00,16,41,4,0,4.9915,0.017,0.0007
2026-09-11 16:42:00,16,42,4,0,6.435,0.012,0.0016
2026-09-11 16:43:00,16,43,4,0,7.5102,0.012,0.0014
2026-09-11 16:44:00,16,44,4,0,9.4508,0.021,0.0018
2026-09-11 16:45:00,16,45,4,1,8.8713,0.023,0.0005
2026-09-11 16:46:00,16,46,4,0,4.1538,0.04,0.0016
2026-09-11 16:47:00,16,47,4,0,4.7251,0.037,0.0003
2026-09-11 16:48:00,16,48,4,0,8.2939,0.023,0.002
2026-09-11 16:49:00,16,49,4,0,7.8948,0.007,0.0017
2026-09-11 16:50:00,16,50,4,0,6.8649,0.017,0.0003
2026-09-11 16:51:00,16,51,4,0,9.3988,0.002,0.0015
2026-09-11 16:52:00,16,52,4,0,8.3966,0.026,0.0
2026-09-11 16:53:00,16,53,4,0,6.2232,0.007,0.0001
2026-09-11 16:54:00,16,54,4,0,5.6815,0.032,0.0003
2026-09-11 16:55:00,16,55,4,0,8.3351,0.004,0.0011
2026-09-11 16:56:00,16,56,4,0,5.564,0.027,0.0017
2026-09-11 16:57:00,16,57,4,0,5.9554,0.003,0.0014
2026-09-11 16:58:00,16,58,4,0,6.1511,0.021,0.0014
2026-09-11 16:59:00,16,59,4,1,6.0842,0.009,0.0009
2026-09-11 17:00:00,17,0,4,0,5.5538,0.037,0.0001
2026-09-11 17:01:00,17,1,4,1,6.4287,0.01,0.0015
2026-09-11 17:02:00,17,2,4,0,7.9757,0.044,0.001
2026-09-11 17:03:00,17,3,4,0,7.0161,0.038,0.0017
2026-09-11 17:04:00,17,4,4,0,8.4132,0.037,0.0006
2026-09-11 17:05:00,17,5,4,0,9.4963,0.045,0.0016
2026-09-11 17:06:00,17,6,4,0,8.5593,0.027,0.0017
2026-09-11 17:07:00,17,7,4,0,6.7791,0.0,0.0019
2026-09-11 17:08:00,17,8,4,0,6.2076,0.01,0.0018
2026-09-11 17:09:00,17,9,4,0,7.6191,0.021,0.0017
2026-09-11 17:10:00,17,10,4,0,4.9949,0.011,0.0012
2026-09-11 17:11:00,17,11,4,0,5.4725,0.023,0.0015
2026-09-11 17:12:00,17,12,4,0,9.3759,0.04,0.0
2026-09-11 17:13:00,17,13,4,0,8.5845,0.008,0.0007
2026-09-11 17:14:00,17,14,4,0,6.2118,0.023,0.001
2026-09-11 17:15:00,17,15,4,0,6.0283,0.038,0.0011
2026-09-11 17:16:00,17,16,4,0,7.5765,0.015,0.0006
2026-09-11 17:17:00,17,17,4,0,5.5442,0.014,0.0003
2026-09-11 17:18:00,17,18,4,0,6.2248,0.009,0.0002
2026-09-11 17:19:00,17,19,4,0,7.7798,0.038,0.0002
2026-09-11 17:20:00,17,20,4,0,7.575,0.036,0.0
2026-09-11 17:21:00,17,21,4,0,5.1595,0.037,0.0
2026-09-11 17:22:00,17,22,4,0,5.5011,0.029,0.0002
2026-09-11 17:23:00,17,23,4,0,8.6683,0.019,0.0016
2026-09-11 17:24:00,17,24,4,0,4.2395,0.008,0.0011
2026-09-11 17:25:00,17,25,4,0,5.4631,0.041,0.0016
2026-09-11 17:26:00,17,26,4,0,6.1505,0.0,0.001
2026-09-11 17:27:00,17,27,4,0,9.1169,0.039,0.0009
2026-09-11 17:28:00,17,28,4,0,5.1119,0.019,0.001
2026-09-11 17:29:00,17,29,4,0,6.1566,0.039,0.0018
2026-09-11 17:30:00,17,30,4,0,5.9331,0.003,0.0015
2026-09-11 17:31:00,17,31,4,0,4.6737,0.018,0.0018
2026-09-11 17:32:00,17,32,4,0,9.3387,0.006,0.0007
2026-09-11 17:33:00,17,33,4,0,8.5909,0.011,0.0015
2026-09-11 17:34:00,17,34,4,0,7.5148,0.032,0.0014
2026-09-11 17:35:00,17,35,4,0,5.8512,0.027,0.0005
2026-09-11 17:36:00,17,36,4,0,8.0882,0.004,0.0006
2026-09-11 17:37:00,17,37,4,0,8.5307,0.012,0.0004
2026-09-11 17:38:00,17,38,4,0,7.7974,0.042,0.0008
2026-09-11 17:39:00,17,39,4,0,7.6412,0.037,0.0014
2026-09-11 17:40:00,17,40,4,0,4.8641,0.024,0.0013
2026-09-11 17:41:00,17,41,4,0,8.5826,0.008,0.001
2026-09-11 17:42:00,17,42,4,0,8.2697,0.034,0.0013
2026-09-11 17:43:00,17,43,4,0,9.1393,0.023,0.0011
2026-09-11 17:44:00,17,44,4,0,7.5677,0.039,0.0002
2026-09-11 17:45:00,17,45,4,0,5.2349,0.02,0.0005
2026-09-11 17:46:00,17,46,4,0,8.123,0.016,0.0005
2026-09-11 17:47:00,17,47,4,1,7.0338,0.021,0.0017
2026-09-11 17:48:00,17,48,4,0,8.8275,0.015,0.0002
2026-09-11 17:49:00,17,49,4,0,6.0501,0.015,0.0002
2026-09-11 17:50:00,17,50,4,0,8.9382,0.024,0.0003
2026-09-11 17:51:00,17,51,4,0,8.3887,0.005,0.0014
2026-09-11 17:52:00,17,52,4,0,4.4558,0.024,0.0011
2026-09-11 17:53:00,17,53,4,0,6.8463,0.016,0.0015
2026-09-11 17:54:00,17,54,4,0,4.1162,0.015,0.0009
2026-09-11 17:55:00,17,55,4,0,6.1873,0.008,0.0007
2026-09-11 17:56:00,17,56,4,0,9.2373,0.026,0.0016
2026-09-11 17:57:00,17,57,4,0,8.1924,0.031,0.001
2026-09-11 17:58:00,17,58,4,0,6.7077,0.025,0.0009
2026-09-11 17:59:00,17,59,4,0,5.1707,0.019,0.0006
2026-09-11 18:00:00,18,0,4,0,8.9071,0.026,0.0002
2026-09-11 18:01:00,18,1,4,0,7.0675,0.014,0.0015
2026-09-11 18:02:00,18,2,4,0,9.4993,0.044,0.0008
2026-09-11 18:03:00,18,3,4,1,4.2324,0.032,0.0017
2026-09-11 18:04:00,18,4,4,0,4.8126,0.005,0.0011
2026-09-11 18:05:00,18,5,4,0,9.3022,0.026,0.0013
2026-09-11 18:06:00,18,6,4,0,5.1989,0.043,0.0018
2026-09-11 18:07:00,18,7,4,0,5.8651,0.036,0.0017
2026-09-11 18:08:00,18,8,4,0,7.601,0.025,0.0004
2026-09-11 18:09:00,18,9,4,0,8.7069,0.013,0.0006
2026-09-11 18:10:00,18,10,4,1,6.8758,0.007,0.0017
2026-09-11 18:11:00,18,11,4,0,8.2751,0.001,0.002
2026-09-11 18:12:00,18,12,4,0,9.457,0.038,0.0003
2026-09-11 18:13:00,18,13,4,0,9.0143,0.026,0.0003
2026-09-11 18:14:00,18,14,4,0,7.9484,0.03,0.0003
2026-09-11 18:15:00,18,15,4,0,7.824,0.021,0.0006
2026-09-11 18:16:00,18,16,4,0,6.0906,0.017,0.0016
2026-09-11 18:17:00,18,17,4,0,8.7689,0.004,0.002
2026-09-11 18:18:00,18,18,4,0,5.7275,0.042,0.0016
2026-09-11 18:19:00,18,19,4,0,9.4065,0.016,0.0012
2026-09-11 18:20:00,18,20,4,1,5.6542,0.04,0.0004
2026-09-11 18:21:00,18,21,4,0,6.5959,0.004,0.0009
2026-09-11 18:22:00,18,22,4,0,5.0963,0.012,0.0018
2026-09-11 18:23:00,18,23,4,0,8.2875,0.029,0.0007
2026-09-11 18:24:00,18,24,4,0,4.6036,0.012,0.0008
2026-09-11 18:25:00,18,25,4,0,6.3284,0.032,0.0018
2026-09-11 18:26:00,18,26,4,0,8.2894,0.037,0.0006
2026-09-11 18:27:00,18,27,4,0,9.4368,0.011,0.001
2026-09-11 18:28:00,18,28,4,0,6.1464,0.023,0.0017
2026-09-11 18:29:00,18,29,4,0,4.3315,0.027,0.0017
2026-09-11 18:30:00,18,30,4,1,8.8041,0.042,0.0004
2026-09-11 18:31:00,18,31,4,1,7.0917,0.044,0.0
2026-09-11 18:32:00,18,32,4,0,6.0403,0.015,0.0015
2026-09-11 18:33:00,18,33,4,1,5.1306,0.037,0.0003
2026-09-11 18:34:00,18,34,4,0,5.5756,0.039,0.0003
2026-09-11 18:35:00,18,35,4,0,7.8352,0.023,0.0009
2026-09-11 18:36:00,18,36,4,0,4.0167,0.045,0.0003
2026-09-11 18:37:00,18,37,4,0,8.9959,0.024,0.0007
2026-09-11 18:38:00,18,38,4,0,4.0456,0.031,0.0016
2026-09-11 18:39:00,18,39,4,0,4.3031,0.006,0.002
2026-09-11 18:40:00,18,40,4,0,8.408,0.024,0.0006
2026-09-11 18:41:00,18,41,4,0,7.3882,0.027,0.0001
2026-09-11 18:42:00,18,42,4,0,9.3159,0.027,0.0008
2026-09-11 18:43:00,18,43,4,0,4.4977,0.021,0.0017
2026-09-11 18:44:00,18,44,4,0,6.1814,0.007,0.0005
2026-09-11 18:45:00,18,45,4,1,9.0077,0.031,0.0013
2026-09-11 18:46:00,18,46,4,0,5.1999,0.019,0.0006
2026-09-11 18:47:00,18,47,4,1,6.5129,0.04,0.001
2026-09-11 18:48:00,18,48,4,1,8.6138,0.041,0.0019
2026-09-11 18:49:00,18,49,4,0,8.8867,0.018,0.0015
2026-09-11 18:50:00,18,50,4,0,5.4185,0.026,0.0014
2026-09-11 18:51:00,18,51,4,0,6.9642,0.008,0.0019
2026-09-11 18:52:00,18,52,4,0,9.1384,0.032,0.0007
2026-09-11 18:53:00,18,53,4,0,9.1643,0.011,0.0016
2026-09-11 18:54:00,18,54,4,0,6.9163,0.012,0.001
2026-09-11 18:55:00,18,55,4,0,5.7041,0.004,0.0015
2026-09-11 18:56:00,18,56,4,0,4.1899,0.034,0.0001
2026-09-11 18:57:00,18,57,4,0,9.3165,0.013,0.0006
2026-09-11 18:58:00,18,58,4,0,7.1276,0.006,0.0009
2026-09-11 18:59:00,18,59,4,0,5.0712,0.023,0.0013
2026-09-11 19:00:00,19,0,4,0,6.3423,0.007,0.0004
2026-09-11 19:01:00,19,1,4,0,7.9682,0.038,0.001
2026-09-11 19:02:00,19,2,4,0,5.6143,0.006,0.0006
2026-09-11 19:03:00,19,3,4,1,4.5017,0.04,0.0008
2026-09-11 19:04:00,19,4,4,0,8.0234,0.026,0.0016
2026-09-11 19:05:00,19,5,4,0,8.9527,0.015,0.0016
2026-09-11 19:06:00,19,6,4,1,6.3616,0.003,0.0011
2026-09-11 19:07:00,19,7,4,0,5.6079,0.012,0.0007
2026-09-11 19:08:00,19,8,4,0,7.6445,0.018,0.0004
2026-09-11 19:09:00,19,9,4,0,5.3436,0.036,0.0011
2026-09-11 19:10:00,19,10,4,0,4.1544,0.01,0.0015
2026-09-11 19:11:00,19,11,4,0,4.0871,0.04,0.0001
2026-09-11 19:12:00,19,12,4,0,7.9176,0.024,0.0015
2026-09-11 19:13:00,19,13,4,0,8.1628,0.002,0.0011
2026-09-11 19:14:00,19,14,4,1,9.0387,0.041,0.0013
2026-09-11 19:15:00,19,15,4,0,8.9338,0.008,0.0008
2026-09-11 19:16:00,19,16,4,0,5.5368,0.043,0.0015
2026-09-11 19:17:00,19,17,4,0,5.7019,0.018,0.0011
2026-09-11 19:18:00,19,18,4,0,7.6303,0.042,0.001
2026-09-11 19:19:00,19,19,4,0,9.0208,0.038,0.0004
2026-09-11 19:20:00,19,20,4,0,8.0665,0.016,0.0013
2026-09-11 19:21:00,19,21,4,1,7.226,0.041,0.0003
2026-09-11 19:22:00,19,22,4,0,7.7522,0.038,0.0001
2026-09-11 19:23:00,19,23,4,0,4.2659,0.003,0.0019
2026-09-11 19:24:00,19,24,4,0,8.9995,0.005,0.0001
2026-09-11 19:25:00,19,25,4,0,4.9057,0.025,0.0003
2026-09-11 19:26:00,19,26,4,0,8.4022,0.032,0.0011
2026-09-11 19:27:00,19,27,4,0,5.6359,0.02,0.0019
2026-09-11 19:28:00,19,28,4,0,8.2344,0.021,0.0008
2026-09-11 19:29:00,19,29,4,0,5.2154,0.025,0.0003
2026-09-11 19:30:00,19,30,4,0,7.7423,0.014,0.0017
2026-09-11 19:31:00,19,31,4,0,8.422,0.03,0.0017
2026-09-11 19:32:00,19,32,4,1,7.892,0.013,0.0006
2026-09-11 19:33:00,19,33,4,0,8.1253,0.018,0.0011
2026-09-11 19:34:00,19,34,4,0,8.9494,0.031,0.0002
2026-09-11 19:35:00,19,35,4,1,5.1652,0.023,0.0
2026-09-11 19:36:00,19,36,4,0,4.8391,0.013,0.001
2026-09-11 19:37:00,19,37,4,0,7.455,0.012,0.0015
2026-09-11 19:38:00,19,38,4,0,9.0636,0.017,0.001
2026-09-11 19:39:00,19,39,4,0,6.8824,0.04,0.0002
2026-09-11 19:40:00,19,40,4,0,9.2555,0.022,0.0005
2026-09-11 19:41:00,19,41,4,0,6.9296,0.028,0.0003
2026-09-11 19:42:00,19,42,4,0,6.5063,0.032,0.001
2026-09-11 19:43:00,19,43,4,1,9.0679,0.012,0.0012
2026-09-11 19:44:00,19,44,4,0,4.806,0.006,0.0004
2026-09-11 19:45:00,19,45,4,1,6.7775,0.025,0.0012
2026-09-11 19:46:00,19,46,4,0,4.3622,0.011,0.0012
2026-09-11 19:47:00,19,47,4,0,8.3531,0.018,0.0009
2026-09-11 19:48:00,19,48,4,0,5.7369,0.021,0.0012
2026-09-11 19:49:00,19,49,4,0,9.2355,0.03,0.0001
2026-09-11 19:50:00,19,50,4,0,8.3858,0.005,0.0018
2026-09-11 19:51:00,19,51,4,0,4.976,0.031,0.0008
2026-09-11 19:52:00,19,52,4,0,5.2263,0.024,0.002
2026-09-11 19:53:00,19,53,4,0,8.8793,0.036,0.0013
2026-09-11 19:54:00,19,54,4,0,5.1466,0.036,0.0002
2026-09-11 19:55:00,19,55,4,0,7.7932,0.021,0.001
2026-09-11 19:56:00,19,56,4,0,4.0263,0.038,0.0004
2026-09-11 19:57:00,19,57,4,0,8.1906,0.041,0.0012
2026-09-11 19:58:00,19,58,4,0,5.793,0.041,0.0006
2026-09-11 19:59:00,19,59,4,0,9.2361,0.03,0.0018
2026-09-11 20:00:00,20,0,4,0,4.1525,0.017,0.0016
2026-09-11 20:01:00,20,1,4,0,4.6978,0.039,0.0009
2026-09-11 20:02:00,20,2,4,0,9.4981,0.031,0.0009
2026-09-11 20:03:00,20,3,4,0,8.515,0.034,0.0009
2026-09-11 20:04:00,20,4,4,0,4.6807,0.038,0.0015
2026-09-11 20:05:00,20,5,4,1,7.7224,0.018,0.0004
2026-09-11 20:06:00,20,6,4,0,8.0648,0.038,0.0
2026-09-11 20:07:00,20,7,4,0,5.2873,0.037,0.001
2026-09-11 20:08:00,20,8,4,0,8.6751,0.014,0.0005
2026-09-11 20:09:00,20,9,4,0,9.0343,0.035,0.0015
2026-09-11 20:10:00,20,10,4,0,9.1782,0.004,0.0017
2026-09-11 20:11:00,20,11,4,0,7.2601,0.039,0.0013
2026-09-11 20:12:00,20,12,4,0,4.495,0.014,0.0014
2026-09-11 20:13:00,20,13,4,0,7.9502,0.025,0.0007
2026-09-11 20:14:00,20,14,4,0,6.3913,0.024,0.0007
2026-09-11 20:15:00,20,15,4,0,9.0019,0.022,0.0017
2026-09-11 20:16:00,20,16,4,0,5.3613,0.028,0.0004
2026-09-11 20:17:00,20,17,4,1,9.13,0.033,0.0017
2026-09-11 20:18:00,20,18,4,0,7.4006,0.006,0.0008
2026-09-11 20:19:00,20,19,4,0,5.6326,0.027,0.0001
2026-09-11 20:20:00,20,20,4,0,4.23,0.031,0.0006
2026-09-11 20:21:00,20,21,4,0,6.4622,0.014,0.0018
2026-09-11 20:22:00,20,22,4,0,4.0285,0.036,0.0018
2026-09-11 20:23:00,20,23,4,0,7.4402,0.003,0.0018
2026-09-11 20:24:00,20,24,4,0,6.0411,0.013,0.0015
2026-09-11 20:25:00,20,25,4,0,5.5315,0.043,0.0007
2026-09-11 20:26:00,20,26,4,1,7.2408,0.011,0.0016
2026-09-11 20:27:00,20,27,4,0,6.4677,0.037,0.0009
2026-09-11 20:28:00,20,28,4,0,7.6469,0.008,0.0011
2026-09-11 20:29:00,20,29,4,0,5.0277,0.018,0.0009
2026-09-11 20:30:00,20,30,4,0,8.785,0.011,0.0016
2026-09-11 20:31:00,20,31,4,0,8.5033,0.031,0.0004
2026-09-11 20:32:00,20,32,4,0,4.3292,0.042,0.0015
2026-09-11 20:33:00,20,33,4,0,7.9035,0.015,0.001
2026-09-11 20:34:00,20,34,4,0,4.1453,0.021,0.001
2026-09-11 20:35:00,20,35,4,0,8.6367,0.022,0.0001
2026-09-11 20:36:00,20,36,4,0,9.4157,0.023,0.0014
2026-09-11 20:37:00,20,37,4,1,7.4925,0.012,0.0018
2026-09-11 20:38:00,20,38,4,0,6.2368,0.006,0.0015
2026-09-11 20:39:00,20,39,4,1,4.7255,0.042,0.0019
2026-09-11 20:40:00,20,40,4,0,6.2948,0.039,0.002
2026-09-11 20:41:00,20,41,4,1,6.5304,0.042,0.0006
2026-09-11 20:42:00,20,42,4,0,4.5436,0.043,0.0011
2026-09-11 20:43:00,20,43,4,1,8.3454,0.044,0.0005
2026-09-11 20:44:00,20,44,4,0,8.5456,0.02,0.0005
2026-09-11 20:45:00,20,45,4,0,7.9453,0.032,0.0008
2026-09-11 20:46:00,20,46,4,0,7.3846,0.045,0.0007
2026-09-11 20:47:00,20,47,4,0,4.5609,0.011,0.0011
2026-09-11 20:48:00,20,48,4,0,8.8104,0.043,0.0015
2026-09-11 20:49:00,20,49,4,0,5.635,0.026,0.0009
2026-09-11 20:50:00,20,50,4,0,4.0528,0.035,0.0013
2026-09-11 20:51:00,20,51,4,0,9.2075,0.013,0.0004
2026-09-11 20:52:00,20,52,4,0,7.9014,0.011,0.0017
2026-09-11 20:53:00,20,53,4,0,5.9964,0.018,0.0014
2026-09-11 20:54:00,20,54,4,0,8.6251,0.022,0.0005
2026-09-11 20:55:00,20,55,4,0,5.2277,0.029,0.0005
2026-09-11 20:56:00,20,56,4,0,4.5329,0.008,0.0012
2026-09-11 20:57:00,20,57,4,1,7.7432,0.003,0.0017
2026-09-11 20:58:00,20,58,4,0,4.8027,0.032,0.0003
2026-09-11 20:59:00,20,59,4,0,8.1598,0.019,0.0012
2026-09-11 21:00:00,21,0,4,0,7.1175,0.029,0.0004
2026-09-11 21:01:00,21,1,4,0,5.3728,0.008,0.0012
2026-09-11 21:02:00,21,2,4,0,4.4888,0.02,0.0005
2026-09-11 21:03:00,21,3,4,0,6.786,0.029,0.0006
2026-09-11 21:04:00,21,4,4,0,7.2029,0.007,0.0007
2026-09-11 21:05:00,21,5,4,0,6.2269,0.008,0.0011
2026-09-11 21:06:00,21,6,4,0,4.1127,0.014,0.0015
2026-09-11 21:07:00,21,7,4,0,8.1353,0.001,0.0015
2026-09-11 21:08:00,21,8,4,0,4.7757,0.011,0.0019
2026-09-11 21:09:00,21,9,4,0,4.7873,0.036,0.0016
2026-09-11 21:10:00,21,10,4,1,5.9138,0.036,0.0013
2026-09-11 21:11:00,21,11,4,0,6.8305,0.032,0.0003
2026-09-11 21:12:00,21,12,4,0,5.0129,0.038,0.0002
2026-09-11 21:13:00,21,13,4,0,7.5299,0.022,0.0005
2026-09-11 21:14:00,21,14,4,0,4.7575,0.013,0.0019
2026-09-11 21:15:00,21,15,4,0,8.6082,0.002,0.0008
2026-09-11 21:16:00,21,16,4,0,4.5535,0.0,0.0015
2026-09-11 21:17:00,21,17,4,0,4.7098,0.007,0.0012
2026-09-11 21:18:00,21,18,4,0,4.228,0.039,0.0004
2026-09-11 21:19:00,21,19,4,1,6.4053,0.021,0.0013
2026-09-11 21:20:00,21,20,4,0,8.6761,0.044,0.0011
2026-09-11 21:21:00,21,21,4,0,8.5547,0.017,0.0019
2026-09-11 21:22:00,21,22,4,0,5.4025,0.001,0.0017
2026-09-11 21:23:00,21,23,4,0,4.141,0.015,0.0009
2026-09-11 21:24:00,21,24,4,0,9.4077,0.039,0.0011
2026-09-11 21:25:00,21,25,4,1,5.251,0.011,0.0009
2026-09-11 21:26:00,21,26,4,0,5.1562,0.03,0.0011
2026-09-11 21:27:00,21,27,4,1,6.2546,0.026,0.0001
2026-09-11 21:28:00,21,28,4,0,9.261,0.027,0.0019
2026-09-11 21:29:00,21,29,4,0,8.994,0.042,0.0019
2026-09-11 21:30:00,21,30,4,0,7.6444,0.034,0.001
2026-09-11 21:31:00,21,31,4,0,5.1816,0.03,0.0015
2026-09-11 21:32:00,21,32,4,0,7.1501,0.01,0.0017
2026-09-11 21:33:00,21,33,4,0,8.9889,0.001,0.0008
2026-09-11 21:34:00,21,34,4,0,6.9926,0.044,0.0002
2026-09-11 21:35:00,21,35,4,0,7.2002,0.013,0.0005
2026-09-11 21:36:00,21,36,4,1,6.2223,0.003,0.0006
2026-09-11 21:37:00,21,37,4,0,4.7336,0.035,0.0005
2026-09-11 21:38:00,21,38,4,0,6.8452,0.015,0.0007
2026-09-11 21:39:00,21,39,4,0,4.6838,0.004,0.0003
2026-09-11 21:40:00,21,40,4,0,7.2628,0.039,0.001
2026-09-11 21:41:00,21,41,4,0,8.488,0.045,0.0018
2026-09-11 21:42:00,21,42,4,0,4.7157,0.01,0.0018
2026-09-11 21:43:00,21,43,4,0,7.0611,0.015,0.0004
2026-09-11 21:44:00,21,44,4,0,4.0192,0.032,0.0001
2026-09-11 21:45:00,21,45,4,1,4.1941,0.041,0.0015
2026-09-11 21:46:00,21,46,4,0,4.8956,0.016,0.0002
2026-09-11 21:47:00,21,47,4,0,7.5819,0.028,0.0006
2026-09-11 21:48:00,21,48,4,0,8.0437,0.006,0.0019
2026-09-11 21:49:00,21,49,4,1,8.7558,0.045,0.0018
2026-09-11 21:50:00,21,50,4,0,4.8082,0.034,0.0009
2026-09-11 21:51:00,21,51,4,0,7.0436,0.019,0.0002
2026-09-11 21:52:00,21,52,4,0,5.8647,0.032,0.0016
2026-09-11 21:53:00,21,53,4,0,6.6445,0.035,0.002
2026-09-11 21:54:00,21,54,4,0,4.0217,0.037,0.0006
2026-09-11 21:55:00,21,55,4,0,5.1054,0.037,0.0011
2026-09-11 21:56:00,21,56,4,0,7.2765,0.03,0.0012
2026-09-11 21:57:00,21,57,4,0,8.4485,0.032,0.0011
2026-09-11 21:58:00,21,58,4,1,8.3154,0.016,0.0014
2026-09-11 21:59:00,21,59,4,0,9.3392,0.015,0.0019
2026-09-11 22:00:00,22,0,4,0,8.5224,0.02,0.0018
2026-09-11 22:01:00,22,1,4,0,7.5127,0.045,0.0018
2026-09-11 22:02:00,22,2,4,0,7.8433,0.029,0.0003
2026-09-11 22:03:00,22,3,4,0,7.4169,0.025,0.0005
2026-09-11 22:04:00,22,4,4,0,8.6528,0.013,0.0007
2026-09-11 22:05:00,22,5,4,0,6.838,0.003,0.0004
2026-09-11 22:06:00,22,6,4,0,4.245,0.006,0.0013
2026-09-11 22:07:00,22,7,4,0,7.2122,0.03,0.0
2026-09-11 22:08:00,22,8,4,0,7.5828,0.04,0.0004
2026-09-11 22:09:00,22,9,4,0,4.9613,0.003,0.0011
2026-09-11 22:10:00,22,10,4,0,8.4046,0.025,0.0017
2026-09-11 22:11:00,22,11,4,0,6.4635,0.024,0.0009
2026-09-11 22:12:00,22,12,4,0,5.034,0.007,0.0001
2026-09-11 22:13:00,22,13,4,0,5.0227,0.036,0.0017
2026-09-11 22:14:00,22,14,4,0,5.4459,0.024,0.0004
2026-09-11 22:15:00,22,15,4,1,7.8738,0.01,0.0017
2026-09-11 22:16:00,22,16,4,0,8.7484,0.018,0.0011
2026-09-11 22:17:00,22,17,4,0,5.961,0.02,0.0016
2026-09-11 22:18:00,22,18,4,1,4.6038,0.008,0.0007
2026-09-11 22:19:00,22,19,4,0,5.1078,0.003,0.0004
2026-09-11 22:20:00,22,20,4,0,7.2552,0.026,0.0009
2026-09-11 22:21:00,22,21,4,0,7.2295,0.013,0.0003
2026-09-11 22:22:00,22,22,4,0,4.8632,0.016,0.0015
2026-09-11 22:23:00,22,23,4,0,6.6084,0.005,0.0018
2026-09-11 22:24:00,22,24,4,0,5.8806,0.028,0.0009
2026-09-11 22:25:00,22,25,4,0,9.0516,0.008,0.0006
2026-09-11 22:26:00,22,26,4,0,8.1469,0.039,0.0007
2026-09-11 22:27:00,22,27,4,0,4.2757,0.045,0.0003
2026-09-11 22:28:00,22,28,4,0,5.8342,0.021,0.001
2026-09-11 22:29:00,22,29,4,0,8.2172,0.03,0.0006
2026-09-11 22:30:00,22,30,4,0,6.9976,0.042,0.001
2026-09-11 22:31:00,22,31,4,0,8.0496,0.026,0.0014
2026-09-11 22:32:00,22,32,4,0,7.4808,0.003,0.0018
2026-09-11 22:33:00,22,33,4,0,9.3629,0.009,0.0019
2026-09-11 22:34:00,22,34,4,0,4.2028,0.012,0.0014
2026-09-11 22:35:00,22,35,4,0,6.4976,0.038,0.0007
2026-09-11 22:36:00,22,36,4,0,4.7011,0.012,0.0
2026-09-11 22:37:00,22,37,4,0,6.3894,0.022,0.0018
2026-09-11 22:38:00,22,38,4,0,4.2122,0.008,0.001
2026-09-11 22:39:00,22,39,4,1,7.5752,0.001,0.0016
2026-09-11 22:40:00,22,40,4,0,8.2865,0.034,0.0014
2026-09-11 22:41:00,22,41,4,0,6.313,0.009,0.0016
2026-09-11 22:42:00,22,42,4,0,8.2232,0.04,0.0001
2026-09-11 22:43:00,22,43,4,0,6.9328,0.024,0.0019
2026-09-11 22:44:00,22,44,4,0,7.9193,0.018,0.0002
2026-09-11 22:45:00,22,45,4,0,7.5759,0.035,0.0
2026-09-11 22:46:00,22,46,4,0,4.4408,0.036,0.0016
2026-09-11 22:47:00,22,47,4,0,5.3089,0.034,0.0005
2026-09-11 22:48:00,22,48,4,0,4.6873,0.028,0.0012
2026-09-11 22:49:00,22,49,4,0,7.1629,0.018,0.0009
2026-09-11 22:50:00,22,50,4,0,6.5399,0.037,0.0007
2026-09-11 22:51:00,22,51,4,0,6.7839,0.045,0.0008
2026-09-11 22:52:00,22,52,4,1,4.5895,0.043,0.0013
2026-09-11 22:53:00,22,53,4,0,7.8086,0.004,0.001
2026-09-11 22:54:00,22,54,4,0,4.7683,0.045,0.0008
2026-09-11 22:55:00,22,55,4,0,5.0349,0.016,0.001
2026-09-11 22:56:00,22,56,4,0,8.3462,0.028,0.0014
2026-09-11 22:57:00,22,57,4,0,6.4769,0.036,0.0018
2026-09-11 22:58:00,22,58,4,0,5.8926,0.016,0.0003
2026-09-11 22:59:00,22,59,4,0,9.2134,0.003,0.0018
2026-09-11 23:00:00,23,0,4,0,5.9095,0.037,0.0
2026-09-11 23:01:00,23,1,4,0,4.323,0.016,0.0017
2026-09-11 23:02:00,23,2,4,0,6.9592,0.012,0.0004
2026-09-11 23:03:00,23,3,4,0,5.876,0.022,0.0008
2026-09-11 23:04:00,23,4,4,0,4.9022,0.015,0.0014
2026-09-11 23:05:00,23,5,4,0,5.2894,0.036,0.0018
2026-09-11 23:06:00,23,6,4,0,6.8391,0.036,0.0007
2026-09-11 23:07:00,23,7,4,1,5.8852,0.039,0.0012
2026-09-11 23:08:00,23,8,4,0,4.8165,0.027,0.0005
2026-09-11 23:09:00,23,9,4,0,9.1526,0.03,0.0002
2026-09-11 23:10:00,23,10,4,0,8.867,0.011,0.0005
2026-09-11 23:11:00,23,11,4,0,9.2929,0.035,0.0002
2026-09-11 23:12:00,23,12,4,0,8.956,0.034,0.0012
2026-09-11 23:13:00,23,13,4,1,9.0495,0.02,0.001
2026-09-11 23:14:00,23,14,4,0,7.0678,0.038,0.0006
2026-09-11 23:15:00,23,15,4,1,4.072,0.037,0.0013
2026-09-11 23:16:00,23,16,4,1,8.6448,0.002,0.0008
2026-09-11 23:17:00,23,17,4,0,6.1456,0.031,0.002
2026-09-11 23:18:00,23,18,4,1,5.8926,0.001,0.0002
2026-09-11 23:19:00,23,19,4,0,9.2013,0.04,0.0003
2026-09-11 23:20:00,23,20,4,0,9.4393,0.006,0.0009
2026-09-11 23:21:00,23,21,4,0,6.5456,0.042,0.0018
2026-09-11 23:22:00,23,22,4,0,4.3182,0.032,0.0001
2026-09-11 23:23:00,23,23,4,0,5.3219,0.039,0.0001
2026-09-11 23:24:00,23,24,4,0,9.3391,0.034,0.0008
2026-09-11 23:25:00,23,25,4,0,8.2615,0.018,0.001
2026-09-11 23:26:00,23,26,4,0,8.5898,0.008,0.0003
2026-09-11 23:27:00,23,27,4,0,7.7462,0.045,0.0009
2026-09-11 23:28:00,23,28,4,0,5.0305,0.019,0.0001
2026-09-11 23:29:00,23,29,4,0,7.4536,0.01,0.0018
2026-09-11 23:30:00,23,30,4,0,5.6744,0.029,0.002
2026-09-11 23:31:00,23,31,4,0,7.2792,0.033,0.0006
2026-09-11 23:32:00,23,32,4,0,9.4328,0.01,0.0004
2026-09-11 23:33:00,23,33,4,0,7.4534,0.042,0.0011
2026-09-11 23:34:00,23,34,4,0,8.3365,0.044,0.001
2026-09-11 23:35:00,23,35,4,0,6.6958,0.025,0.0016
2026-09-11 23:36:00,23,36,4,0,7.9082,0.0,0.0009
2026-09-11 23:37:00,23,37,4,0,6.7522,0.032,0.0008
2026-09-11 23:38:00,23,38,4,1,9.0012,0.012,0.0016
2026-09-11 23:39:00,23,39,4,0,4.0594,0.026,0.0008
2026-09-11 23:40:00,23,40,4,0,6.0462,0.015,0.0007
2026-09-11 23:41:00,23,41,4,0,6.3548,0.021,0.0006
2026-09-11 23:42:00,23,42,4,0,7.0676,0.004,0.0016
2026-09-11 23:43:00,23,43,4,0,8.5338,0.03,0.0013
2026-09-11 23:44:00,23,44,4,0,4.9641,0.031,0.002
2026-09-11 23:45:00,23,45,4,0,6.0323,0.04,0.0018
2026-09-11 23:46:00,23,46,4,0,8.575,0.002,0.0019
2026-09-11 23:47:00,23,47,4,0,7.5791,0.013,0.0012
2026-09-11 23:48:00,23,48,4,0,6.4535,0.044,0.0
2026-09-11 23:49:00,23,49,4,0,7.7008,0.039,0.0009
2026-09-11 23:50:00,23,50,4,0,6.3266,0.002,0.0016
2026-09-11 23:51:00,23,51,4,0,5.3566,0.004,0.0017
2026-09-11 23:52:00,23,52,4,0,4.0446,0.033,0.0018
2026-09-11 23:53:00,23,53,4,0,6.9956,0.013,0.001
2026-09-11 23:54:00,23,54,4,0,8.0711,0.022,0.0018
2026-09-11 23:55:00,23,55,4,1,9.3606,0.027,0.0005
2026-09-11 23:56:00,23,56,4,0,7.8048,0.005,0.0016
2026-09-11 23:57:00,23,57,4,0,7.705,0.006,0.0006
2026-09-11 23:58:00,23,58,4,0,6.0386,0.016,0.0009
2026-09-11 23:59:00,23,59,4,0,7.4078,0.039,0.0011
2026-09-12 00:00:00,0,0,5,0,6.402,0.012,0.0
2026-09-12 00:01:00,0,1,5,0,6.4364,0.032,0.0011
2026-09-12 00:02:00,0,2,5,0,7.3518,0.033,0.0012
2026-09-12 00:03:00,0,3,5,0,6.4326,0.011,0.0013
2026-09-12 00:04:00,0,4,5,0,8.7589,0.018,0.0011
2026-09-12 00:05:00,0,5,5,0,4.3132,0.012,0.0003
2026-09-12 00:06:00,0,6,5,0,7.254,0.031,0.0002
2026-09-12 00:07:00,0,7,5,0,6.9368,0.008,0.0011
2026-09-12 00:08:00,0,8,5,0,8.9425,0.012,0.0008
2026-09-12 00:09:00,0,9,5,1,5.6544,0.018,0.0006
2026-09-12 00:10:00,0,10,5,0,5.1081,0.033,0.001
2026-09-12 00:11:00,0,11,5,1,4.604,0.013,0.0019
2026-09-12 00:12:00,0,12,5,0,8.2687,0.037,0.0011
2026-09-12 00:13:00,0,13,5,0,5.5977,0.013,0.0015
2026-09-12 00:14:00,0,14,5,0,4.505,0.011,0.0006
2026-09-12 00:15:00,0,15,5,0,8.6751,0.016,0.0001
2026-09-12 00:16:00,0,16,5,0,7.9013,0.039,0.0012
2026-09-12 00:17:00,0,17,5,0,6.3262,0.008,0.0007
2026-09-12 00:18:00,0,18,5,0,7.7389,0.015,0.0011
2026-09-12 00:19:00,0,19,5,0,9.0675,0.016,0.0013
2026-09-12 00:20:00,0,20,5,0,9.1378,0.006,0.0008
2026-09-12 00:21:00,0,21,5,0,6.9842,0.035,0.0011
2026-09-12 00:22:00,0,22,5,0,8.8209,0.009,0.0019
2026-09-12 00:23:00,0,23,5,0,5.2289,0.038,0.0014
2026-09-12 00:24:00,0,24,5,0,6.37,0.031,0.0008
2026-09-12 00:25:00,0,25,5,0,6.7146,0.04,0.0004
2026-09-12 00:26:00,0,26,5,0,9.2579,0.005,0.0008
2026-09-12 00:27:00,0,27,5,1,7.8323,0.008,0.0017
2026-09-12 00:28:00,0,28,5,0,7.5832,0.026,0.0001
2026-09-12 00:29:00,0,29,5,0,8.8315,0.043,0.0004
2026-09-12 00:30:00,0,30,5,0,4.0402,0.041,0.0017
2026-09-12 00:31:00,0,31,5,0,5.2524,0.037,0.0005
2026-09-12 00:32:00,0,32,5,0,5.0242,0.027,0.0014
2026-09-12 00:33:00,0,33,5,0,7.2152,0.028,0.0009
2026-09-12 00:34:00,0,34,5,0,5.7495,0.044,0.002
2026-09-12 00:35:00,0,35,5,0,4.875,0.026,0.0015
2026-09-12 00:36:00,0,36,5,0,5.2391,0.031,0.001
2026-09-12 00:37:00,0,37,5,0,5.4226,0.01,0.0008
2026-09-12 00:38:00,0,38,5,0,5.7316,0.031,0.0005
2026-09-12 00:39:00,0,39,5,0,6.3231,0.029,0.0013
2026-09-12 00:40:00,0,40,5,0,5.7623,0.031,0.0012
2026-09-12 00:41:00,0,41,5,0,6.9771,0.017,0.0007
2026-09-12 00:42:00,0,42,5,0,8.9875,0.002,0.0006
2026-09-12 00:43:00,0,43,5,0,4.7716,0.023,0.0016
2026-09-12 00:44:00,0,44,5,1,7.5478,0.005,0.0011
2026-09-12 00:45:00,0,45,5,0,9.376,0.011,0.0015
2026-09-12 00:46:00,0,46,5,0,4.4925,0.016,0.0018
2026-09-12 00:47:00,0,47,5,0,9.4157,0.013,0.0004
2026-09-12 00:48:00,0,48,5,0,6.8734,0.034,0.0013
2026-09-12 00:49:00,0,49,5,0,8.2616,0.015,0.0007
2026-09-12 00:50:00,0,50,5,0,7.8767,0.028,0.0002
2026-09-12 00:51:00,0,51,5,0,6.6512,0.017,0.0011
2026-09-12 00:52:00,0,52,5,0,7.3597,0.029,0.0007
2026-09-12 00:53:00,0,53,5,0,8.7509,0.041,0.0011
2026-09-12 00:54:00,0,54,5,0,4.2738,0.001,0.0007
2026-09-12 00:55:00,0,55,5,0,6.5916,0.036,0.001
2026-09-12 00:56:00,0,56,5,0,7.0014,0.034,0.0008
2026-09-12 00:57:00,0,57,5,0,9.3178,0.005,0.0015
2026-09-12 00:58:00,0,58,5,0,6.3846,0.011,0.0014
2026-09-12 00:59:00,0,59,5,0,5.9824,0.039,0.0019
2026-09-12 01:00:00,1,0,5,0,4.3013,0.034,0.0019
2026-09-12 01:01:00,1,1,5,0,8.0563,0.014,0.0009
2026-09-12 01:02:00,1,2,5,0,8.7612,0.013,0.0008
2026-09-12 01:03:00,1,3,5,0,4.9485,0.023,0.0018
2026-09-12 01:04:00,1,4,5,0,5.1646,0.011,0.0005
2026-09-12 01:05:00,1,5,5,0,8.5633,0.021,0.0014
2026-09-12 01:06:00,1,6,5,0,5.1388,0.023,0.001
2026-09-12 01:07:00,1,7,5,0,8.7357,0.009,0.0015
2026-09-12 01:08:00,1,8,5,0,4.0892,0.034,0.0019
2026-09-12 01:09:00,1,9,5,0,8.7033,0.036,0.0007
2026-09-12 01:10:00,1,10,5,0,7.8519,0.042,0.0008
2026-09-12 01:11:00,1,11,5,0,4.2861,0.019,0.0018
2026-09-12 01:12:00,1,12,5,0,4.4843,0.0,0.0019
2026-09-12 01:13:00,1,13,5,0,6.6731,0.004,0.0013
2026-09-12 01:14:00,1,14,5,1,5.2343,0.016,0.0019
2026-09-12 01:15:00,1,15,5,0,7.8044,0.021,0.0014
2026-09-12 01:16:00,1,16,5,0,8.8452,0.033,0.002
2026-09-12 01:17:00,1,17,5,0,9.0832,0.01,0.0016
2026-09-12 01:18:00,1,18,5,0,6.072,0.018,0.001
2026-09-12 01:19:00,1,19,5,0,6.4556,0.027,0.0009
2026-09-12 01:20:00,1,20,5,0,8.8568,0.032,0.0004
2026-09-12 01:21:00,1,21,5,0,6.3321,0.023,0.0018
2026-09-12 01:22:00,1,22,5,0,6.8069,0.025,0.0005
2026-09-12 01:23:00,1,23,5,0,8.0929,0.0,0.0005
2026-09-12 01:24:00,1,24,5,0,4.2671,0.024,0.0003
2026-09-12 01:25:00,1,25,5,0,8.3017,0.034,0.0004
2026-09-12 01:26:00,1,26,5,0,4.7312,0.003,0.0009
2026-09-12 01:27:00,1,27,5,0,6.7661,0.036,0.0004
2026-09-12 01:28:00,1,28,5,0,7.1418,0.03,0.0012
2026-09-12 01:29:00,1,29,5,0,4.9392,0.011,0.0004
2026-09-12 01:30:00,1,30,5,0,5.8876,0.045,0.0018
2026-09-12 01:31:00,1,31,5,0,4.0854,0.002,0.0011
2026-09-12 01:32:00,1,32,5,1,5.4971,0.014,0.0012
2026-09-12 01:33:00,1,33,5,0,6.5417,0.043,0.0012
2026-09-12 01:34:00,1,34,5,0,7.0931,0.023,0.0018
2026-09-12 01:35:00,1,35,5,0,6.5828,0.019,0.0009
2026-09-12 01:36:00,1,36,5,0,4.4735,0.041,0.0001
2026-09-12 01:37:00,1,37,5,0,8.9288,0.009,0.0005
2026-09-12 01:38:00,1,38,5,0,8.0301,0.022,0.0012
2026-09-12 01:39:00,1,39,5,0,5.7886,0.04,0.0001
2026-09-12 01:40:00,1,40,5,0,5.69,0.011,0.002
2026-09-12 01:41:00,1,41,5,0,6.6581,0.017,0.0006
2026-09-12 01:42:00,1,42,5,1,9.3245,0.021,0.001
2026-09-12 01:43:00,1,43,5,0,7.594,0.04,0.0013
2026-09-12 01:44:00,1,44,5,0,4.7309,0.028,0.0014
2026-09-12 01:45:00,1,45,5,0,5.0707,0.032,0.0011
2026-09-12 01:46:00,1,46,5,0,4.9963,0.009,0.0005
2026-09-12 01:47:00,1,47,5,0,8.0607,0.033,0.0016
2026-09-12 01:48:00,1,48,5,0,6.7084,0.021,0.002
2026-09-12 01:49:00,1,49,5,0,5.0866,0.012,0.0002
2026-09-12 01:50:00,1,50,5,0,4.578,0.014,0.0002
2026-09-12 01:51:00,1,51,5,0,4.2682,0.024,0.0002
2026-09-12 01:52:00,1,52,5,0,6.9116,0.015,0.0002
2026-09-12 01:53:00,1,53,5,0,7.2296,0.034,0.0017
2026-09-12 01:54:00,1,54,5,0,4.4265,0.005,0.0018
2026-09-12 01:55:00,1,55,5,0,5.0463,0.03,0.0011
2026-09-12 01:56:00,1,56,5,0,5.4764,0.021,0.001
2026-09-12 01:57:00,1,57,5,0,5.718,0.007,0.0011
2026-09-12 01:58:00,1,58,5,0,7.8317,0.042,0.0017
2026-09-12 01:59:00,1,59,5,0,9.4904,0.04,0.0011
2026-09-12 02:00:00,2,0,5,1,4.4237,0.043,0.0007
2026-09-12 02:01:00,2,1,5,0,4.6048,0.041,0.0015
2026-09-12 02:02:00,2,2,5,0,7.3245,0.007,0.0007
2026-09-12 02:03:00,2,3,5,1,8.1196,0.001,0.0013
2026-09-12 02:04:00,2,4,5,1,6.0182,0.036,0.0017
2026-09-12 02:05:00,2,5,5,0,5.8345,0.015,0.0003
2026-09-12 02:06:00,2,6,5,0,4.3223,0.008,0.0004
2026-09-12 02:07:00,2,7,5,1,7.6884,0.033,0.0011
2026-09-12 02:08:00,2,8,5,0,5.1681,0.028,0.0005
2026-09-12 02:09:00,2,9,5,0,6.3001,0.023,0.0002
2026-09-12 02:10:00,2,10,5,0,8.9136,0.012,0.0001
2026-09-12 02:11:00,2,11,5,0,6.2545,0.003,0.0005
2026-09-12 02:12:00,2,12,5,0,9.4594,0.043,0.0001
2026-09-12 02:13:00,2,13,5,0,4.5223,0.003,0.0015
2026-09-12 02:14:00,2,14,5,1,9.0815,0.029,0.0
2026-09-12 02:15:00,2,15,5,0,6.9381,0.022,0.001
2026-09-12 02:16:00,2,16,5,0,9.0695,0.026,0.0005
2026-09-12 02:17:00,2,17,5,0,4.1065,0.019,0.002
2026-09-12 02:18:00,2,18,5,0,7.9001,0.02,0.0005
2026-09-12 02:19:00,2,19,5,0,6.2387,0.006,0.0001
2026-09-12 02:20:00,2,20,5,0,4.5736,0.005,0.002
2026-09-12 02:21:00,2,21,5,1,8.169,0.007,0.0014
2026-09-12 02:22:00,2,22,5,0,6.521,0.019,0.0011
2026-09-12 02:23:00,2,23,5,0,7.8061,0.027,0.0012
2026-09-12 02:24:00,2,24,5,0,4.0447,0.042,0.0005
2026-09-12 02:25:00,2,25,5,0,4.9423,0.023,0.0
2026-09-12 02:26:00,2,26,5,0,4.1153,0.022,0.0005
2026-09-12 02:27:00,2,27,5,0,5.027,0.028,0.0011
2026-09-12 02:28:00,2,28,5,0,8.4439,0.027,0.0008
2026-09-12 02:29:00,2,29,5,0,5.353,0.019,0.0014
2026-09-12 02:30:00,2,30,5,0,8.352,0.014,0.0012
2026-09-12 02:31:00,2,31,5,0,6.3035,0.002,0.0013
2026-09-12 02:32:00,2,32,5,0,8.693,0.011,0.0006
2026-09-12 02:33:00,2,33,5,0,6.5163,0.043,0.0005
2026-09-12 02:34:00,2,34,5,0,4.7032,0.009,0.0017
2026-09-12 02:35:00,2,35,5,0,4.2603,0.011,0.0019
2026-09-12 02:36:00,2,36,5,0,6.0511,0.029,0.0009
2026-09-12 02:37:00,2,37,5,1,9.1462,0.014,0.0005
2026-09-12 02:38:00,2,38,5,0,6.8244,0.0,0.0011
2026-09-12 02:39:00,2,39,5,1,8.496,0.007,0.0013
2026-09-12 02:40:00,2,40,5,0,7.4702,0.032,0.0
2026-09-12 02:41:00,2,41,5,0,4.5794,0.003,0.0004
2026-09-12 02:42:00,2,42,5,0,6.1783,0.006,0.001
2026-09-12 02:43:00,2,43,5,0,4.1772,0.039,0.0003
2026-09-12 02:44:00,2,44,5,0,5.7984,0.041,0.0014
2026-09-12 02:45:00,2,45,5,0,8.7687,0.005,0.0004
2026-09-12 02:46:00,2,46,5,0,7.1337,0.005,0.0011
2026-09-12 02:47:00,2,47,5,0,8.645,0.013,0.0019
2026-09-12 02:48:00,2,48,5,1,8.5945,0.014,0.0017
2026-09-12 02:49:00,2,49,5,0,8.6902,0.027,0.0015
2026-09-12 02:50:00,2,50,5,0,9.0387,0.034,0.0005
2026-09-12 02:51:00,2,51,5,0,6.398,0.014,0.0004
2026-09-12 02:52:00,2,52,5,1,7.0557,0.012,0.0002
2026-09-12 02:53:00,2,53,5,0,5.04,0.036,0.0006
2026-09-12 02:54:00,2,54,5,0,9.2159,0.002,0.0017
2026-09-12 02:55:00,2,55,5,1,7.0935,0.029,0.0005
2026-09-12 02:56:00,2,56,5,0,8.4592,0.015,0.0015
2026-09-12 02:57:00,2,57,5,0,7.413,0.044,0.0001
2026-09-12 02:58:00,2,58,5,1,8.1587,0.022,0.0019
2026-09-12 02:59:00,2,59,5,0,8.3777,0.021,0.0019
2026-09-12 03:00:00,3,0,5,0,8.6309,0.039,0.0004
2026-09-12 03:01:00,3,1,5,0,5.9233,0.02,0.0019
2026-09-12 03:02:00,3,2,5,0,8.0157,0.009,0.0006
2026-09-12 03:03:00,3,3,5,0,9.1833,0.014,0.0003
2026-09-12 03:04:00,3,4,5,0,8.8242,0.013,0.0005
2026-09-12 03:05:00,3,5,5,0,7.6291,0.038,0.0016
2026-09-12 03:06:00,3,6,5,0,7.9808,0.021,0.0002
2026-09-12 03:07:00,3,7,5,0,9.1915,0.035,0.0002
2026-09-12 03:08:00,3,8,5,0,8.373,0.04,0.0004
2026-09-12 03:09:00,3,9,5,0,6.2987,0.004,0.0004
2026-09-12 03:10:00,3,10,5,0,7.9994,0.031,0.0007
2026-09-12 03:11:00,3,11,5,0,4.5104,0.002,0.0009
2026-09-12 03:12:00,3,12,5,0,4.8966,0.029,0.0014
2026-09-12 03:13:00,3,13,5,0,6.6721,0.005,0.0015
2026-09-12 03:14:00,3,14,5,1,7.8723,0.029,0.0007
2026-09-12 03:15:00,3,15,5,0,7.4452,0.006,0.0019
2026-09-12 03:16:00,3,16,5,1,5.0349,0.029,0.0015
2026-09-12 03:17:00,3,17,5,0,7.1669,0.01,0.0015
2026-09-12 03:18:00,3,18,5,0,6.0063,0.028,0.0
2026-09-12 03:19:00,3,19,5,0,8.3711,0.044,0.0017
2026-09-12 03:20:00,3,20,5,0,6.6664,0.008,0.0019
2026-09-12 03:21:00,3,21,5,0,4.8232,0.004,0.0011
2026-09-12 03:22:00,3,22,5,0,7.6715,0.044,0.0007
2026-09-12 03:23:00,3,23,5,1,6.9935,0.038,0.0002
2026-09-12 03:24:00,3,24,5,0,5.9806,0.045,0.0008
2026-09-12 03:25:00,3,25,5,0,7.211,0.023,0.0003
2026-09-12 03:26:00,3,26,5,0,7.5288,0.013,0.0012
2026-09-12 03:27:00,3,27,5,0,8.0191,0.043,0.0016
2026-09-12 03:28:00,3,28,5,0,9.3442,0.028,0.0006
2026-09-12 03:29:00,3,29,5,0,8.2375,0.018,0.002
2026-09-12 03:30:00,3,30,5,0,5.7539,0.042,0.0005
2026-09-12 03:31:00,3,31,5,0,4.0089,0.023,0.0018
2026-09-12 03:32:00,3,32,5,0,8.7306,0.005,0.0015
2026-09-12 03:33:00,3,33,5,0,4.5877,0.024,0.0008
2026-09-12 03:34:00,3,34,5,1,8.5677,0.006,0.0008
2026-09-12 03:35:00,3,35,5,0,9.0995,0.033,0.0018
2026-09-12 03:36:00,3,36,5,0,7.8751,0.017,0.002
2026-09-12 03:37:00,3,37,5,0,4.7352,0.044,0.0002
2026-09-12 03:38:00,3,38,5,0,6.4743,0.017,0.0005
2026-09-12 03:39:00,3,39,5,0,9.4773,0.003,0.0001
2026-09-12 03:40:00,3,40,5,0,8.1505,0.036,0.002
2026-09-12 03:41:00,3,41,5,0,7.4044,0.005,0.0006
2026-09-12 03:42:00,3,42,5,0,4.0947,0.014,0.0004
2026-09-12 03:43:00,3,43,5,0,6.3061,0.035,0.0001
2026-09-12 03:44:00,3,44,5,0,4.393,0.02,0.0013
2026-09-12 03:45:00,3,45,5,0,7.6937,0.015,0.0005
2026-09-12 03:46:00,3,46,5,0,6.7816,0.027,0.0011
2026-09-12 03:47:00,3,47,5,0,8.7408,0.028,0.0019
2026-09-12 03:48:00,3,48,5,0,7.549,0.013,0.0003
2026-09-12 03:49:00,3,49,5,0,7.566,0.005,0.002
2026-09-12 03:50:00,3,50,5,0,7.6968,0.015,0.0017
2026-09-12 03:51:00,3,51,5,1,6.8383,0.036,0.0007
2026-09-12 03:52:00,3,52,5,0,6.0852,0.009,0.0013
2026-09-12 03:53:00,3,53,5,0,4.5482,0.029,0.0001
2026-09-12 03:54:00,3,54,5,0,5.9265,0.005,0.0008
2026-09-12 03:55:00,3,55,5,0,5.9465,0.007,0.001
2026-09-12 03:56:00,3,56,5,1,8.5338,0.037,0.0002
2026-09-12 03:57:00,3,57,5,0,7.4805,0.009,0.0005
2026-09-12 03:58:00,3,58,5,0,5.9144,0.005,0.0007
2026-09-12 03:59:00,3,59,5,0,6.1516,0.029,0.0012
2026-09-12 04:00:00,4,0,5,1,5.5395,0.042,0.0019
2026-09-12 04:01:00,4,1,5,0,7.6397,0.003,0.0016
2026-09-12 04:02:00,4,2,5,0,8.3847,0.015,0.0013
2026-09-12 04:03:00,4,3,5,0,5.5434,0.009,0.0007
2026-09-12 04:04:00,4,4,5,0,5.9823,0.036,0.0009
2026-09-12 04:05:00,4,5,5,0,5.6535,0.003,0.0013
2026-09-12 04:06:00,4,6,5,1,8.212,0.021,0.0016
2026-09-12 04:07:00,4,7,5,0,6.4033,0.013,0.0013
2026-09-12 04:08:00,4,8,5,0,4.688,0.043,0.0012
2026-09-12 04:09:00,4,9,5,0,9.4942,0.009,0.0014
2026-09-12 04:10:00,4,10,5,0,4.9937,0.026,0.0014
2026-09-12 04:11:00,4,11,5,0,7.6316,0.025,0.0012
2026-09-12 04:12:00,4,12,5,0,5.2276,0.029,0.001
2026-09-12 04:13:00,4,13,5,1,4.2664,0.003,0.0006
2026-09-12 04:14:00,4,14,5,0,7.9858,0.027,0.0001
2026-09-12 04:15:00,4,15,5,0,5.3906,0.007,0.0016
2026-09-12 04:16:00,4,16,5,0,8.7738,0.031,0.0018
2026-09-12 04:17:00,4,17,5,0,9.4324,0.007,0.0007
2026-09-12 04:18:00,4,18,5,0,4.9847,0.024,0.0012
2026-09-12 04:19:00,4,19,5,0,7.6269,0.041,0.0003
2026-09-12 04:20:00,4,20,5,0,5.0129,0.014,0.0011
2026-09-12 04:21:00,4,21,5,0,5.5617,0.025,0.0019
2026-09-12 04:22:00,4,22,5,0,8.0118,0.017,0.001
2026-09-12 04:23:00,4,23,5,0,6.8496,0.004,0.0006
2026-09-12 04:24:00,4,24,5,0,6.9223,0.028,0.002
2026-09-12 04:25:00,4,25,5,0,6.3701,0.017,0.0008
2026-09-12 04:26:00,4,26,5,0,5.1942,0.031,0.0017
2026-09-12 04:27:00,4,27,5,0,6.9389,0.013,0.0015
2026-09-12 04:28:00,4,28,5,0,4.7921,0.002,0.0009
2026-09-12 04:29:00,4,29,5,0,6.8136,0.041,0.0008
2026-09-12 04:30:00,4,30,5,0,5.1713,0.029,0.0018
2026-09-12 04:31:00,4,31,5,1,6.7805,0.044,0.0001
2026-09-12 04:32:00,4,32,5,0,6.1228,0.035,0.0014
2026-09-12 04:33:00,4,33,5,1,8.988,0.042,0.0006
2026-09-12 04:34:00,4,34,5,0,7.0491,0.006,0.0009
2026-09-12 04:35:00,4,35,5,0,7.9658,0.023,0.0011
2026-09-12 04:36:00,4,36,5,0,8.7325,0.017,0.0018
2026-09-12 04:37:00,4,37,5,0,9.2468,0.008,0.0018
2026-09-12 04:38:00,4,38,5,0,4.863,0.015,0.0008
2026-09-12 04:39:00,4,39,5,0,8.8324,0.014,0.0003
2026-09-12 04:40:00,4,40,5,1,8.6175,0.027,0.001
2026-09-12 04:41:00,4,41,5,0,4.5516,0.016,0.0009
2026-09-12 04:42:00,4,42,5,0,6.3168,0.043,0.0017
2026-09-12 04:43:00,4,43,5,0,8.3893,0.022,0.0002
2026-09-12 04:44:00,4,44,5,0,6.7038,0.003,0.001
2026-09-12 04:45:00,4,45,5,0,8.8396,0.043,0.0008
2026-09-12 04:46:00,4,46,5,0,5.8912,0.04,0.0004
2026-09-12 04:47:00,4,47,5,0,8.9516,0.01,0.0007
2026-09-12 04:48:00,4,48,5,0,9.2989,0.015,0.0001
2026-09-12 04:49:00,4,49,5,0,5.9768,0.031,0.0008
2026-09-12 04:50:00,4,50,5,1,8.1353,0.013,0.0004
2026-09-12 04:51:00,4,51,5,0,8.8039,0.005,0.0009
2026-09-12 04:52:00,4,52,5,0,6.0579,0.014,0.0002
2026-09-12 04:53:00,4,53,5,0,6.5545,0.032,0.0007
2026-09-12 04:54:00,4,54,5,0,4.3918,0.012,0.0006
2026-09-12 04:55:00,4,55,5,0,6.8514,0.039,0.0
2026-09-12 04:56:00,4,56,5,0,8.4509,0.004,0.0001
2026-09-12 04:57:00,4,57,5,0,8.8707,0.011,0.0007
2026-09-12 04:58:00,4,58,5,0,5.54,0.001,0.0009
2026-09-12 04:59:00,4,59,5,0,7.3246,0.0,0.0003
2026-09-12 05:00:00,5,0,5,0,7.4293,0.041,0.0002
2026-09-12 05:01:00,5,1,5,0,9.2039,0.012,0.002
2026-09-12 05:02:00,5,2,5,0,8.5627,0.039,0.0018
2026-09-12 05:03:00,5,3,5,0,5.1372,0.024,0.0001
2026-09-12 05:04:00,5,4,5,0,7.9413,0.034,0.0017
2026-09-12 05:05:00,5,5,5,0,6.1489,0.02,0.0013
2026-09-12 05:06:00,5,6,5,0,6.4646,0.031,0.0004
2026-09-12 05:07:00,5,7,5,0,4.5135,0.036,0.0012
2026-09-12 05:08:00,5,8,5,0,5.4161,0.017,0.0008
2026-09-12 05:09:00,5,9,5,0,7.8002,0.02,0.0003
2026-09-12 05:10:00,5,10,5,0,6.1698,0.032,0.0002
2026-09-12 05:11:00,5,11,5,0,4.073,0.018,0.0003
2026-09-12 05:12:00,5,12,5,0,6.3599,0.003,0.0011
2026-09-12 05:13:00,5,13,5,0,6.5102,0.03,0.0007
2026-09-12 05:14:00,5,14,5,0,5.112,0.019,0.001
2026-09-12 05:15:00,5,15,5,0,5.5156,0.017,0.0011
2026-09-12 05:16:00,5,16,5,0,5.6846,0.035,0.0002
2026-09-12 05:17:00,5,17,5,0,5.7286,0.006,0.0011
2026-09-12 05:18:00,5,18,5,0,4.6611,0.028,0.0004
2026-09-12 05:19:00,5,19,5,0,5.6435,0.006,0.0006
2026-09-12 05:20:00,5,20,5,0,7.4042,0.03,0.0011
2026-09-12 05:21:00,5,21,5,0,8.8494,0.032,0.0012
2026-09-12 05:22:00,5,22,5,0,8.1472,0.035,0.001
2026-09-12 05:23:00,5,23,5,0,6.4843,0.033,0.0018
2026-09-12 05:24:00,5,24,5,0,4.8023,0.03,0.0013
2026-09-12 05:25:00,5,25,5,0,7.1922,0.04,0.0002
2026-09-12 05:26:00,5,26,5,0,4.3775,0.033,0.002
2026-09-12 05:27:00,5,27,5,0,7.3173,0.017,0.0016
2026-09-12 05:28:00,5,28,5,0,6.6529,0.002,0.0004
2026-09-12 05:29:00,5,29,5,0,6.2683,0.021,0.0013
2026-09-12 05:30:00,5,30,5,0,6.4449,0.008,0.0011
2026-09-12 05:31:00,5,31,5,0,5.3711,0.012,0.0012
2026-09-12 05:32:00,5,32,5,0,4.9333,0.032,0.0012
2026-09-12 05:33:00,5,33,5,0,6.4893,0.005,0.0002
2026-09-12 05:34:00,5,34,5,0,4.6037,0.04,0.0002
2026-09-12 05:35:00,5,35,5,0,5.3618,0.023,0.0002
2026-09-12 05:36:00,5,36,5,0,6.106,0.029,0.0011
2026-09-12 05:37:00,5,37,5,1,8.1396,0.043,0.0014
2026-09-12 05:38:00,5,38,5,0,7.3672,0.032,0.0002
2026-09-12 05:39:00,5,39,5,1,6.9372,0.042,0.0011
2026-09-12 05:40:00,5,40,5,0,9.0117,0.012,0.0003
2026-09-12 05:41:00,5,41,5,0,5.5197,0.033,0.0009
2026-09-12 05:42:00,5,42,5,0,7.1541,0.013,0.0008
2026-09-12 05:43:00,5,43,5,0,8.2973,0.024,0.0012
2026-09-12 05:44:00,5,44,5,0,7.8627,0.004,0.0006
2026-09-12 05:45:00,5,45,5,0,7.2744,0.023,0.0004
2026-09-12 05:46:00,5,46,5,0,4.1885,0.012,0.0006
2026-09-12 05:47:00,5,47,5,0,7.1325,0.005,0.002
2026-09-12 05:48:00,5,48,5,0,7.9813,0.031,0.0001
2026-09-12 05:49:00,5,49,5,0,5.9081,0.043,0.0015
2026-09-12 05:50:00,5,50,5,0,6.9548,0.044,0.0013
2026-09-12 05:51:00,5,51,5,0,8.1605,0.005,0.0014
2026-09-12 05:52:00,5,52,5,0,8.2782,0.021,0.0006
2026-09-12 05:53:00,5,53,5,0,4.3825,0.007,0.0
2026-09-12 05:54:00,5,54,5,0,7.1659,0.035,0.0009
2026-09-12 05:55:00,5,55,5,0,7.425,0.017,0.0001
2026-09-12 05:56:00,5,56,5,0,7.7089,0.021,0.0004
2026-09-12 05:57:00,5,57,5,1,5.1158,0.011,0.0016
2026-09-12 05:58:00,5,58,5,1,4.7381,0.02,0.0018
2026-09-12 05:59:00,5,59,5,0,8.8475,0.04,0.0
2026-09-12 06:00:00,6,0,5,0,7.7508,0.035,0.0018
2026-09-12 06:01:00,6,1,5,0,7.1453,0.006,0.0014
2026-09-12 06:02:00,6,2,5,1,7.2322,0.019,0.0002
2026-09-12 06:03:00,6,3,5,0,8.4189,0.038,0.0016
2026-09-12 06:04:00,6,4,5,0,5.4243,0.019,0.0005
2026-09-12 06:05:00,6,5,5,0,6.7603,0.042,0.0007
2026-09-12 06:06:00,6,6,5,0,7.7166,0.042,0.0019
2026-09-12 06:07:00,6,7,5,0,4.9135,0.009,0.0006
2026-09-12 06:08:00,6,8,5,0,5.4237,0.04,0.0019
2026-09-12 06:09:00,6,9,5,0,5.3298,0.02,0.001
2026-09-12 06:10:00,6,10,5,0,4.494,0.038,0.0002
2026-09-12 06:11:00,6,11,5,0,6.244,0.014,0.0014
2026-09-12 06:12:00,6,12,5,0,6.3825,0.024,0.0006
2026-09-12 06:13:00,6,13,5,0,6.4616,0.041,0.0002
2026-09-12 06:14:00,6,14,5,0,8.9353,0.034,0.0011
2026-09-12 06:15:00,6,15,5,0,6.2827,0.032,0.0011
2026-09-12 06:16:00,6,16,5,0,8.5313,0.039,0.0013
2026-09-12 06:17:00,6,17,5,0,4.8669,0.017,0.001
2026-09-12 06:18:00,6,18,5,0,7.7966,0.014,0.0003
2026-09-12 06:19:00,6,19,5,0,6.5712,0.005,0.0013
2026-09-12 06:20:00,6,20,5,0,7.3477,0.001,0.0013
2026-09-12 06:21:00,6,21,5,0,5.4751,0.043,0.0002
2026-09-12 06:22:00,6,22,5,0,7.7764,0.027,0.0003
2026-09-12 06:23:00,6,23,5,1,5.6815,0.028,0.0014
2026-09-12 06:24:00,6,24,5,0,7.6674,0.007,0.0011
2026-09-12 06:25:00,6,25,5,0,9.0097,0.005,0.0011
2026-09-12 06:26:00,6,26,5,0,6.9533,0.025,0.0015
2026-09-12 06:27:00,6,27,5,0,6.6884,0.02,0.0003
2026-09-12 06:28:00,6,28,5,0,7.0858,0.032,0.0012
2026-09-12 06:29:00,6,29,5,0,4.5084,0.01,0.0014
2026-09-12 06:30:00,6,30,5,0,8.3243,0.019,0.0002
2026-09-12 06:31:00,6,31,5,0,7.3767,0.041,0.0016
2026-09-12 06:32:00,6,32,5,1,6.1339,0.004,0.0007
2026-09-12 06:33:00,6,33,5,1,7.3746,0.025,0.0005
2026-09-12 06:34:00,6,34,5,0,6.6131,0.045,0.0014
2026-09-12 06:35:00,6,35,5,0,7.0782,0.022,0.0005
2026-09-12 06:36:00,6,36,5,1,8.4421,0.008,0.0009
2026-09-12 06:37:00,6,37,5,1,7.7646,0.018,0.0003
2026-09-12 06:38:00,6,38,5,1,8.9464,0.028,0.0019
2026-09-12 06:39:00,6,39,5,0,7.3128,0.011,0.0008
2026-09-12 06:40:00,6,40,5,1,4.8664,0.002,0.0018
2026-09-12 06:41:00,6,41,5,0,5.8451,0.017,0.0016
2026-09-12 06:42:00,6,42,5,0,8.5689,0.002,0.0002
2026-09-12 06:43:00,6,43,5,0,7.9696,0.036,0.0013
2026-09-12 06:44:00,6,44,5,0,9.1968,0.001,0.0009
2026-09-12 06:45:00,6,45,5,0,5.4838,0.014,0.0012
2026-09-12 06:46:00,6,46,5,0,9.4708,0.03,0.0009
2026-09-12 06:47:00,6,47,5,0,8.4878,0.042,0.0016
2026-09-12 06:48:00,6,48,5,0,9.0051,0.026,0.0001
2026-09-12 06:49:00,6,49,5,0,6.7753,0.001,0.0009
2026-09-12 06:50:00,6,50,5,0,8.8043,0.028,0.001
2026-09-12 06:51:00,6,51,5,0,7.1111,0.006,0.0003
2026-09-12 06:52:00,6,52,5,1,7.9091,0.028,0.0012
2026-09-12 06:53:00,6,53,5,0,8.7061,0.013,0.0009
2026-09-12 06:54:00,6,54,5,0,7.9861,0.03,0.0014
2026-09-12 06:55:00,6,55,5,0,8.8314,0.023,0.0005
2026-09-12 06:56:00,6,56,5,0,5.3792,0.034,0.0016
2026-09-12 06:57:00,6,57,5,0,6.2651,0.005,0.0011
2026-09-12 06:58:00,6,58,5,0,6.385,0.022,0.0009
2026-09-12 06:59:00,6,59,5,1,7.7008,0.016,0.0006
2026-09-12 07:00:00,7,0,5,0,5.3683,0.019,0.0007
2026-09-12 07:01:00,7,1,5,0,6.7268,0.023,0.001
2026-09-12 07:02:00,7,2,5,0,7.9414,0.009,0.0005
2026-09-12 07:03:00,7,3,5,0,8.332,0.003,0.0004
2026-09-12 07:04:00,7,4,5,0,7.1287,0.029,0.0014
2026-09-12 07:05:00,7,5,5,0,6.1228,0.009,0.0009
2026-09-12 07:06:00,7,6,5,0,7.1273,0.014,0.0003
2026-09-12 07:07:00,7,7,5,0,9.0319,0.013,0.0019
2026-09-12 07:08:00,7,8,5,0,4.8526,0.009,0.0005
2026-09-12 07:09:00,7,9,5,0,6.1809,0.031,0.002
2026-09-12 07:10:00,7,10,5,0,9.0367,0.02,0.0012
2026-09-12 07:11:00,7,11,5,1,4.0448,0.034,0.0011
2026-09-12 07:12:00,7,12,5,0,9.0278,0.031,0.0005
2026-09-12 07:13:00,7,13,5,0,6.9237,0.043,0.0008
2026-09-12 07:14:00,7,14,5,0,7.8604,0.015,0.0005
2026-09-12 07:15:00,7,15,5,0,7.973,0.032,0.0014
2026-09-12 07:16:00,7,16,5,0,6.666,0.015,0.0009
2026-09-12 07:17:00,7,17,5,0,6.7672,0.027,0.0006
2026-09-12 07:18:00,7,18,5,0,8.0308,0.027,0.0002
2026-09-12 07:19:00,7,19,5,0,5.0749,0.032,0.0014
2026-09-12 07:20:00,7,20,5,0,8.0804,0.031,0.0008
2026-09-12 07:21:00,7,21,5,1,9.1486,0.004,0.0017
2026-09-12 07:22:00,7,22,5,0,7.8335,0.039,0.0018
2026-09-12 07:23:00,7,23,5,1,5.4323,0.036,0.0
2026-09-12 07:24:00,7,24,5,0,8.586,0.012,0.0
2026-09-12 07:25:00,7,25,5,1,8.9981,0.014,0.0005
2026-09-12 07:26:00,7,26,5,0,5.867,0.041,0.0005
2026-09-12 07:27:00,7,27,5,1,4.1901,0.009,0.0015
2026-09-12 07:28:00,7,28,5,1,6.2537,0.014,0.0006
2026-09-12 07:29:00,7,29,5,0,7.2176,0.036,0.0008
2026-09-12 07:30:00,7,30,5,0,7.0349,0.019,0.0013
2026-09-12 07:31:00,7,31,5,0,6.7283,0.01,0.0016
2026-09-12 07:32:00,7,32,5,0,7.7873,0.034,0.0018
2026-09-12 07:33:00,7,33,5,0,5.0492,0.042,0.0013
2026-09-12 07:34:00,7,34,5,0,8.9079,0.007,0.0013
2026-09-12 07:35:00,7,35,5,0,6.9357,0.021,0.0006
2026-09-12 07:36:00,7,36,5,0,5.7565,0.004,0.0017
2026-09-12 07:37:00,7,37,5,0,8.7856,0.012,0.0016
2026-09-12 07:38:00,7,38,5,0,8.4112,0.04,0.0011
2026-09-12 07:39:00,7,39,5,0,7.9758,0.036,0.0008
2026-09-12 07:40:00,7,40,5,0,4.6938,0.027,0.0011
2026-09-12 07:41:00,7,41,5,0,4.3302,0.02,0.0012
2026-09-12 07:42:00,7,42,5,0,8.4796,0.03,0.0018
2026-09-12 07:43:00,7,43,5,0,8.4779,0.017,0.0018
2026-09-12 07:44:00,7,44,5,0,9.0886,0.016,0.001
2026-09-12 07:45:00,7,45,5,0,7.2447,0.004,0.0011
2026-09-12 07:46:00,7,46,5,0,4.342,0.014,0.0009
2026-09-12 07:47:00,7,47,5,0,7.6456,0.032,0.0019
2026-09-12 07:48:00,7,48,5,0,8.1652,0.036,0.002
2026-09-12 07:49:00,7,49,5,0,5.7349,0.009,0.0012
2026-09-12 07:50:00,7,50,5,0,6.0294,0.029,0.0017
2026-09-12 07:51:00,7,51,5,0,4.1627,0.008,0.0003
2026-09-12 07:52:00,7,52,5,0,7.2146,0.003,0.0011
2026-09-12 07:53:00,7,53,5,0,4.9047,0.027,0.0006
2026-09-12 07:54:00,7,54,5,0,6.4493,0.008,0.0013
2026-09-12 07:55:00,7,55,5,1,6.7255,0.002,0.0002
2026-09-12 07:56:00,7,56,5,0,6.9209,0.025,0.0011
2026-09-12 07:57:00,7,57,5,0,7.7219,0.043,0.0017
2026-09-12 07:58:00,7,58,5,0,4.6943,0.032,0.0013
2026-09-12 07:59:00,7,59,5,1,8.5358,0.031,0.0002
2026-09-12 08:00:00,8,0,5,0,7.5626,0.045,0.0013
2026-09-12 08:01:00,8,1,5,0,4.597,0.045,0.0013
2026-09-12 08:02:00,8,2,5,0,5.6567,0.002,0.001
2026-09-12 08:03:00,8,3,5,1,5.7076,0.016,0.0008
2026-09-12 08:04:00,8,4,5,0,6.621,0.017,0.0016
2026-09-12 08:05:00,8,5,5,0,4.728,0.039,0.0013
2026-09-12 08:06:00,8,6,5,0,8.7983,0.04,0.0018
2026-09-12 08:07:00,8,7,5,0,6.7058,0.0,0.0013
2026-09-12 08:08:00,8,8,5,0,6.2623,0.01,0.0004
2026-09-12 08:09:00,8,9,5,0,7.5526,0.031,0.0005
2026-09-12 08:10:00,8,10,5,0,8.8757,0.019,0.0008
2026-09-12 08:11:00,8,11,5,0,6.5853,0.041,0.0004
2026-09-12 08:12:00,8,12,5,0,6.2799,0.044,0.0006
2026-09-12 08:13:00,8,13,5,0,4.0239,0.031,0.001
2026-09-12 08:14:00,8,14,5,1,7.5355,0.028,0.001
2026-09-12 08:15:00,8,15,5,0,7.8754,0.032,0.0018
2026-09-12 08:16:00,8,16,5,0,8.3605,0.011,0.0016
2026-09-12 08:17:00,8,17,5,0,5.8976,0.03,0.0011
2026-09-12 08:18:00,8,18,5,0,7.3586,0.019,0.0011
2026-09-12 08:19:00,8,19,5,0,5.249,0.006,0.0006
2026-09-12 08:20:00,8,20,5,0,8.9654,0.001,0.0006
2026-09-12 08:21:00,8,21,5,0,9.0134,0.031,0.0016
2026-09-12 08:22:00,8,22,5,0,4.4347,0.043,0.0012
2026-09-12 08:23:00,8,23,5,0,5.0853,0.043,0.0014
2026-09-12 08:24:00,8,24,5,0,8.999,0.0,0.0003
2026-09-12 08:25:00,8,25,5,0,8.3293,0.006,0.0014
2026-09-12 08:26:00,8,26,5,0,7.6119,0.044,0.0012
2026-09-12 08:27:00,8,27,5,1,4.4165,0.025,0.0001
2026-09-12 08:28:00,8,28,5,0,7.6512,0.037,0.0002
2026-09-12 08:29:00,8,29,5,0,5.6018,0.019,0.0006
2026-09-12 08:30:00,8,30,5,0,7.106,0.012,0.0014
2026-09-12 08:31:00,8,31,5,0,8.8725,0.013,0.0014
2026-09-12 08:32:00,8,32,5,0,7.3266,0.012,0.0001
2026-09-12 08:33:00,8,33,5,0,9.011,0.032,0.0012
2026-09-12 08:34:00,8,34,5,0,9.2267,0.01,0.0014
2026-09-12 08:35:00,8,35,5,0,4.6994,0.01,0.0003
2026-09-12 08:36:00,8,36,5,1,5.3275,0.013,0.0008
2026-09-12 08:37:00,8,37,5,0,8.1969,0.023,0.0003
2026-09-12 08:38:00,8,38,5,0,7.4729,0.018,0.0012
2026-09-12 08:39:00,8,39,5,0,7.3591,0.01,0.0016
2026-09-12 08:40:00,8,40,5,1,7.4579,0.016,0.0008
2026-09-12 08:41:00,8,41,5,1,9.3678,0.036,0.0015
2026-09-12 08:42:00,8,42,5,0,5.1591,0.022,0.0015
2026-09-12 08:43:00,8,43,5,1,7.0825,0.011,0.0005
2026-09-12 08:44:00,8,44,5,0,7.0445,0.01,0.0002
2026-09-12 08:45:00,8,45,5,0,8.8551,0.009,0.0008
2026-09-12 08:46:00,8,46,5,0,9.1719,0.021,0.002
2026-09-12 08:47:00,8,47,5,0,8.0845,0.017,0.0019
2026-09-12 08:48:00,8,48,5,0,8.9638,0.023,0.0016
2026-09-12 08:49:00,8,49,5,0,7.2334,0.04,0.0008
2026-09-12 08:50:00,8,50,5,0,9.2503,0.044,0.0009
2026-09-12 08:51:00,8,51,5,0,8.3353,0.015,0.001
2026-09-12 08:52:00,8,52,5,0,5.8146,0.007,0.0017
2026-09-12 08:53:00,8,53,5,0,8.8977,0.028,0.0007
2026-09-12 08:54:00,8,54,5,0,7.2762,0.022,0.0018
2026-09-12 08:55:00,8,55,5,0,6.9013,0.026,0.001
2026-09-12 08:56:00,8,56,5,0,5.6239,0.033,0.0016
2026-09-12 08:57:00,8,57,5,0,4.9622,0.011,0.0012
2026-09-12 08:58:00,8,58,5,0,5.516,0.01,0.0014
2026-09-12 08:59:00,8,59,5,0,6.1596,0.028,0.0003
2026-09-12 09:00:00,9,0,5,0,6.6323,0.016,0.0008
2026-09-12 09:01:00,9,1,5,0,4.8198,0.02,0.0001
2026-09-12 09:02:00,9,2,5,0,6.55,0.029,0.0015
2026-09-12 09:03:00,9,3,5,0,8.3601,0.026,0.0009
2026-09-12 09:04:00,9,4,5,0,8.0581,0.003,0.0013
2026-09-12 09:05:00,9,5,5,0,4.636,0.008,0.0005
2026-09-12 09:06:00,9,6,5,0,5.722,0.017,0.0001
2026-09-12 09:07:00,9,7,5,0,8.7612,0.042,0.0019
2026-09-12 09:08:00,9,8,5,0,8.2318,0.031,0.0018
2026-09-12 09:09:00,9,9,5,0,5.3266,0.019,0.0016
2026-09-12 09:10:00,9,10,5,0,7.6128,0.001,0.0006
2026-09-12 09:11:00,9,11,5,0,8.7573,0.021,0.0008
2026-09-12 09:12:00,9,12,5,0,7.9889,0.009,0.0003
2026-09-12 09:13:00,9,13,5,0,4.3979,0.007,0.0009
2026-09-12 09:14:00,9,14,5,0,7.5487,0.007,0.0019
2026-09-12 09:15:00,9,15,5,0,4.6149,0.011,0.0016
2026-09-12 09:16:00,9,16,5,0,5.2525,0.029,0.0018
2026-09-12 09:17:00,9,17,5,0,5.9135,0.044,0.0017
2026-09-12 09:18:00,9,18,5,0,8.016,0.039,0.0018
2026-09-12 09:19:00,9,19,5,0,8.135,0.015,0.0001
2026-09-12 09:20:00,9,20,5,0,5.4043,0.001,0.0003
2026-09-12 09:21:00,9,21,5,0,5.2151,0.029,0.0019
2026-09-12 09:22:00,9,22,5,0,8.0449,0.014,0.0015
2026-09-12 09:23:00,9,23,5,0,7.7072,0.004,0.0017
2026-09-12 09:24:00,9,24,5,0,8.6867,0.036,0.0008
2026-09-12 09:25:00,9,25,5,0,5.9773,0.008,0.0002
2026-09-12 09:26:00,9,26,5,0,7.608,0.004,0.0018
2026-09-12 09:27:00,9,27,5,0,9.3875,0.009,0.0017
2026-09-12 09:28:00,9,28,5,0,7.721,0.016,0.0013
2026-09-12 09:29:00,9,29,5,0,6.8548,0.025,0.0018
2026-09-12 09:30:00,9,30,5,0,9.2988,0.009,0.0008
2026-09-12 09:31:00,9,31,5,0,4.957,0.001,0.0004
2026-09-12 09:32:00,9,32,5,0,5.7484,0.026,0.0001
2026-09-12 09:33:00,9,33,5,0,4.9027,0.012,0.001
2026-09-12 09:34:00,9,34,5,1,6.9707,0.017,0.0007
2026-09-12 09:35:00,9,35,5,0,7.6195,0.012,0.0007
2026-09-12 09:36:00,9,36,5,0,9.1342,0.03,0.0004
2026-09-12 09:37:00,9,37,5,0,5.2184,0.011,0.0006
2026-09-12 09:38:00,9,38,5,1,5.1116,0.006,0.0002
2026-09-12 09:39:00,9,39,5,0,6.6541,0.03,0.0011
2026-09-12 09:40:00,9,40,5,0,6.6525,0.015,0.0007
2026-09-12 09:41:00,9,41,5,1,6.4629,0.002,0.0011
2026-09-12 09:42:00,9,42,5,0,9.3873,0.022,0.0014
2026-09-12 09:43:00,9,43,5,0,8.1319,0.023,0.0001
2026-09-12 09:44:00,9,44,5,0,7.218,0.032,0.0012
2026-09-12 09:45:00,9,45,5,0,6.6948,0.045,0.0014
2026-09-12 09:46:00,9,46,5,0,4.7676,0.005,0.0019
2026-09-12 09:47:00,9,47,5,0,5.7079,0.017,0.0015
2026-09-12 09:48:00,9,48,5,1,4.2786,0.008,0.0013
2026-09-12 09:49:00,9,49,5,1,9.0223,0.028,0.0018
2026-09-12 09:50:00,9,50,5,0,7.8247,0.039,0.001
2026-09-12 09:51:00,9,51,5,0,6.0978,0.043,0.0013
2026-09-12 09:52:00,9,52,5,0,5.2799,0.034,0.001
2026-09-12 09:53:00,9,53,5,0,8.6811,0.032,0.002
2026-09-12 09:54:00,9,54,5,0,7.2378,0.043,0.0005
2026-09-12 09:55:00,9,55,5,0,6.9182,0.018,0.0019
2026-09-12 09:56:00,9,56,5,0,6.3784,0.031,0.001
2026-09-12 09:57:00,9,57,5,0,6.7259,0.011,0.0015
2026-09-12 09:58:00,9,58,5,0,4.3786,0.033,0.0003
2026-09-12 09:59:00,9,59,5,1,8.7242,0.041,0.0006
2026-09-12 10:00:00,10,0,5,0,7.6792,0.007,0.0008
2026-09-12 10:01:00,10,1,5,0,6.2925,0.004,0.0015
2026-09-12 10:02:00,10,2,5,1,5.8343,0.002,0.0013
2026-09-12 10:03:00,10,3,5,0,6.0628,0.002,0.0017
2026-09-12 10:04:00,10,4,5,1,4.4135,0.039,0.0014
2026-09-12 10:05:00,10,5,5,0,4.9261,0.016,0.0001
2026-09-12 10:06:00,10,6,5,0,7.6132,0.017,0.0014
2026-09-12 10:07:00,10,7,5,0,4.036,0.02,0.0003
2026-09-12 10:08:00,10,8,5,0,8.8298,0.027,0.0001
2026-09-12 10:09:00,10,9,5,0,5.1491,0.035,0.0002
2026-09-12 10:10:00,10,10,5,0,7.8159,0.035,0.0013
2026-09-12 10:11:00,10,11,5,1,7.3593,0.016,0.0009
2026-09-12 10:12:00,10,12,5,0,6.5324,0.045,0.0007
2026-09-12 10:13:00,10,13,5,0,5.6663,0.004,0.0002
2026-09-12 10:14:00,10,14,5,0,6.576,0.035,0.0014
2026-09-12 10:15:00,10,15,5,0,8.7404,0.028,0.0005
2026-09-12 10:16:00,10,16,5,1,5.3541,0.024,0.0009
2026-09-12 10:17:00,10,17,5,1,9.1325,0.036,0.0011
2026-09-12 10:18:00,10,18,5,0,5.1532,0.011,0.001
2026-09-12 10:19:00,10,19,5,0,5.5402,0.041,0.0011
2026-09-12 10:20:00,10,20,5,0,4.8544,0.019,0.0007
2026-09-12 10:21:00,10,21,5,0,4.7062,0.012,0.0008
2026-09-12 10:22:00,10,22,5,0,4.6446,0.015,0.0014
2026-09-12 10:23:00,10,23,5,0,7.613,0.016,0.0013
2026-09-12 10:24:00,10,24,5,0,8.1061,0.042,0.0005
2026-09-12 10:25:00,10,25,5,0,5.1502,0.03,0.0015
2026-09-12 10:26:00,10,26,5,1,5.4417,0.021,0.0004
2026-09-12 10:27:00,10,27,5,0,6.9913,0.019,0.0017
2026-09-12 10:28:00,10,28,5,0,8.7488,0.019,0.0001
2026-09-12 10:29:00,10,29,5,0,7.9094,0.006,0.0006
2026-09-12 10:30:00,10,30,5,0,6.0844,0.029,0.0003
2026-09-12 10:31:00,10,31,5,0,9.1516,0.022,0.0005
2026-09-12 10:32:00,10,32,5,0,7.8061,0.04,0.001
2026-09-12 10:33:00,10,33,5,0,4.4804,0.006,0.0015
2026-09-12 10:34:00,10,34,5,0,9.1393,0.042,0.0019
2026-09-12 10:35:00,10,35,5,1,4.6857,0.002,0.0003
2026-09-12 10:36:00,10,36,5,1,8.3172,0.044,0.0
2026-09-12 10:37:00,10,37,5,0,6.1803,0.012,0.0009
2026-09-12 10:38:00,10,38,5,0,4.7042,0.01,0.0013
2026-09-12 10:39:00,10,39,5,0,5.8629,0.003,0.0004
2026-09-12 10:40:00,10,40,5,0,6.5364,0.02,0.0008
2026-09-12 10:41:00,10,41,5,0,5.0636,0.014,0.0005
2026-09-12 10:42:00,10,42,5,0,4.2402,0.042,0.0019
2026-09-12 10:43:00,10,43,5,0,4.7869,0.036,0.0018
2026-09-12 10:44:00,10,44,5,0,4.6174,0.013,0.0
2026-09-12 10:45:00,10,45,5,0,8.3237,0.01,0.0002
2026-09-12 10:46:00,10,46,5,0,4.8071,0.024,0.0003
2026-09-12 10:47:00,10,47,5,0,6.5523,0.001,0.0013
2026-09-12 10:48:00,10,48,5,0,6.2041,0.029,0.0014
2026-09-12 10:49:00,10,49,5,0,5.1883,0.01,0.0
2026-09-12 10:50:00,10,50,5,0,4.9269,0.008,0.0009
2026-09-12 10:51:00,10,51,5,0,4.1357,0.025,0.0013
2026-09-12 10:52:00,10,52,5,0,6.083,0.006,0.0019
2026-09-12 10:53:00,10,53,5,1,4.9038,0.013,0.0018
2026-09-12 10:54:00,10,54,5,0,4.6029,0.036,0.0013
2026-09-12 10:55:00,10,55,5,1,5.3933,0.029,0.0017
2026-09-12 10:56:00,10,56,5,0,5.009,0.033,0.0002
2026-09-12 10:57:00,10,57,5,0,8.9402,0.011,0.0015
2026-09-12 10:58:00,10,58,5,0,8.1898,0.044,0.0001
2026-09-12 10:59:00,10,59,5,0,9.2992,0.039,0.0002
2026-09-12 11:00:00,11,0,5,0,8.4895,0.042,0.0017
2026-09-12 11:01:00,11,1,5,0,6.9279,0.041,0.0009
2026-09-12 11:02:00,11,2,5,0,4.0364,0.027,0.0003
2026-09-12 11:03:00,11,3,5,0,7.8657,0.026,0.0006
2026-09-12 11:04:00,11,4,5,0,8.6974,0.023,0.0012
2026-09-12 11:05:00,11,5,5,0,8.8023,0.007,0.0004
2026-09-12 11:06:00,11,6,5,0,4.1014,0.009,0.0019
2026-09-12 11:07:00,11,7,5,0,9.461,0.007,0.0011
2026-09-12 11:08:00,11,8,5,0,4.3206,0.013,0.0011
2026-09-12 11:09:00,11,9,5,0,8.9769,0.029,0.0012
2026-09-12 11:10:00,11,10,5,0,5.8099,0.037,0.0018
2026-09-12 11:11:00,11,11,5,0,5.1041,0.006,0.0005
2026-09-12 11:12:00,11,12,5,0,8.1966,0.027,0.0017
2026-09-12 11:13:00,11,13,5,0,7.8495,0.032,0.0017
2026-09-12 11:14:00,11,14,5,0,4.3632,0.036,0.0018
2026-09-12 11:15:00,11,15,5,1,7.9486,0.009,0.0017
2026-09-12 11:16:00,11,16,5,0,6.6141,0.028,0.0009
2026-09-12 11:17:00,11,17,5,1,4.084,0.022,0.0012
2026-09-12 11:18:00,11,18,5,0,9.1872,0.021,0.0013
2026-09-12 11:19:00,11,19,5,0,7.0152,0.009,0.0003
2026-09-12 11:20:00,11,20,5,0,9.4086,0.026,0.0
2026-09-12 11:21:00,11,21,5,0,7.2535,0.025,0.0008
2026-09-12 11:22:00,11,22,5,0,8.8827,0.007,0.0009
2026-09-12 11:23:00,11,23,5,0,6.4366,0.026,0.0008
2026-09-12 11:24:00,11,24,5,0,8.4659,0.027,0.0015
2026-09-12 11:25:00,11,25,5,0,8.9584,0.031,0.0006
2026-09-12 11:26:00,11,26,5,0,6.8316,0.008,0.0003
2026-09-12 11:27:00,11,27,5,0,6.4015,0.02,0.0001
2026-09-12 11:28:00,11,28,5,1,6.9086,0.041,0.0008
2026-09-12 11:29:00,11,29,5,1,4.1556,0.033,0.0016
2026-09-12 11:30:00,11,30,5,0,6.8897,0.03,0.0018
2026-09-12 11:31:00,11,31,5,0,9.4768,0.032,0.0006
2026-09-12 11:32:00,11,32,5,0,8.8536,0.033,0.0007
2026-09-12 11:33:00,11,33,5,0,6.8135,0.004,0.0019
2026-09-12 11:34:00,11,34,5,0,9.0531,0.018,0.0005
2026-09-12 11:35:00,11,35,5,0,5.0623,0.026,0.001
2026-09-12 11:36:00,11,36,5,0,7.0095,0.041,0.0006
2026-09-12 11:37:00,11,37,5,0,6.7408,0.036,0.0007
2026-09-12 11:38:00,11,38,5,0,4.5036,0.033,0.0012
2026-09-12 11:39:00,11,39,5,0,5.5485,0.033,0.0009
2026-09-12 11:40:00,11,40,5,0,5.4956,0.043,0.0005
2026-09-12 11:41:00,11,41,5,0,8.5891,0.021,0.0004
2026-09-12 11:42:00,11,42,5,0,8.1453,0.042,0.0014
2026-09-12 11:43:00,11,43,5,0,4.4576,0.009,0.0004
2026-09-12 11:44:00,11,44,5,0,6.7135,0.012,0.0019
2026-09-12 11:45:00,11,45,5,0,7.3162,0.017,0.0013
2026-09-12 11:46:00,11,46,5,0,7.24,0.008,0.001
2026-09-12 11:47:00,11,47,5,0,4.065,0.025,0.0007
2026-09-12 11:48:00,11,48,5,0,6.1387,0.026,0.0007
2026-09-12 11:49:00,11,49,5,0,6.8744,0.011,0.0007
2026-09-12 11:50:00,11,50,5,0,6.5923,0.01,0.0004
2026-09-12 11:51:00,11,51,5,0,8.0316,0.012,0.0009
2026-09-12 11:52:00,11,52,5,0,4.9495,0.038,0.0019
2026-09-12 11:53:00,11,53,5,0,6.9432,0.036,0.0019
2026-09-12 11:54:00,11,54,5,0,8.6023,0.003,0.0017
2026-09-12 11:55:00,11,55,5,0,4.0466,0.002,0.0001
2026-09-12 11:56:00,11,56,5,0,4.2692,0.032,0.0006
2026-09-12 11:57:00,11,57,5,1,9.2354,0.044,0.0003
2026-09-12 11:58:00,11,58,5,0,4.7713,0.017,0.001
2026-09-12 11:59:00,11,59,5,0,9.4161,0.027,0.0013
2026-09-12 12:00:00,12,0,5,0,8.1424,0.004,0.0014
2026-09-12 12:01:00,12,1,5,0,7.5608,0.01,0.0019
2026-09-12 12:02:00,12,2,5,0,9.1279,0.004,0.0016
2026-09-12 12:03:00,12,3,5,0,4.6338,0.017,0.0018
2026-09-12 12:04:00,12,4,5,0,7.4593,0.019,0.0012
2026-09-12 12:05:00,12,5,5,0,7.6657,0.034,0.0016
2026-09-12 12:06:00,12,6,5,0,8.2936,0.011,0.001
2026-09-12 12:07:00,12,7,5,0,7.934,0.026,0.0005
2026-09-12 12:08:00,12,8,5,0,6.0205,0.025,0.0016
2026-09-12 12:09:00,12,9,5,1,4.2353,0.025,0.0017
2026-09-12 12:10:00,12,10,5,1,4.367,0.042,0.0003
2026-09-12 12:11:00,12,11,5,0,7.6113,0.032,0.0013
2026-09-12 12:12:00,12,12,5,0,5.238,0.042,0.0015
2026-09-12 12:13:00,12,13,5,0,7.4063,0.025,0.0005
2026-09-12 12:14:00,12,14,5,0,6.4543,0.038,0.001
2026-09-12 12:15:00,12,15,5,0,4.5421,0.029,0.0012
2026-09-12 12:16:00,12,16,5,0,8.6812,0.022,0.0009
2026-09-12 12:17:00,12,17,5,0,4.3115,0.038,0.0017
2026-09-12 12:18:00,12,18,5,1,9.3933,0.022,0.0003
2026-09-12 12:19:00,12,19,5,1,7.4502,0.031,0.002
2026-09-12 12:20:00,12,20,5,0,5.8866,0.042,0.0019
2026-09-12 12:21:00,12,21,5,0,8.76,0.025,0.0013
2026-09-12 12:22:00,12,22,5,0,4.4663,0.011,0.0002
2026-09-12 12:23:00,12,23,5,0,7.9945,0.039,0.0
2026-09-12 12:24:00,12,24,5,0,8.2201,0.039,0.0016
2026-09-12 12:25:00,12,25,5,0,5.2803,0.002,0.0001
2026-09-12 12:26:00,12,26,5,0,5.2187,0.022,0.0016
2026-09-12 12:27:00,12,27,5,0,5.0813,0.035,0.0019
2026-09-12 12:28:00,12,28,5,0,8.19,0.03,0.0019
2026-09-12 12:29:00,12,29,5,0,4.9022,0.011,0.0
2026-09-12 12:30:00,12,30,5,0,7.7218,0.04,0.0008
2026-09-12 12:31:00,12,31,5,0,4.8668,0.003,0.002
2026-09-12 12:32:00,12,32,5,0,5.4701,0.043,0.001
2026-09-12 12:33:00,12,33,5,0,8.9022,0.019,0.001
2026-09-12 12:34:00,12,34,5,0,4.7093,0.015,0.0018
2026-09-12 12:35:00,12,35,5,0,7.2641,0.005,0.0009
2026-09-12 12:36:00,12,36,5,0,5.3247,0.03,0.0014
2026-09-12 12:37:00,12,37,5,0,7.6049,0.044,0.001
2026-09-12 12:38:00,12,38,5,0,4.5637,0.009,0.0008
2026-09-12 12:39:00,12,39,5,1,4.7635,0.012,0.0004
2026-09-12 12:40:00,12,40,5,0,5.4554,0.003,0.0011
2026-09-12 12:41:00,12,41,5,0,6.7978,0.021,0.0003
2026-09-12 12:42:00,12,42,5,0,5.1067,0.034,0.0016
2026-09-12 12:43:00,12,43,5,0,9.3603,0.022,0.0007
2026-09-12 12:44:00,12,44,5,1,7.8035,0.0,0.001
2026-09-12 12:45:00,12,45,5,0,6.3223,0.018,0.0014
2026-09-12 12:46:00,12,46,5,0,5.9773,0.041,0.0003
2026-09-12 12:47:00,12,47,5,0,5.8625,0.038,0.0019
2026-09-12 12:48:00,12,48,5,0,6.2364,0.005,0.0004
2026-09-12 12:49:00,12,49,5,0,7.1153,0.005,0.0006
2026-09-12 12:50:00,12,50,5,0,4.1824,0.032,0.0
2026-09-12 12:51:00,12,51,5,0,4.7804,0.017,0.0007
2026-09-12 12:52:00,12,52,5,0,7.3107,0.004,0.0004
2026-09-12 12:53:00,12,53,5,0,6.0145,0.012,0.0007
2026-09-12 12:54:00,12,54,5,0,5.3192,0.016,0.0009
2026-09-12 12:55:00,12,55,5,0,7.7682,0.011,0.0015
2026-09-12 12:56:00,12,56,5,0,8.904,0.044,0.0011
2026-09-12 12:57:00,12,57,5,1,4.8556,0.036,0.0004
2026-09-12 12:58:00,12,58,5,1,6.493,0.018,0.0004
2026-09-12 12:59:00,12,59,5,0,8.2154,0.034,0.0006
2026-09-12 13:00:00,13,0,5,0,5.8884,0.044,0.0004
2026-09-12 13:01:00,13,1,5,0,5.2363,0.017,0.0016
2026-09-12 13:02:00,13,2,5,0,4.6774,0.021,0.002
2026-09-12 13:03:00,13,3,5,0,9.0877,0.024,0.0012
2026-09-12 13:04:00,13,4,5,0,7.5872,0.009,0.002
2026-09-12 13:05:00,13,5,5,0,8.8455,0.043,0.0003
2026-09-12 13:06:00,13,6,5,0,4.3845,0.044,0.0018
2026-09-12 13:07:00,13,7,5,0,8.2636,0.032,0.0017
2026-09-12 13:08:00,13,8,5,0,4.3305,0.043,0.0018
2026-09-12 13:09:00,13,9,5,0,8.1481,0.0,0.0014
2026-09-12 13:10:00,13,10,5,0,6.1569,0.004,0.0001
2026-09-12 13:11:00,13,11,5,1,7.0718,0.032,0.0004
2026-09-12 13:12:00,13,12,5,0,5.6261,0.03,0.0014
2026-09-12 13:13:00,13,13,5,0,4.6424,0.001,0.0017
2026-09-12 13:14:00,13,14,5,1,4.2267,0.009,0.0006
2026-09-12 13:15:00,13,15,5,1,4.6549,0.037,0.0013
2026-09-12 13:16:00,13,16,5,0,7.7805,0.036,0.0006
2026-09-12 13:17:00,13,17,5,1,4.3387,0.042,0.0002
2026-09-12 13:18:00,13,18,5,0,7.3663,0.027,0.0011
2026-09-12 13:19:00,13,19,5,0,5.5423,0.04,0.0001
2026-09-12 13:20:00,13,20,5,0,5.713,0.003,0.0009
2026-09-12 13:21:00,13,21,5,0,7.1933,0.043,0.0017
2026-09-12 13:22:00,13,22,5,0,9.1742,0.014,0.0016
2026-09-12 13:23:00,13,23,5,0,4.2833,0.042,0.0002
2026-09-12 13:24:00,13,24,5,0,4.9311,0.021,0.0009
2026-09-12 13:25:00,13,25,5,0,5.6243,0.022,0.0009
2026-09-12 13:26:00,13,26,5,1,5.92,0.028,0.0003
2026-09-12 13:27:00,13,27,5,0,6.6176,0.016,0.0008
2026-09-12 13:28:00,13,28,5,0,8.7975,0.018,0.0003
2026-09-12 13:29:00,13,29,5,1,6.7477,0.029,0.0
2026-09-12 13:30:00,13,30,5,0,7.426,0.023,0.0
2026-09-12 13:31:00,13,31,5,0,6.8815,0.015,0.0016
2026-09-12 13:32:00,13,32,5,0,8.4331,0.04,0.0013
2026-09-12 13:33:00,13,33,5,0,4.0581,0.015,0.0008
2026-09-12 13:34:00,13,34,5,0,5.2707,0.037,0.0018
2026-09-12 13:35:00,13,35,5,0,8.0209,0.021,0.0004
2026-09-12 13:36:00,13,36,5,0,7.339,0.029,0.0004
2026-09-12 13:37:00,13,37,5,0,6.1748,0.026,0.0012
2026-09-12 13:38:00,13,38,5,0,4.2528,0.006,0.0018
2026-09-12 13:39:00,13,39,5,0,7.2974,0.042,0.0002
2026-09-12 13:40:00,13,40,5,0,7.5105,0.003,0.0014
2026-09-12 13:41:00,13,41,5,0,6.3695,0.041,0.0008
2026-09-12 13:42:00,13,42,5,0,8.1971,0.015,0.0009
2026-09-12 13:43:00,13,43,5,0,4.9905,0.002,0.0008
2026-09-12 13:44:00,13,44,5,0,9.3525,0.017,0.0001
2026-09-12 13:45:00,13,45,5,0,5.1947,0.009,0.0006
2026-09-12 13:46:00,13,46,5,0,5.4349,0.001,0.0013
2026-09-12 13:47:00,13,47,5,1,5.3074,0.013,0.0008
2026-09-12 13:48:00,13,48,5,0,9.2308,0.044,0.0008
2026-09-12 13:49:00,13,49,5,0,6.187,0.006,0.001
2026-09-12 13:50:00,13,50,5,0,5.2986,0.038,0.0013
2026-09-12 13:51:00,13,51,5,0,7.2842,0.012,0.0011
2026-09-12 13:52:00,13,52,5,0,9.3666,0.027,0.0011
2026-09-12 13:53:00,13,53,5,0,8.0172,0.042,0.0013
2026-09-12 13:54:00,13,54,5,0,5.8547,0.043,0.002
2026-09-12 13:55:00,13,55,5,0,5.78,0.028,0.0001
2026-09-12 13:56:00,13,56,5,0,7.9439,0.04,0.0014
2026-09-12 13:57:00,13,57,5,0,6.3842,0.042,0.0004
2026-09-12 13:58:00,13,58,5,1,6.0524,0.007,0.0
2026-09-12 13:59:00,13,59,5,0,5.3905,0.012,0.0011
2026-09-12 14:00:00,14,0,5,0,5.6048,0.011,0.0017
2026-09-12 14:01:00,14,1,5,0,7.7639,0.008,0.0017
2026-09-12 14:02:00,14,2,5,1,5.9901,0.034,0.0011
2026-09-12 14:03:00,14,3,5,0,6.9662,0.037,0.0016
2026-09-12 14:04:00,14,4,5,0,4.9567,0.013,0.0007
2026-09-12 14:05:00,14,5,5,0,6.4855,0.032,0.0007
2026-09-12 14:06:00,14,6,5,0,5.6818,0.025,0.0015
2026-09-12 14:07:00,14,7,5,0,8.0463,0.029,0.0015
2026-09-12 14:08:00,14,8,5,0,5.5088,0.044,0.0014
2026-09-12 14:09:00,14,9,5,1,8.7241,0.019,0.0005
2026-09-12 14:10:00,14,10,5,0,8.5362,0.041,0.0005
2026-09-12 14:11:00,14,11,5,0,5.5942,0.008,0.0007
2026-09-12 14:12:00,14,12,5,0,7.3041,0.008,0.0003
2026-09-12 14:13:00,14,13,5,0,5.6792,0.031,0.0012
2026-09-12 14:14:00,14,14,5,0,6.5542,0.014,0.0001
2026-09-12 14:15:00,14,15,5,0,5.6877,0.026,0.0019
2026-09-12 14:16:00,14,16,5,0,8.247,0.003,0.002
2026-09-12 14:17:00,14,17,5,0,5.2323,0.019,0.0005
2026-09-12 14:18:00,14,18,5,0,4.8268,0.021,0.0018
2026-09-12 14:19:00,14,19,5,1,4.2468,0.007,0.0012
2026-09-12 14:20:00,14,20,5,1,7.3681,0.002,0.0003
2026-09-12 14:21:00,14,21,5,0,8.2374,0.024,0.0012
2026-09-12 14:22:00,14,22,5,1,4.9996,0.013,0.0008
2026-09-12 14:23:00,14,23,5,0,6.1121,0.039,0.0019
2026-09-12 14:24:00,14,24,5,0,6.938,0.004,0.0014
2026-09-12 14:25:00,14,25,5,0,8.8424,0.002,0.001
2026-09-12 14:26:00,14,26,5,0,5.4908,0.029,0.0002
2026-09-12 14:27:00,14,27,5,0,4.6756,0.032,0.0003
2026-09-12 14:28:00,14,28,5,0,4.5179,0.019,0.0009
2026-09-12 14:29:00,14,29,5,0,5.8532,0.009,0.0011
2026-09-12 14:30:00,14,30,5,0,7.8247,0.018,0.0012
2026-09-12 14:31:00,14,31,5,0,8.2884,0.01,0.0018
2026-09-12 14:32:00,14,32,5,0,6.2436,0.017,0.0001
2026-09-12 14:33:00,14,33,5,0,9.1658,0.015,0.0007
2026-09-12 14:34:00,14,34,5,0,8.2774,0.021,0.0017
2026-09-12 14:35:00,14,35,5,0,6.6386,0.012,0.0009
2026-09-12 14:36:00,14,36,5,0,7.5894,0.028,0.0013
2026-09-12 14:37:00,14,37,5,0,8.9781,0.033,0.0006
2026-09-12 14:38:00,14,38,5,0,4.9329,0.035,0.001
2026-09-12 14:39:00,14,39,5,0,6.2586,0.032,0.0012
2026-09-12 14:40:00,14,40,5,0,4.362,0.014,0.0018
2026-09-12 14:41:00,14,41,5,0,4.8539,0.042,0.0016
2026-09-12 14:42:00,14,42,5,0,7.4463,0.037,0.0007
2026-09-12 14:43:00,14,43,5,0,5.8313,0.024,0.0008
2026-09-12 14:44:00,14,44,5,0,5.3291,0.013,0.0005
2026-09-12 14:45:00,14,45,5,0,7.0085,0.018,0.0013
2026-09-12 14:46:00,14,46,5,0,4.8797,0.04,0.002
2026-09-12 14:47:00,14,47,5,0,8.4313,0.04,0.0016
2026-09-12 14:48:00,14,48,5,0,8.8361,0.009,0.0013
2026-09-12 14:49:00,14,49,5,0,4.5329,0.032,0.0007
2026-09-12 14:50:00,14,50,5,1,7.1664,0.017,0.0001
2026-09-12 14:51:00,14,51,5,0,4.795,0.015,0.0006
2026-09-12 14:52:00,14,52,5,0,8.6402,0.026,0.0014
2026-09-12 14:53:00,14,53,5,0,5.6973,0.04,0.0005
2026-09-12 14:54:00,14,54,5,0,4.6897,0.019,0.0004
2026-09-12 14:55:00,14,55,5,0,8.19,0.023,0.0
2026-09-12 14:56:00,14,56,5,0,4.564,0.014,0.0018
2026-09-12 14:57:00,14,57,5,0,7.0718,0.029,0.001
2026-09-12 14:58:00,14,58,5,0,5.126,0.034,0.0016
2026-09-12 14:59:00,14,59,5,0,9.4163,0.009,0.0003
2026-09-12 15:00:00,15,0,5,0,8.4523,0.042,0.0019
2026-09-12 15:01:00,15,1,5,0,7.2277,0.031,0.0011
2026-09-12 15:02:00,15,2,5,1,8.0635,0.015,0.0004
2026-09-12 15:03:00,15,3,5,0,5.1935,0.043,0.0006
2026-09-12 15:04:00,15,4,5,0,6.8197,0.004,0.0001
2026-09-12 15:05:00,15,5,5,0,7.6272,0.013,0.0012
2026-09-12 15:06:00,15,6,5,0,5.6852,0.029,0.001
2026-09-12 15:07:00,15,7,5,0,5.928,0.038,0.0019
2026-09-12 15:08:00,15,8,5,0,6.4935,0.025,0.002
2026-09-12 15:09:00,15,9,5,0,8.3286,0.031,0.0003
2026-09-12 15:10:00,15,10,5,0,7.0897,0.034,0.0009
2026-09-12 15:11:00,15,11,5,1,7.0807,0.034,0.0008
2026-09-12 15:12:00,15,12,5,0,7.1969,0.023,0.0004
2026-09-12 15:13:00,15,13,5,0,4.0449,0.041,0.0012
2026-09-12 15:14:00,15,14,5,1,5.0485,0.009,0.0017
2026-09-12 15:15:00,15,15,5,0,9.1179,0.03,0.0014
2026-09-12 15:16:00,15,16,5,0,6.7969,0.001,0.0004
2026-09-12 15:17:00,15,17,5,0,5.1583,0.025,0.0016
2026-09-12 15:18:00,15,18,5,0,8.8926,0.001,0.0005
2026-09-12 15:19:00,15,19,5,0,7.3293,0.031,0.0017
2026-09-12 15:20:00,15,20,5,0,8.5661,0.041,0.0008
2026-09-12 15:21:00,15,21,5,0,5.7414,0.04,0.0011
2026-09-12 15:22:00,15,22,5,0,9.1176,0.022,0.0019
2026-09-12 15:23:00,15,23,5,0,5.5259,0.016,0.0
2026-09-12 15:24:00,15,24,5,0,4.1398,0.03,0.002
2026-09-12 15:25:00,15,25,5,0,4.6415,0.005,0.0001
2026-09-12 15:26:00,15,26,5,1,9.3934,0.027,0.0008
2026-09-12 15:27:00,15,27,5,0,6.693,0.041,0.0002
2026-09-12 15:28:00,15,28,5,0,4.5037,0.011,0.001
2026-09-12 15:29:00,15,29,5,1,8.526,0.021,0.002
2026-09-12 15:30:00,15,30,5,0,7.5845,0.025,0.001
2026-09-12 15:31:00,15,31,5,0,7.1953,0.003,0.0015
2026-09-12 15:32:00,15,32,5,0,5.5229,0.038,0.0015
2026-09-12 15:33:00,15,33,5,0,6.2732,0.014,0.0015
2026-09-12 15:34:00,15,34,5,0,5.5951,0.032,0.0014
2026-09-12 15:35:00,15,35,5,0,7.558,0.044,0.0002
2026-09-12 15:36:00,15,36,5,0,9.1849,0.042,0.0015
2026-09-12 15:37:00,15,37,5,0,4.335,0.04,0.0019
2026-09-12 15:38:00,15,38,5,0,5.3351,0.036,0.0014
2026-09-12 15:39:00,15,39,5,0,8.0789,0.024,0.0017
2026-09-12 15:40:00,15,40,5,0,4.5438,0.011,0.0004
2026-09-12 15:41:00,15,41,5,0,8.993,0.033,0.0007
2026-09-12 15:42:00,15,42,5,0,6.2674,0.034,0.0013
2026-09-12 15:43:00,15,43,5,0,5.2457,0.002,0.0004
2026-09-12 15:44:00,15,44,5,0,8.6966,0.04,0.0
2026-09-12 15:45:00,15,45,5,0,4.743,0.011,0.0018
2026-09-12 15:46:00,15,46,5,0,6.3068,0.029,0.0016
2026-09-12 15:47:00,15,47,5,0,8.1584,0.043,0.0008
2026-09-12 15:48:00,15,48,5,0,8.9634,0.007,0.0008
2026-09-12 15:49:00,15,49,5,0,6.4061,0.011,0.002
2026-09-12 15:50:00,15,50,5,0,8.662,0.04,0.0001
2026-09-12 15:51:00,15,51,5,0,6.19,0.029,0.0008
2026-09-12 15:52:00,15,52,5,0,8.3294,0.021,0.0014
2026-09-12 15:53:00,15,53,5,1,4.3887,0.014,0.0016
2026-09-12 15:54:00,15,54,5,0,7.247,0.014,0.0001
2026-09-12 15:55:00,15,55,5,0,7.2491,0.007,0.0015
2026-09-12 15:56:00,15,56,5,0,5.863,0.038,0.0007
2026-09-12 15:57:00,15,57,5,0,5.4854,0.043,0.0008
2026-09-12 15:58:00,15,58,5,1,5.4325,0.023,0.0001
2026-09-12 15:59:00,15,59,5,0,7.2388,0.045,0.0002
2026-09-12 16:00:00,16,0,5,0,5.6253,0.026,0.0014
2026-09-12 16:01:00,16,1,5,0,5.7627,0.025,0.0
2026-09-12 16:02:00,16,2,5,0,6.6752,0.019,0.0003
2026-09-12 16:03:00,16,3,5,1,7.8864,0.037,0.0007
2026-09-12 16:04:00,16,4,5,0,5.1763,0.014,0.0008
2026-09-12 16:05:00,16,5,5,0,5.8474,0.032,0.0006
2026-09-12 16:06:00,16,6,5,0,8.0561,0.028,0.0006
2026-09-12 16:07:00,16,7,5,0,5.9791,0.009,0.002
2026-09-12 16:08:00,16,8,5,0,4.9168,0.036,0.0014
2026-09-12 16:09:00,16,9,5,0,6.221,0.026,0.001
2026-09-12 16:10:00,16,10,5,0,5.6766,0.042,0.0007
2026-09-12 16:11:00,16,11,5,0,8.3548,0.021,0.001
2026-09-12 16:12:00,16,12,5,0,5.544,0.013,0.0002
2026-09-12 16:13:00,16,13,5,0,8.6899,0.031,0.0003
2026-09-12 16:14:00,16,14,5,0,6.6448,0.031,0.0009
2026-09-12 16:15:00,16,15,5,0,9.0049,0.035,0.0018
2026-09-12 16:16:00,16,16,5,0,7.3962,0.008,0.0015
2026-09-12 16:17:00,16,17,5,0,8.3901,0.037,0.0003
2026-09-12 16:18:00,16,18,5,0,4.6328,0.012,0.0009
2026-09-12 16:19:00,16,19,5,1,5.7677,0.027,0.0013
2026-09-12 16:20:00,16,20,5,0,5.5389,0.038,0.0006
2026-09-12 16:21:00,16,21,5,0,6.0596,0.001,0.0009
2026-09-12 16:22:00,16,22,5,0,5.9232,0.012,0.0014
2026-09-12 16:23:00,16,23,5,0,8.7145,0.014,0.0008
2026-09-12 16:24:00,16,24,5,0,7.1739,0.025,0.0009
2026-09-12 16:25:00,16,25,5,0,8.0457,0.028,0.0017
2026-09-12 16:26:00,16,26,5,0,5.817,0.021,0.0012
2026-09-12 16:27:00,16,27,5,0,5.3196,0.031,0.0002
2026-09-12 16:28:00,16,28,5,1,7.9639,0.04,0.0002
2026-09-12 16:29:00,16,29,5,0,7.6174,0.01,0.001
2026-09-12 16:30:00,16,30,5,0,5.1173,0.039,0.0008
2026-09-12 16:31:00,16,31,5,0,8.318,0.021,0.0004
2026-09-12 16:32:00,16,32,5,0,5.6241,0.013,0.0005
2026-09-12 16:33:00,16,33,5,0,6.9414,0.038,0.0019
2026-09-12 16:34:00,16,34,5,0,8.8628,0.034,0.0019
2026-09-12 16:35:00,16,35,5,0,8.9452,0.026,0.0008
2026-09-12 16:36:00,16,36,5,0,5.6812,0.039,0.0009
2026-09-12 16:37:00,16,37,5,0,6.5563,0.015,0.0009
2026-09-12 16:38:00,16,38,5,0,6.177,0.018,0.0001
2026-09-12 16:39:00,16,39,5,0,4.6233,0.021,0.0002
2026-09-12 16:40:00,16,40,5,1,7.8183,0.005,0.001
2026-09-12 16:41:00,16,41,5,0,4.8094,0.018,0.001
2026-09-12 16:42:00,16,42,5,0,7.4808,0.024,0.0002
2026-09-12 16:43:00,16,43,5,0,8.7988,0.036,0.0017
2026-09-12 16:44:00,16,44,5,1,4.4275,0.019,0.0005
2026-09-12 16:45:00,16,45,5,0,5.5631,0.008,0.0009
2026-09-12 16:46:00,16,46,5,0,4.235,0.041,0.0002
2026-09-12 16:47:00,16,47,5,0,8.8069,0.012,0.0016
2026-09-12 16:48:00,16,48,5,0,7.9643,0.044,0.0004
2026-09-12 16:49:00,16,49,5,0,6.4953,0.016,0.0013
2026-09-12 16:50:00,16,50,5,0,6.8787,0.011,0.0005
2026-09-12 16:51:00,16,51,5,0,8.6889,0.042,0.0016
2026-09-12 16:52:00,16,52,5,0,6.979,0.023,0.0011
2026-09-12 16:53:00,16,53,5,0,4.3669,0.015,0.0002
2026-09-12 16:54:00,16,54,5,0,6.8142,0.018,0.0007
2026-09-12 16:55:00,16,55,5,0,5.9221,0.018,0.0019
2026-09-12 16:56:00,16,56,5,0,7.3974,0.032,0.0001
2026-09-12 16:57:00,16,57,5,1,5.8117,0.026,0.0001
2026-09-12 16:58:00,16,58,5,0,5.0966,0.001,0.0004
2026-09-12 16:59:00,16,59,5,0,4.9194,0.042,0.0001
2026-09-12 17:00:00,17,0,5,0,8.9172,0.024,0.0007
2026-09-12 17:01:00,17,1,5,0,8.5199,0.028,0.0007
2026-09-12 17:02:00,17,2,5,0,7.1958,0.04,0.0012
2026-09-12 17:03:00,17,3,5,0,5.9036,0.007,0.0011
2026-09-12 17:04:00,17,4,5,0,6.1253,0.032,0.0017
2026-09-12 17:05:00,17,5,5,0,9.266,0.038,0.0004
2026-09-12 17:06:00,17,6,5,0,7.7209,0.024,0.0009
2026-09-12 17:07:00,17,7,5,0,5.7456,0.033,0.0019
2026-09-12 17:08:00,17,8,5,0,7.7073,0.007,0.0004
2026-09-12 17:09:00,17,9,5,1,4.8349,0.02,0.0017
2026-09-12 17:10:00,17,10,5,0,5.2786,0.03,0.0019
2026-09-12 17:11:00,17,11,5,0,5.8174,0.013,0.0017
2026-09-12 17:12:00,17,12,5,0,4.2544,0.044,0.0016
2026-09-12 17:13:00,17,13,5,0,9.3428,0.021,0.0012
2026-09-12 17:14:00,17,14,5,0,5.6428,0.021,0.0011
2026-09-12 17:15:00,17,15,5,1,9.4932,0.014,0.0006
2026-09-12 17:16:00,17,16,5,0,4.5173,0.004,0.0019
2026-09-12 17:17:00,17,17,5,0,7.168,0.039,0.0008
2026-09-12 17:18:00,17,18,5,0,4.5848,0.008,0.0015
2026-09-12 17:19:00,17,19,5,0,7.273,0.005,0.0019
2026-09-12 17:20:00,17,20,5,0,8.7437,0.016,0.0011
2026-09-12 17:21:00,17,21,5,0,6.0817,0.011,0.0005
2026-09-12 17:22:00,17,22,5,0,7.5905,0.029,0.0004
2026-09-12 17:23:00,17,23,5,0,4.7757,0.009,0.0015
2026-09-12 17:24:00,17,24,5,0,8.0411,0.033,0.0009
2026-09-12 17:25:00,17,25,5,0,6.4525,0.018,0.0005
2026-09-12 17:26:00,17,26,5,0,7.5124,0.04,0.0012
2026-09-12 17:27:00,17,27,5,0,4.7561,0.028,0.0012
2026-09-12 17:28:00,17,28,5,0,4.6413,0.044,0.0013
2026-09-12 17:29:00,17,29,5,0,4.2966,0.036,0.0018
2026-09-12 17:30:00,17,30,5,0,8.3522,0.034,0.0007
2026-09-12 17:31:00,17,31,5,0,5.4068,0.035,0.0019
2026-09-12 17:32:00,17,32,5,0,6.9497,0.013,0.0013
2026-09-12 17:33:00,17,33,5,0,8.264,0.032,0.0009
2026-09-12 17:34:00,17,34,5,1,6.7597,0.019,0.0017
2026-09-12 17:35:00,17,35,5,0,9.1679,0.027,0.0016
2026-09-12 17:36:00,17,36,5,0,7.4701,0.041,0.0002
2026-09-12 17:37:00,17,37,5,0,5.1549,0.032,0.0013
2026-09-12 17:38:00,17,38,5,0,7.9737,0.038,0.0004
2026-09-12 17:39:00,17,39,5,0,9.4255,0.035,0.0001
2026-09-12 17:40:00,17,40,5,0,9.0685,0.009,0.001
2026-09-12 17:41:00,17,41,5,0,8.8947,0.038,0.001
2026-09-12 17:42:00,17,42,5,0,6.2063,0.018,0.0006
2026-09-12 17:43:00,17,43,5,0,5.0948,0.014,0.0005
2026-09-12 17:44:00,17,44,5,0,7.6836,0.026,0.0015
2026-09-12 17:45:00,17,45,5,0,5.7502,0.04,0.0012
2026-09-12 17:46:00,17,46,5,0,6.1024,0.031,0.0017
2026-09-12 17:47:00,17,47,5,0,4.9839,0.013,0.0011
2026-09-12 17:48:00,17,48,5,0,8.4631,0.035,0.0001
2026-09-12 17:49:00,17,49,5,0,4.8273,0.012,0.0018
2026-09-12 17:50:00,17,50,5,0,4.3555,0.031,0.0018
2026-09-12 17:51:00,17,51,5,0,8.6546,0.014,0.0008
2026-09-12 17:52:00,17,52,5,0,6.9317,0.037,0.0017
2026-09-12 17:53:00,17,53,5,0,4.2645,0.022,0.0004
2026-09-12 17:54:00,17,54,5,0,6.9431,0.018,0.0019
2026-09-12 17:55:00,17,55,5,0,6.9385,0.018,0.001
2026-09-12 17:56:00,17,56,5,0,5.2319,0.032,0.001
2026-09-12 17:57:00,17,57,5,0,8.6489,0.041,0.0001
2026-09-12 17:58:00,17,58,5,0,4.3663,0.005,0.0006
2026-09-12 17:59:00,17,59,5,0,6.6093,0.009,0.0009
2026-09-12 18:00:00,18,0,5,0,8.6078,0.031,0.0016
2026-09-12 18:01:00,18,1,5,0,4.4963,0.027,0.0015
2026-09-12 18:02:00,18,2,5,0,8.6901,0.02,0.0018
2026-09-12 18:03:00,18,3,5,0,6.4329,0.03,0.0002
2026-09-12 18:04:00,18,4,5,0,6.222,0.011,0.002
2026-09-12 18:05:00,18,5,5,0,5.873,0.035,0.0012
2026-09-12 18:06:00,18,6,5,0,8.7941,0.031,0.001
2026-09-12 18:07:00,18,7,5,0,4.4268,0.008,0.0
2026-09-12 18:08:00,18,8,5,0,6.3405,0.001,0.0007
2026-09-12 18:09:00,18,9,5,0,5.9701,0.039,0.0003
2026-09-12 18:10:00,18,10,5,0,5.6125,0.017,0.0001
2026-09-12 18:11:00,18,11,5,0,8.5299,0.044,0.0014
2026-09-12 18:12:00,18,12,5,0,7.3556,0.043,0.0016
2026-09-12 18:13:00,18,13,5,1,6.7479,0.038,0.0006
2026-09-12 18:14:00,18,14,5,0,6.2945,0.035,0.0
2026-09-12 18:15:00,18,15,5,1,6.5761,0.013,0.0013
2026-09-12 18:16:00,18,16,5,0,7.1517,0.017,0.0016
2026-09-12 18:17:00,18,17,5,0,6.6917,0.027,0.001
2026-09-12 18:18:00,18,18,5,0,5.2624,0.026,0.0006
2026-09-12 18:19:00,18,19,5,0,5.455,0.013,0.0
2026-09-12 18:20:00,18,20,5,0,8.7475,0.036,0.0018
2026-09-12 18:21:00,18,21,5,0,8.0937,0.027,0.0011
2026-09-12 18:22:00,18,22,5,0,5.785,0.032,0.0001
2026-09-12 18:23:00,18,23,5,0,9.3107,0.031,0.0016
2026-09-12 18:24:00,18,24,5,0,6.1827,0.033,0.0001
2026-09-12 18:25:00,18,25,5,0,8.3763,0.009,0.0012
2026-09-12 18:26:00,18,26,5,0,5.6991,0.002,0.0018
2026-09-12 18:27:00,18,27,5,0,5.184,0.035,0.001
2026-09-12 18:28:00,18,28,5,1,7.4845,0.018,0.001
2026-09-12 18:29:00,18,29,5,0,8.6716,0.036,0.0013
2026-09-12 18:30:00,18,30,5,0,6.6365,0.019,0.0002
2026-09-12 18:31:00,18,31,5,1,5.0259,0.038,0.0009
2026-09-12 18:32:00,18,32,5,0,8.8545,0.042,0.0014
2026-09-12 18:33:00,18,33,5,0,8.4446,0.044,0.0011
2026-09-12 18:34:00,18,34,5,0,8.8148,0.007,0.0007
2026-09-12 18:35:00,18,35,5,0,4.3396,0.033,0.0008
2026-09-12 18:36:00,18,36,5,0,5.3029,0.042,0.0015
2026-09-12 18:37:00,18,37,5,0,8.796,0.043,0.0011
2026-09-12 18:38:00,18,38,5,0,6.4172,0.007,0.0007
2026-09-12 18:39:00,18,39,5,0,6.6575,0.025,0.0016
2026-09-12 18:40:00,18,40,5,0,8.1322,0.021,0.0004
2026-09-12 18:41:00,18,41,5,0,8.2864,0.027,0.0013
2026-09-12 18:42:00,18,42,5,0,6.5305,0.03,0.0009
2026-09-12 18:43:00,18,43,5,1,5.9716,0.033,0.0
2026-09-12 18:44:00,18,44,5,0,8.2483,0.027,0.0002
2026-09-12 18:45:00,18,45,5,0,7.1893,0.039,0.0
2026-09-12 18:46:00,18,46,5,0,5.0231,0.024,0.0012
2026-09-12 18:47:00,18,47,5,0,8.4944,0.02,0.0014
2026-09-12 18:48:00,18,48,5,0,7.9398,0.041,0.0016
2026-09-12 18:49:00,18,49,5,0,6.7859,0.019,0.0008
2026-09-12 18:50:00,18,50,5,0,8.8851,0.035,0.0011
2026-09-12 18:51:00,18,51,5,0,6.6593,0.0,0.0008
2026-09-12 18:52:00,18,52,5,0,8.6356,0.019,0.0016
2026-09-12 18:53:00,18,53,5,0,5.9223,0.035,0.0016
2026-09-12 18:54:00,18,54,5,0,7.3222,0.003,0.0002
2026-09-12 18:55:00,18,55,5,0,4.4583,0.003,0.0017
2026-09-12 18:56:00,18,56,5,0,7.6914,0.018,0.0014
2026-09-12 18:57:00,18,57,5,0,7.3387,0.009,0.0009
2026-09-12 18:58:00,18,58,5,0,6.9494,0.043,0.0012
2026-09-12 18:59:00,18,59,5,1,7.0202,0.028,0.0019
2026-09-12 19:00:00,19,0,5,0,9.3528,0.027,0.0016
2026-09-12 19:01:00,19,1,5,0,6.9332,0.004,0.0019
2026-09-12 19:02:00,19,2,5,0,6.4953,0.02,0.0005
2026-09-12 19:03:00,19,3,5,0,6.6527,0.022,0.0005
2026-09-12 19:04:00,19,4,5,0,4.1227,0.028,0.0012
2026-09-12 19:05:00,19,5,5,0,5.805,0.028,0.0019
2026-09-12 19:06:00,19,6,5,0,4.8597,0.044,0.0019
2026-09-12 19:07:00,19,7,5,0,9.2165,0.031,0.0017
2026-09-12 19:08:00,19,8,5,0,4.6779,0.006,0.002
2026-09-12 19:09:00,19,9,5,0,7.5057,0.029,0.0016
2026-09-12 19:10:00,19,10,5,0,7.376,0.002,0.0015
2026-09-12 19:11:00,19,11,5,0,5.2326,0.038,0.0016
2026-09-12 19:12:00,19,12,5,1,4.8191,0.028,0.0004
2026-09-12 19:13:00,19,13,5,0,5.4104,0.03,0.0011
2026-09-12 19:14:00,19,14,5,0,7.9547,0.034,0.0012
2026-09-12 19:15:00,19,15,5,0,9.0071,0.004,0.0005
2026-09-12 19:16:00,19,16,5,0,6.2579,0.012,0.0005
2026-09-12 19:17:00,19,17,5,0,5.8773,0.004,0.0019
2026-09-12 19:18:00,19,18,5,0,4.4459,0.014,0.0014
2026-09-12 19:19:00,19,19,5,0,7.4493,0.013,0.0
2026-09-12 19:20:00,19,20,5,0,4.4145,0.032,0.001
2026-09-12 19:21:00,19,21,5,0,4.664,0.037,0.002
2026-09-12 19:22:00,19,22,5,0,4.3997,0.034,0.0007
2026-09-12 19:23:00,19,23,5,1,4.4343,0.008,0.0016
2026-09-12 19:24:00,19,24,5,0,6.3391,0.031,0.0011
2026-09-12 19:25:00,19,25,5,0,5.7145,0.017,0.0018
2026-09-12 19:26:00,19,26,5,1,4.5144,0.012,0.0011
2026-09-12 19:27:00,19,27,5,0,9.3504,0.006,0.002
2026-09-12 19:28:00,19,28,5,0,4.2084,0.038,0.0014
2026-09-12 19:29:00,19,29,5,1,4.4156,0.012,0.0012
2026-09-12 19:30:00,19,30,5,0,5.3339,0.019,0.0011
2026-09-12 19:31:00,19,31,5,0,7.3788,0.038,0.0002
2026-09-12 19:32:00,19,32,5,1,8.375,0.004,0.0017
2026-09-12 19:33:00,19,33,5,0,4.2683,0.041,0.0009
2026-09-12 19:34:00,19,34,5,0,8.1621,0.016,0.0015
2026-09-12 19:35:00,19,35,5,0,5.381,0.025,0.0017
2026-09-12 19:36:00,19,36,5,0,7.6308,0.035,0.0011
2026-09-12 19:37:00,19,37,5,1,8.4015,0.016,0.0001
2026-09-12 19:38:00,19,38,5,0,7.1651,0.027,0.0012
2026-09-12 19:39:00,19,39,5,0,8.8719,0.042,0.0001
2026-09-12 19:40:00,19,40,5,0,6.9441,0.028,0.0
2026-09-12 19:41:00,19,41,5,0,4.1659,0.001,0.0011
2026-09-12 19:42:00,19,42,5,0,7.8652,0.007,0.0007
2026-09-12 19:43:00,19,43,5,0,6.074,0.022,0.0009
2026-09-12 19:44:00,19,44,5,0,8.1761,0.033,0.0013
2026-09-12 19:45:00,19,45,5,0,5.5039,0.033,0.0018
2026-09-12 19:46:00,19,46,5,0,7.0906,0.004,0.0012
2026-09-12 19:47:00,19,47,5,0,7.7678,0.019,0.0009
2026-09-12 19:48:00,19,48,5,0,4.2085,0.034,0.0013
2026-09-12 19:49:00,19,49,5,0,7.4561,0.044,0.0008
2026-09-12 19:50:00,19,50,5,0,6.8549,0.038,0.0005
2026-09-12 19:51:00,19,51,5,0,6.9448,0.012,0.0001
2026-09-12 19:52:00,19,52,5,0,6.0846,0.023,0.001
2026-09-12 19:53:00,19,53,5,0,7.8097,0.044,0.0019
2026-09-12 19:54:00,19,54,5,0,4.8665,0.002,0.0002
2026-09-12 19:55:00,19,55,5,0,4.0176,0.007,0.0003
2026-09-12 19:56:00,19,56,5,0,7.44,0.014,0.0015
2026-09-12 19:57:00,19,57,5,1,6.7241,0.011,0.0019
2026-09-12 19:58:00,19,58,5,1,4.3228,0.004,0.0008
2026-09-12 19:59:00,19,59,5,0,7.3598,0.01,0.0005
2026-09-12 20:00:00,20,0,5,0,8.8597,0.016,0.0017
2026-09-12 20:01:00,20,1,5,0,8.6212,0.042,0.0011
2026-09-12 20:02:00,20,2,5,0,5.7522,0.014,0.0016
2026-09-12 20:03:00,20,3,5,0,5.657,0.005,0.0001
2026-09-12 20:04:00,20,4,5,1,4.0318,0.005,0.0013
2026-09-12 20:05:00,20,5,5,0,5.2874,0.037,0.0005
2026-09-12 20:06:00,20,6,5,0,6.7043,0.009,0.0015
2026-09-12 20:07:00,20,7,5,0,6.6551,0.028,0.0011
2026-09-12 20:08:00,20,8,5,0,4.4922,0.019,0.0019
2026-09-12 20:09:00,20,9,5,0,4.2132,0.009,0.0019
2026-09-12 20:10:00,20,10,5,0,8.9627,0.019,0.0011
2026-09-12 20:11:00,20,11,5,0,4.2251,0.029,0.0003
2026-09-12 20:12:00,20,12,5,0,8.0837,0.008,0.0006
2026-09-12 20:13:00,20,13,5,0,8.8674,0.034,0.0007
2026-09-12 20:14:00,20,14,5,0,5.656,0.044,0.0015
2026-09-12 20:15:00,20,15,5,1,4.3081,0.043,0.0015
2026-09-12 20:16:00,20,16,5,0,9.0157,0.028,0.0008
2026-09-12 20:17:00,20,17,5,0,9.3566,0.009,0.0
2026-09-12 20:18:00,20,18,5,0,6.5222,0.036,0.0018
2026-09-12 20:19:00,20,19,5,0,6.4259,0.014,0.0
2026-09-12 20:20:00,20,20,5,0,5.8282,0.032,0.0015
2026-09-12 20:21:00,20,21,5,0,5.5781,0.033,0.0012
2026-09-12 20:22:00,20,22,5,0,6.036,0.031,0.0004
2026-09-12 20:23:00,20,23,5,0,8.2745,0.033,0.0012
2026-09-12 20:24:00,20,24,5,0,7.1819,0.04,0.0008
2026-09-12 20:25:00,20,25,5,0,6.003,0.031,0.0015
2026-09-12 20:26:00,20,26,5,1,5.9606,0.013,0.0009
2026-09-12 20:27:00,20,27,5,0,9.443,0.038,0.0007
2026-09-12 20:28:00,20,28,5,0,5.8913,0.044,0.001
2026-09-12 20:29:00,20,29,5,0,4.5015,0.011,0.0011
2026-09-12 20:30:00,20,30,5,0,7.4325,0.007,0.0001
2026-09-12 20:31:00,20,31,5,0,7.2521,0.034,0.0002
2026-09-12 20:32:00,20,32,5,0,7.8991,0.036,0.0012
2026-09-12 20:33:00,20,33,5,1,7.7809,0.018,0.0013
2026-09-12 20:34:00,20,34,5,1,4.8847,0.008,0.0002
2026-09-12 20:35:00,20,35,5,0,5.0996,0.017,0.001
2026-09-12 20:36:00,20,36,5,1,5.4847,0.017,0.0012
2026-09-12 20:37:00,20,37,5,1,6.1682,0.039,0.0015
2026-09-12 20:38:00,20,38,5,0,6.0789,0.034,0.001
2026-09-12 20:39:00,20,39,5,0,6.2934,0.01,0.0005
2026-09-12 20:40:00,20,40,5,0,6.4415,0.009,0.001
2026-09-12 20:41:00,20,41,5,0,8.9852,0.036,0.001
2026-09-12 20:42:00,20,42,5,0,8.0871,0.006,0.001
2026-09-12 20:43:00,20,43,5,0,8.9426,0.042,0.0002
2026-09-12 20:44:00,20,44,5,0,5.3473,0.022,0.0004
2026-09-12 20:45:00,20,45,5,0,4.4301,0.023,0.0006
2026-09-12 20:46:00,20,46,5,0,4.2649,0.033,0.0005
2026-09-12 20:47:00,20,47,5,0,6.9908,0.042,0.0002
2026-09-12 20:48:00,20,48,5,0,6.8489,0.044,0.0011
2026-09-12 20:49:00,20,49,5,0,6.2732,0.017,0.0005
2026-09-12 20:50:00,20,50,5,1,7.5536,0.008,0.0001
2026-09-12 20:51:00,20,51,5,0,4.3024,0.023,0.0004
2026-09-12 20:52:00,20,52,5,0,8.756,0.034,0.0009
2026-09-12 20:53:00,20,53,5,0,7.2703,0.034,0.001
2026-09-12 20:54:00,20,54,5,0,4.5048,0.041,0.0017
2026-09-12 20:55:00,20,55,5,0,6.2996,0.028,0.0004
2026-09-12 20:56:00,20,56,5,0,8.5436,0.003,0.0001
2026-09-12 20:57:00,20,57,5,0,6.7241,0.032,0.0016
2026-09-12 20:58:00,20,58,5,0,5.1765,0.021,0.0004
2026-09-12 20:59:00,20,59,5,0,6.4044,0.004,0.0013
2026-09-12 21:00:00,21,0,5,0,4.8139,0.034,0.0008
2026-09-12 21:01:00,21,1,5,0,4.3207,0.028,0.0001
2026-09-12 21:02:00,21,2,5,0,9.174,0.031,0.0002
2026-09-12 21:03:00,21,3,5,0,7.8181,0.007,0.0018
2026-09-12 21:04:00,21,4,5,0,5.7605,0.024,0.0006
2026-09-12 21:05:00,21,5,5,0,7.8333,0.011,0.0014
2026-09-12 21:06:00,21,6,5,0,9.3572,0.01,0.0001
2026-09-12 21:07:00,21,7,5,0,5.664,0.025,0.0004
2026-09-12 21:08:00,21,8,5,0,6.1826,0.028,0.0007
2026-09-12 21:09:00,21,9,5,0,6.5352,0.008,0.0015
2026-09-12 21:10:00,21,10,5,0,5.2575,0.041,0.0018
2026-09-12 21:11:00,21,11,5,0,4.9868,0.023,0.0
2026-09-12 21:12:00,21,12,5,0,4.5023,0.001,0.0009
2026-09-12 21:13:00,21,13,5,0,4.4725,0.037,0.0017
2026-09-12 21:14:00,21,14,5,0,7.9398,0.043,0.001
2026-09-12 21:15:00,21,15,5,0,4.2735,0.007,0.0004
2026-09-12 21:16:00,21,16,5,0,8.4817,0.006,0.0005
2026-09-12 21:17:00,21,17,5,0,7.0092,0.018,0.0014
2026-09-12 21:18:00,21,18,5,0,6.8431,0.032,0.001
2026-09-12 21:19:00,21,19,5,1,7.2235,0.011,0.0004
2026-09-12 21:20:00,21,20,5,0,5.8146,0.035,0.0019
2026-09-12 21:21:00,21,21,5,0,5.0089,0.013,0.0006
2026-09-12 21:22:00,21,22,5,0,7.7321,0.008,0.0016
2026-09-12 21:23:00,21,23,5,0,5.7333,0.013,0.0012
2026-09-12 21:24:00,21,24,5,0,5.7017,0.0,0.0006
2026-09-12 21:25:00,21,25,5,0,7.7963,0.015,0.0006
2026-09-12 21:26:00,21,26,5,0,7.0891,0.016,0.001
2026-09-12 21:27:00,21,27,5,0,6.4721,0.018,0.0014
2026-09-12 21:28:00,21,28,5,0,8.8948,0.029,0.0017
2026-09-12 21:29:00,21,29,5,0,6.8229,0.002,0.0004
2026-09-12 21:30:00,21,30,5,0,8.8621,0.041,0.0003
2026-09-12 21:31:00,21,31,5,0,6.6912,0.005,0.0013
2026-09-12 21:32:00,21,32,5,0,5.3302,0.014,0.0011
2026-09-12 21:33:00,21,33,5,0,6.9183,0.014,0.0001
2026-09-12 21:34:00,21,34,5,0,4.9042,0.013,0.0009
2026-09-12 21:35:00,21,35,5,0,5.3499,0.044,0.001
2026-09-12 21:36:00,21,36,5,0,4.2042,0.015,0.001
2026-09-12 21:37:00,21,37,5,0,5.8153,0.02,0.0016
2026-09-12 21:38:00,21,38,5,0,4.8348,0.015,0.0013
2026-09-12 21:39:00,21,39,5,0,8.1982,0.038,0.0011
2026-09-12 21:40:00,21,40,5,0,5.0773,0.005,0.002
2026-09-12 21:41:00,21,41,5,0,8.6902,0.034,0.001
2026-09-12 21:42:00,21,42,5,1,7.4319,0.005,0.0011
2026-09-12 21:43:00,21,43,5,0,4.5892,0.044,0.0011
2026-09-12 21:44:00,21,44,5,1,6.7308,0.043,0.0008
2026-09-12 21:45:00,21,45,5,0,8.4638,0.035,0.0016
2026-09-12 21:46:00,21,46,5,0,5.485,0.009,0.0003
2026-09-12 21:47:00,21,47,5,0,8.935,0.041,0.0004
2026-09-12 21:48:00,21,48,5,0,9.4994,0.03,0.0007
2026-09-12 21:49:00,21,49,5,0,9.2781,0.015,0.0015
2026-09-12 21:50:00,21,50,5,0,4.8008,0.007,0.0013
2026-09-12 21:51:00,21,51,5,0,8.7648,0.011,0.0009
2026-09-12 21:52:00,21,52,5,0,7.5788,0.012,0.0005
2026-09-12 21:53:00,21,53,5,0,5.2367,0.009,0.0004
2026-09-12 21:54:00,21,54,5,0,4.6554,0.042,0.0003
2026-09-12 21:55:00,21,55,5,0,5.143,0.043,0.0014
2026-09-12 21:56:00,21,56,5,0,8.9063,0.001,0.0015
2026-09-12 21:57:00,21,57,5,0,7.5708,0.022,0.0004
2026-09-12 21:58:00,21,58,5,0,6.6755,0.043,0.0011
2026-09-12 21:59:00,21,59,5,0,8.4544,0.043,0.0017
2026-09-12 22:00:00,22,0,5,0,9.4804,0.008,0.0001
2026-09-12 22:01:00,22,1,5,0,4.2918,0.041,0.0017
2026-09-12 22:02:00,22,2,5,0,4.2144,0.042,0.0012
2026-09-12 22:03:00,22,3,5,0,8.6766,0.004,0.0016
2026-09-12 22:04:00,22,4,5,0,4.2379,0.033,0.0018
2026-09-12 22:05:00,22,5,5,0,6.5821,0.029,0.0005
2026-09-12 22:06:00,22,6,5,0,6.1193,0.019,0.0012
2026-09-12 22:07:00,22,7,5,1,5.6584,0.017,0.0005
2026-09-12 22:08:00,22,8,5,0,5.9168,0.003,0.0009
2026-09-12 22:09:00,22,9,5,1,8.2851,0.007,0.0003
2026-09-12 22:10:00,22,10,5,0,7.5652,0.001,0.0003
2026-09-12 22:11:00,22,11,5,1,8.2143,0.031,0.0006
2026-09-12 22:12:00,22,12,5,0,6.0223,0.02,0.0017
2026-09-12 22:13:00,22,13,5,0,4.4358,0.037,0.001
2026-09-12 22:14:00,22,14,5,0,4.6228,0.001,0.0019
2026-09-12 22:15:00,22,15,5,0,4.2834,0.041,0.0005
2026-09-12 22:16:00,22,16,5,0,7.2181,0.003,0.0003
2026-09-12 22:17:00,22,17,5,0,8.3238,0.037,0.0012
2026-09-12 22:18:00,22,18,5,0,7.0857,0.037,0.0001
2026-09-12 22:19:00,22,19,5,0,8.1845,0.042,0.0014
2026-09-12 22:20:00,22,20,5,0,8.2104,0.04,0.0014
2026-09-12 22:21:00,22,21,5,0,8.8998,0.036,0.0015
2026-09-12 22:22:00,22,22,5,0,7.7607,0.009,0.0019
2026-09-12 22:23:00,22,23,5,0,8.7222,0.042,0.0009
2026-09-12 22:24:00,22,24,5,0,8.6008,0.03,0.0008
2026-09-12 22:25:00,22,25,5,1,4.3359,0.028,0.0008
2026-09-12 22:26:00,22,26,5,0,6.7039,0.045,0.0008
2026-09-12 22:27:00,22,27,5,0,7.2454,0.031,0.0013
2026-09-12 22:28:00,22,28,5,1,4.947,0.019,0.0015
2026-09-12 22:29:00,22,29,5,0,7.7328,0.018,0.0005
2026-09-12 22:30:00,22,30,5,0,5.5924,0.001,0.0003
2026-09-12 22:31:00,22,31,5,0,8.6147,0.0,0.0013
2026-09-12 22:32:00,22,32,5,0,7.3222,0.033,0.0012
2026-09-12 22:33:00,22,33,5,0,4.203,0.026,0.0002
2026-09-12 22:34:00,22,34,5,0,6.8472,0.015,0.0001
2026-09-12 22:35:00,22,35,5,0,6.3302,0.007,0.0019
2026-09-12 22:36:00,22,36,5,0,5.9487,0.0,0.0011
2026-09-12 22:37:00,22,37,5,0,5.8745,0.004,0.002
2026-09-12 22:38:00,22,38,5,0,7.5718,0.043,0.0001
2026-09-12 22:39:00,22,39,5,0,5.4933,0.045,0.0015
2026-09-12 22:40:00,22,40,5,0,7.7089,0.004,0.0001
2026-09-12 22:41:00,22,41,5,0,6.5087,0.033,0.0008
2026-09-12 22:42:00,22,42,5,0,9.4893,0.043,0.002
2026-09-12 22:43:00,22,43,5,0,9.0471,0.012,0.0001
2026-09-12 22:44:00,22,44,5,0,5.8877,0.002,0.0019
2026-09-12 22:45:00,22,45,5,1,5.1873,0.026,0.0006
2026-09-12 22:46:00,22,46,5,0,7.1476,0.013,0.0
2026-09-12 22:47:00,22,47,5,0,6.8319,0.007,0.0009
2026-09-12 22:48:00,22,48,5,0,5.1998,0.009,0.0011
2026-09-12 22:49:00,22,49,5,0,7.1606,0.018,0.0009
2026-09-12 22:50:00,22,50,5,0,6.045,0.029,0.0006
2026-09-12 22:51:00,22,51,5,0,8.0703,0.017,0.001
2026-09-12 22:52:00,22,52,5,0,4.0698,0.017,0.0004
2026-09-12 22:53:00,22,53,5,1,4.272,0.014,0.0015
2026-09-12 22:54:00,22,54,5,0,9.1237,0.027,0.0014
2026-09-12 22:55:00,22,55,5,0,8.6288,0.036,0.0007
2026-09-12 22:56:00,22,56,5,0,9.2003,0.007,0.0001
2026-09-12 22:57:00,22,57,5,1,4.5725,0.009,0.0009
2026-09-12 22:58:00,22,58,5,0,8.3109,0.041,0.0018
2026-09-12 22:59:00,22,59,5,0,7.2023,0.04,0.0004
2026-09-12 23:00:00,23,0,5,1,4.1069,0.023,0.0019
2026-09-12 23:01:00,23,1,5,0,8.4477,0.005,0.0018
2026-09-12 23:02:00,23,2,5,0,5.9624,0.001,0.0011
2026-09-12 23:03:00,23,3,5,0,9.3007,0.038,0.0008
2026-09-12 23:04:00,23,4,5,0,6.3657,0.031,0.0009
2026-09-12 23:05:00,23,5,5,0,7.7351,0.038,0.001
2026-09-12 23:06:00,23,6,5,0,4.5781,0.005,0.0003
2026-09-12 23:07:00,23,7,5,0,7.8486,0.013,0.0015
2026-09-12 23:08:00,23,8,5,0,9.1821,0.043,0.0007
2026-09-12 23:09:00,23,9,5,0,6.0833,0.041,0.001
2026-09-12 23:10:00,23,10,5,1,6.6375,0.021,0.0013
2026-09-12 23:11:00,23,11,5,1,4.2704,0.015,0.0002
2026-09-12 23:12:00,23,12,5,0,9.4407,0.025,0.0016
2026-09-12 23:13:00,23,13,5,0,8.2753,0.029,0.001
2026-09-12 23:14:00,23,14,5,0,7.926,0.031,0.0016
2026-09-12 23:15:00,23,15,5,0,5.4202,0.035,0.0011
2026-09-12 23:16:00,23,16,5,1,4.4956,0.04,0.0003
2026-09-12 23:17:00,23,17,5,0,7.5803,0.02,0.0012
2026-09-12 23:18:00,23,18,5,0,8.0592,0.044,0.0014
2026-09-12 23:19:00,23,19,5,1,7.3248,0.009,0.0005
2026-09-12 23:20:00,23,20,5,0,4.8289,0.043,0.001
2026-09-12 23:21:00,23,21,5,0,5.108,0.001,0.0017
2026-09-12 23:22:00,23,22,5,0,4.403,0.027,0.0019
2026-09-12 23:23:00,23,23,5,0,9.3709,0.037,0.0006
2026-09-12 23:24:00,23,24,5,0,7.1171,0.029,0.0006
2026-09-12 23:25:00,23,25,5,0,7.6564,0.002,0.0011
2026-09-12 23:26:00,23,26,5,1,7.158,0.022,0.0017
2026-09-12 23:27:00,23,27,5,0,5.6527,0.005,0.0017
2026-09-12 23:28:00,23,28,5,0,4.1491,0.002,0.0001
2026-09-12 23:29:00,23,29,5,0,5.7395,0.015,0.0001
2026-09-12 23:30:00,23,30,5,0,8.2126,0.032,0.0009
2026-09-12 23:31:00,23,31,5,0,5.2085,0.039,0.0015
2026-09-12 23:32:00,23,32,5,0,6.6896,0.044,0.0019
2026-09-12 23:33:00,23,33,5,0,5.7677,0.031,0.0008
2026-09-12 23:34:00,23,34,5,0,5.7785,0.034,0.0011
2026-09-12 23:35:00,23,35,5,0,7.2888,0.001,0.0002
2026-09-12 23:36:00,23,36,5,0,4.6401,0.001,0.0002
2026-09-12 23:37:00,23,37,5,0,4.8581,0.017,0.0007
2026-09-12 23:38:00,23,38,5,0,8.7384,0.024,0.0002
2026-09-12 23:39:00,23,39,5,0,6.6879,0.043,0.0002
2026-09-12 23:40:00,23,40,5,0,5.4768,0.041,0.0011
2026-09-12 23:41:00,23,41,5,1,4.6199,0.014,0.0011
2026-09-12 23:42:00,23,42,5,1,9.1934,0.023,0.0006
2026-09-12 23:43:00,23,43,5,0,7.8058,0.002,0.0018
2026-09-12 23:44:00,23,44,5,0,7.4584,0.045,0.0009
2026-09-12 23:45:00,23,45,5,0,9.4019,0.034,0.0006
2026-09-12 23:46:00,23,46,5,0,4.9468,0.015,0.0014
2026-09-12 23:47:00,23,47,5,0,4.6911,0.042,0.0013
2026-09-12 23:48:00,23,48,5,0,8.6671,0.007,0.0
2026-09-12 23:49:00,23,49,5,0,6.0841,0.022,0.0011
2026-09-12 23:50:00,23,50,5,0,9.3495,0.019,0.0013
2026-09-12 23:51:00,23,51,5,0,4.9318,0.005,0.0015
2026-09-12 23:52:00,23,52,5,0,8.5454,0.021,0.002
2026-09-12 23:53:00,23,53,5,0,9.1234,0.033,0.0015
2026-09-12 23:54:00,23,54,5,0,4.2599,0.022,0.0014
2026-09-12 23:55:00,23,55,5,0,5.4355,0.012,0.0014
2026-09-12 23:56:00,23,56,5,0,4.583,0.02,0.0013
2026-09-12 23:57:00,23,57,5,0,7.2901,0.01,0.0001
2026-09-12 23:58:00,23,58,5,0,9.4396,0.041,0.0008
2026-09-12 23:59:00,23,59,5,0,6.766,0.013,0.0018
