source,data,ts
wifi_occupancy,"{""node_id"": ""corridor_node_1"", ""people_count"": 5, ""device_count_raw"": 5, ""csi_variance"": 1.7101, ""csi_people_estimate"": 0, ""ts"": ""2026-09-05T14:52:48.551580""}",2026-09-05T14:52:48.551580
wifi_occupancy,"{""node_id"": ""corridor_node_1"", ""people_count"": 5, ""device_count_raw"": 5, ""csi_variance"": 2.7582, ""csi_people_estimate"": 0, ""ts"": ""2026-09-05T14:52:53.347451""}",2026-09-05T14:52:53.347451
wifi_occupancy,"{""node_id"": ""corridor_node_1"", ""people_count"": 5, ""device_count_raw"": 5, ""csi_variance"": 13.5121, ""csi_people_estimate"": 1, ""ts"": ""2026-09-05T14:52:58.257670""}",2026-09-05T14:52:58.257670
wifi_occupancy,"{""node_id"": ""corridor_node_1"", ""people_count"": 5, ""device_count_raw"": 5, ""csi_variance"": 12.7353, ""csi_people_estimate"": 1, ""ts"": ""2026-09-05T14:53:03.273234""}",2026-09-05T14:53:03.273234
wifi_occupancy,"{""node_id"": ""corridor_node_1"", ""people_count"": 5, ""device_count_raw"": 5, ""csi_variance"": 8.4347, ""csi_people_estimate"": 1, ""ts"": ""2026-09-05T14:53:08.204577""}",2026-09-05T14:53:08.204577
wifi_occupancy,"{""node_id"": ""corridor_node_1"", ""people_count"": 6, ""device_count_raw"": 6, ""csi_variance"": 3.5721, ""csi_people_estimate"": 0, ""ts"": ""2026-09-05T14:53:13.206869""}",2026-09-05T14:53:13.206869
wifi_occupancy,"{""node_id"": ""corridor_node_1"", ""people_count"": 6, ""device_count_raw"": 6, ""csi_variance"": 6.1743, ""csi_people_estimate"": 0, ""ts"": ""2026-09-05T14:53:18.232544""}",2026-09-05T14:53:18.232544
wifi_occupancy,"{""node_id"": ""corridor_node_1"", ""people_count"": 6, ""device_count_raw"": 6, ""csi_variance"": 2.4958, ""csi_people_estimate"": 0, ""ts"": ""2026-09-05T14:53:23.660706""}",2026-09-05T14:53:23.660706
wifi_occupancy,"{""node_id"": ""corridor_node_1"", ""people_count"": 6, ""device_count_raw"": 6, ""csi_variance"": 7.5046, ""csi_people_estimate"": 1, ""ts"": ""2026-09-05T14:53:28.264987""}",2026-09-05T14:53:28.264987
wifi_occupancy,"{""node_id"": ""corridor_node_1"", ""people_count"": 7, ""device_count_raw"": 7, ""csi_variance"": 3.1425, ""csi_people_estimate"": 0, ""ts"": ""2026-09-05T14:53:33.176227""}",2026-09-05T14:53:33.176227
wifi_occupancy,"{""node_id"": ""corridor_node_1"", ""people_count"": 5, ""device_count_raw"": 5, ""csi_variance"": 4.8637, ""csi_people_estimate"": 0, ""ts"": ""2026-09-05T14:53:38.130360""}",2026-09-05T14:53:38.130360
wifi_occupancy,"{""node_id"": ""corridor_node_1"", ""people_count"": 5, ""device_count_raw"": 5, ""csi_variance"": 0.8167, ""csi_people_estimate"": 0, ""ts"": ""2026-09-05T14:53:43.209860""}",2026-09-05T14:53:43.209860
wifi_occupancy,"{""node_id"": ""corridor_node_1"", ""people_count"": 5, ""device_count_raw"": 5, ""csi_variance"": 1.8805, ""csi_people_estimate"": 0, ""ts"": ""2026-09-05T14:53:48.431939""}",2026-09-05T14:53:48.431939
wifi_occupancy,"{""node_id"": ""corridor_node_1"", ""people_count"": 5, ""device_count_raw"": 5, ""csi_variance"": 0.7195, ""csi_people_estimate"": 0, ""ts"": ""2026-09-05T14:53:53.142975""}",2026-09-05T14:53:53.142975
wifi_occupancy,"{""node_id"": ""corridor_node_1"", ""people_count"": 5, ""device_count_raw"": 5, ""csi_variance"": 1.9062, ""csi_people_estimate"": 0, ""ts"": ""2026-09-05T14:53:58.160551""}",2026-09-05T14:53:58.160551
wifi_occupancy,"{""node_id"": ""corridor_node_1"", ""people_count"": 5, ""device_count_raw"": 5, ""csi_variance"": 1.4614, ""csi_people_estimate"": 0, ""ts"": ""2026-09-05T14:54:03.281952""}",2026-09-05T14:54:03.281952
wifi_occupancy,"{""node_id"": ""corridor_node_1"", ""people_count"": 5, ""device_count_raw"": 5, ""csi_variance"": 6.0406, ""csi_people_estimate"": 0, ""ts"": ""2026-09-05T14:54:08.708077""}",2026-09-05T14:54:08.708077
wifi_occupancy,"{""node_id"": ""corridor_node_1"", ""people_count"": 4, ""device_count_raw"": 4, ""csi_variance"": 3.2107, ""csi_people_estimate"": 0, ""ts"": ""2026-09-05T14:54:13.221320""}",2026-09-05T14:54:13.221320
wifi_occupancy,"{""node_id"": ""corridor_node_1"", ""people_count"": 4, ""device_count_raw"": 4, ""csi_variance"": 7.5031, ""csi_people_estimate"": 1, ""ts"": ""2026-09-05T14:54:18.244171""}",2026-09-05T14:54:18.244171
wifi_occupancy,"{""node_id"": ""corridor_node_1"", ""people_count"": 4, ""device_count_raw"": 4, ""csi_variance"": 12.7363, ""csi_people_estimate"": 1, ""ts"": ""2026-09-05T14:54:23.252064""}",2026-09-05T14:54:23.252064
wifi_occupancy,"{""node_id"": ""corridor_node_1"", ""people_count"": 3, ""device_count_raw"": 3, ""csi_variance"": 9.1454, ""csi_people_estimate"": 1, ""ts"": ""2026-09-05T14:54:28.188465""}",2026-09-05T14:54:28.188465
wifi_occupancy,"{""node_id"": ""corridor_node_1"", ""people_count"": 2, ""device_count_raw"": 2, ""csi_variance"": 0.7917, ""csi_people_estimate"": 0, ""ts"": ""2026-09-05T14:54:33.183045""}",2026-09-05T14:54:33.183045
wifi_occupancy,"{""node_id"": ""corridor_node_1"", ""people_count"": 2, ""device_count_raw"": 2, ""csi_variance"": 11.2077, ""csi_people_estimate"": 1, ""ts"": ""2026-09-05T14:54:38.199351""}",2026-09-05T14:54:38.199351
wifi_occupancy,"{""node_id"": ""corridor_node_1"", ""people_count"": 3, ""device_count_raw"": 3, ""csi_variance"": 1.3517, ""csi_people_estimate"": 0, ""ts"": ""2026-09-05T14:54:43.218290""}",2026-09-05T14:54:43.218290
wifi_occupancy,"{""node_id"": ""corridor_node_1"", ""people_count"": 3, ""device_count_raw"": 3, ""csi_variance"": 4.9791, ""csi_people_estimate"": 0, ""ts"": ""2026-09-05T14:54:48.118029""}",2026-09-05T14:54:48.118029
wifi_occupancy,"{""node_id"": ""corridor_node_1"", ""people_count"": 3, ""device_count_raw"": 3, ""csi_variance"": 6.3182, ""csi_people_estimate"": 0, ""ts"": ""2026-09-05T14:54:53.120829""}",2026-09-05T14:54:53.120829
wifi_occupancy,"{""node_id"": ""corridor_node_1"", ""people_count"": 3, ""device_count_raw"": 3, ""csi_variance"": 5.105, ""csi_people_estimate"": 0, ""ts"": ""2026-09-05T14:54:58.168456""}",2026-09-05T14:54:58.168456
wifi_occupancy,"{""node_id"": ""corridor_node_1"", ""people_count"": 3, ""device_count_raw"": 3, ""csi_variance"": 5.4248, ""csi_people_estimate"": 0, ""ts"": ""2026-09-05T14:55:03.130087""}",2026-09-05T14:55:03.130087
wifi_occupancy,"{""node_id"": ""corridor_node_1"", ""people_count"": 3, ""device_count_raw"": 3, ""csi_variance"": 2.0764, ""csi_people_estimate"": 0, ""ts"": ""2026-09-05T14:55:08.124904""}",2026-09-05T14:55:08.124904
wifi_occupancy,"{""node_id"": ""corridor_node_1"", ""people_count"": 3, ""device_count_raw"": 3, ""csi_variance"": 3.0717, ""csi_people_estimate"": 0, ""ts"": ""2026-09-05T14:55:13.129603""}",2026-09-05T14:55:13.129603
wifi_occupancy,"{""node_id"": ""corridor_node_1"", ""people_count"": 4, ""device_count_raw"": 4, ""csi_variance"": 5.0061, ""csi_people_estimate"": 0, ""ts"": ""2026-09-05T14:55:18.130421""}",2026-09-05T14:55:18.130421
wifi_occupancy,"{""node_id"": ""corridor_node_1"", ""people_count"": 4, ""device_count_raw"": 4, ""csi_variance"": 1.7123, ""csi_people_estimate"": 0, ""ts"": ""2026-09-05T14:55:23.316967""}",2026-09-05T14:55:23.316967
wifi_occupancy,"{""node_id"": ""corridor_node_1"", ""people_count"": 4, ""device_count_raw"": 4, ""csi_variance"": 2.139, ""csi_people_estimate"": 0, ""ts"": ""2026-09-05T14:55:28.132407""}",2026-09-05T14:55:28.132407
wifi_occupancy,"{""node_id"": ""corridor_node_1"", ""people_count"": 4, ""device_count_raw"": 4, ""csi_variance"": 3.1745, ""csi_people_estimate"": 0, ""ts"": ""2026-09-05T14:55:33.183453""}",2026-09-05T14:55:33.183453
wifi_occupancy,"{""node_id"": ""corridor_node_1"", ""people_count"": 4, ""device_count_raw"": 4, ""csi_variance"": 67.7132, ""csi_people_estimate"": 3, ""ts"": ""2026-09-05T14:55:38.207828""}",2026-09-05T14:55:38.207828
wifi_occupancy,"{""node_id"": ""corridor_node_1"", ""people_count"": 4, ""device_count_raw"": 4, ""csi_variance"": 15.7709, ""csi_people_estimate"": 2, ""ts"": ""2026-09-05T14:55:43.224519""}",2026-09-05T14:55:43.224519
wifi_occupancy,"{""node_id"": ""corridor_node_1"", ""people_count"": 4, ""device_count_raw"": 4, ""csi_variance"": 16.6502, ""csi_people_estimate"": 2, ""ts"": ""2026-09-05T14:55:48.139964""}",2026-09-05T14:55:48.139964
wifi_occupancy,"{""node_id"": ""corridor_node_1"", ""people_count"": 4, ""device_count_raw"": 4, ""csi_variance"": 6.7568, ""csi_people_estimate"": 0, ""ts"": ""2026-09-05T14:55:53.159891""}",2026-09-05T14:55:53.159891
wifi_occupancy,"{""node_id"": ""corridor_node_1"", ""people_count"": 4, ""device_count_raw"": 4, ""csi_variance"": 7.1382, ""csi_people_estimate"": 1, ""ts"": ""2026-09-05T14:55:58.172838""}",2026-09-05T14:55:58.172838
wifi_occupancy,"{""node_id"": ""corridor_node_1"", ""people_count"": 4, ""device_count_raw"": 4, ""csi_variance"": 2.029, ""csi_people_estimate"": 0, ""ts"": ""2026-09-05T14:56:03.396499""}",2026-09-05T14:56:03.396499
wifi_occupancy,"{""node_id"": ""corridor_node_1"", ""people_count"": 4, ""device_count_raw"": 4, ""csi_variance"": 6.0235, ""csi_people_estimate"": 0, ""ts"": ""2026-09-05T14:56:08.209681""}",2026-09-05T14:56:08.209681
wifi_occupancy,"{""node_id"": ""corridor_node_1"", ""people_count"": 4, ""device_count_raw"": 4, ""csi_variance"": 4.2025, ""csi_people_estimate"": 0, ""ts"": ""2026-09-05T14:56:13.227909""}",2026-09-05T14:56:13.227909
wifi_occupancy,"{""node_id"": ""corridor_node_1"", ""people_count"": 3, ""device_count_raw"": 3, ""csi_variance"": 4.1055, ""csi_people_estimate"": 0, ""ts"": ""2026-09-05T14:56:18.117011""}",2026-09-05T14:56:18.117011
wifi_occupancy,"{""node_id"": ""corridor_node_1"", ""people_count"": 3, ""device_count_raw"": 3, ""csi_variance"": 3.2197, ""csi_people_estimate"": 0, ""ts"": ""2026-09-05T14:56:23.160066""}",2026-09-05T14:56:23.160066
wifi_occupancy,"{""node_id"": ""corridor_node_1"", ""people_count"": 3, ""device_count_raw"": 3, ""csi_variance"": 2.3635, ""csi_people_estimate"": 0, ""ts"": ""2026-09-05T14:56:28.114239""}",2026-09-05T14:56:28.114239
wifi_occupancy,"{""node_id"": ""corridor_node_1"", ""people_count"": 3, ""device_count_raw"": 3, ""csi_variance"": 2.3036, ""csi_people_estimate"": 0, ""ts"": ""2026-09-05T14:56:33.201302""}",2026-09-05T14:56:33.201302
wifi_occupancy,"{""node_id"": ""corridor_node_1"", ""people_count"": 4, ""device_count_raw"": 4, ""csi_variance"": 2.2987, ""csi_people_estimate"": 0, ""ts"": ""2026-09-05T14:56:38.214293""}",2026-09-05T14:56:38.215312
wifi_occupancy,"{""node_id"": ""corridor_node_1"", ""people_count"": 4, ""device_count_raw"": 4, ""csi_variance"": 3.4826, ""csi_people_estimate"": 0, ""ts"": ""2026-09-05T14:56:43.128296""}",2026-09-05T14:56:43.128296
wifi_occupancy,"{""node_id"": ""corridor_node_1"", ""people_count"": 4, ""device_count_raw"": 4, ""csi_variance"": 3.665, ""csi_people_estimate"": 0, ""ts"": ""2026-09-05T14:56:48.120627""}",2026-09-05T14:56:48.120627
wifi_occupancy,"{""node_id"": ""corridor_node_1"", ""people_count"": 3, ""device_count_raw"": 3, ""csi_variance"": 2.6161, ""csi_people_estimate"": 0, ""ts"": ""2026-09-05T14:56:53.164511""}",2026-09-05T14:56:53.164511
wifi_occupancy,"{""node_id"": ""corridor_node_1"", ""people_count"": 3, ""device_count_raw"": 3, ""csi_variance"": 2.6041, ""csi_people_estimate"": 0, ""ts"": ""2026-09-05T14:56:58.132805""}",2026-09-05T14:56:58.132805
wifi_occupancy,"{""node_id"": ""corridor_node_1"", ""people_count"": 3, ""device_count_raw"": 3, ""csi_variance"": 0.289, ""csi_people_estimate"": 0, ""ts"": ""2026-09-05T14:57:03.525798""}",2026-09-05T14:57:03.525798
wifi_occupancy,"{""node_id"": ""corridor_node_1"", ""people_count"": 3, ""device_count_raw"": 3, ""csi_variance"": 1.6465, ""csi_people_estimate"": 0, ""ts"": ""2026-09-05T14:57:08.217736""}",2026-09-05T14:57:08.217736
wifi_occupancy,"{""node_id"": ""corridor_node_1"", ""people_count"": 3, ""device_count_raw"": 3, ""csi_variance"": 2.9257, ""csi_people_estimate"": 0, ""ts"": ""2026-09-05T14:57:13.234752""}",2026-09-05T14:57:13.234752
wifi_occupancy,"{""node_id"": ""corridor_node_1"", ""people_count"": 4, ""device_count_raw"": 4, ""csi_variance"": 0.8097, ""csi_people_estimate"": 0, ""ts"": ""2026-09-05T14:57:18.154722""}",2026-09-05T14:57:18.154722
wifi_occupancy,"{""node_id"": ""corridor_node_1"", ""people_count"": 4, ""device_count_raw"": 4, ""csi_variance"": 0.7864, ""csi_people_estimate"": 0, ""ts"": ""2026-09-05T14:57:23.146806""}",2026-09-05T14:57:23.146806
wifi_occupancy,"{""node_id"": ""corridor_node_1"", ""people_count"": 4, ""device_count_raw"": 4, ""csi_variance"": 2.051, ""csi_people_estimate"": 0, ""ts"": ""2026-09-05T14:57:28.185623""}",2026-09-05T14:57:28.185623
wifi_occupancy,"{""node_id"": ""corridor_node_1"", ""people_count"": 4, ""device_count_raw"": 4, ""csi_variance"": 0.8808, ""csi_people_estimate"": 0, ""ts"": ""2026-09-05T14:57:33.205110""}",2026-09-05T14:57:33.205110
wifi_occupancy,"{""node_id"": ""corridor_node_1"", ""people_count"": 4, ""device_count_raw"": 4, ""csi_variance"": 3.6394, ""csi_people_estimate"": 0, ""ts"": ""2026-09-05T14:57:38.223907""}",2026-09-05T14:57:38.223907
wifi_occupancy,"{""node_id"": ""corridor_node_1"", ""people_count"": 4, ""device_count_raw"": 4, ""csi_variance"": 2.2026, ""csi_people_estimate"": 0, ""ts"": ""2026-09-05T14:57:43.116282""}",2026-09-05T14:57:43.116282
wifi_occupancy,"{""node_id"": ""corridor_node_1"", ""people_count"": 4, ""device_count_raw"": 4, ""csi_variance"": 1.2524, ""csi_people_estimate"": 0, ""ts"": ""2026-09-05T14:57:48.257958""}",2026-09-05T14:57:48.257958
wifi_occupancy,"{""node_id"": ""corridor_node_1"", ""people_count"": 4, ""device_count_raw"": 4, ""csi_variance"": 2.4308, ""csi_people_estimate"": 0, ""ts"": ""2026-09-05T14:57:53.114775""}",2026-09-05T14:57:53.115593
wifi_occupancy,"{""node_id"": ""corridor_node_1"", ""people_count"": 4, ""device_count_raw"": 4, ""csi_variance"": 3.3252, ""csi_people_estimate"": 0, ""ts"": ""2026-09-05T14:57:58.190824""}",2026-09-05T14:57:58.190824
wifi_occupancy,"{""node_id"": ""corridor_node_1"", ""people_count"": 4, ""device_count_raw"": 4, ""csi_variance"": 3.8562, ""csi_people_estimate"": 0, ""ts"": ""2026-09-05T14:58:03.412578""}",2026-09-05T14:58:03.412578
wifi_occupancy,"{""node_id"": ""corridor_node_1"", ""people_count"": 4, ""device_count_raw"": 4, ""csi_variance"": 1.1916, ""csi_people_estimate"": 0, ""ts"": ""2026-09-05T14:58:08.433252""}",2026-09-05T14:58:08.433252
wifi_occupancy,"{""node_id"": ""corridor_node_1"", ""people_count"": 4, ""device_count_raw"": 4, ""csi_variance"": 0.7666, ""csi_people_estimate"": 0, ""ts"": ""2026-09-05T14:58:13.140446""}",2026-09-05T14:58:13.140446
wifi_occupancy,"{""node_id"": ""corridor_node_1"", ""people_count"": 3, ""device_count_raw"": 3, ""csi_variance"": 0.4662, ""csi_people_estimate"": 0, ""ts"": ""2026-09-05T14:58:18.158718""}",2026-09-05T14:58:18.158718
wifi_occupancy,"{""node_id"": ""corridor_node_1"", ""people_count"": 3, ""device_count_raw"": 3, ""csi_variance"": 0.9835, ""csi_people_estimate"": 0, ""ts"": ""2026-09-05T14:58:23.176314""}",2026-09-05T14:58:23.176314
wifi_occupancy,"{""node_id"": ""corridor_node_1"", ""people_count"": 3, ""device_count_raw"": 3, ""csi_variance"": 2.6587, ""csi_people_estimate"": 0, ""ts"": ""2026-09-05T14:58:28.193208""}",2026-09-05T14:58:28.193208
wifi_occupancy,"{""node_id"": ""corridor_node_1"", ""people_count"": 3, ""device_count_raw"": 3, ""csi_variance"": 1.2791, ""csi_people_estimate"": 0, ""ts"": ""2026-09-05T14:58:33.210995""}",2026-09-05T14:58:33.210995
wifi_occupancy,"{""node_id"": ""corridor_node_1"", ""people_count"": 3, ""device_count_raw"": 3, ""csi_variance"": 1.6384, ""csi_people_estimate"": 0, ""ts"": ""2026-09-05T14:58:38.224431""}",2026-09-05T14:58:38.224431
wifi_occupancy,"{""node_id"": ""corridor_node_1"", ""people_count"": 3, ""device_count_raw"": 3, ""csi_variance"": 0.5905, ""csi_people_estimate"": 0, ""ts"": ""2026-09-05T14:58:43.149757""}",2026-09-05T14:58:43.149757
wifi_occupancy,"{""node_id"": ""corridor_node_1"", ""people_count"": 3, ""device_count_raw"": 3, ""csi_variance"": 1.3055, ""csi_people_estimate"": 0, ""ts"": ""2026-09-05T14:58:48.126255""}",2026-09-05T14:58:48.126255
wifi_occupancy,"{""node_id"": ""corridor_node_1"", ""people_count"": 3, ""device_count_raw"": 3, ""csi_variance"": 1.5865, ""csi_people_estimate"": 0, ""ts"": ""2026-09-05T14:58:53.114906""}",2026-09-05T14:58:53.114906
wifi_occupancy,"{""node_id"": ""corridor_node_1"", ""people_count"": 3, ""device_count_raw"": 3, ""csi_variance"": 1.4534, ""csi_people_estimate"": 0, ""ts"": ""2026-09-05T14:58:58.197194""}",2026-09-05T14:58:58.197194
wifi_occupancy,"{""node_id"": ""corridor_node_1"", ""people_count"": 3, ""device_count_raw"": 3, ""csi_variance"": 3.6051, ""csi_people_estimate"": 0, ""ts"": ""2026-09-05T14:59:03.422048""}",2026-09-05T14:59:03.422048
wifi_occupancy,"{""node_id"": ""corridor_node_1"", ""people_count"": 3, ""device_count_raw"": 3, ""csi_variance"": 1.9808, ""csi_people_estimate"": 0, ""ts"": ""2026-09-05T14:59:08.441446""}",2026-09-05T14:59:08.441446
wifi_occupancy,"{""node_id"": ""corridor_node_1"", ""people_count"": 4, ""device_count_raw"": 4, ""csi_variance"": 2.486, ""csi_people_estimate"": 0, ""ts"": ""2026-09-05T14:59:13.148729""}",2026-09-05T14:59:13.148729
wifi_occupancy,"{""node_id"": ""corridor_node_1"", ""people_count"": 4, ""device_count_raw"": 4, ""csi_variance"": 2.9354, ""csi_people_estimate"": 0, ""ts"": ""2026-09-05T14:59:18.118682""}",2026-09-05T14:59:18.118682
wifi_occupancy,"{""node_id"": ""corridor_node_1"", ""people_count"": 4, ""device_count_raw"": 4, ""csi_variance"": 2.4915, ""csi_people_estimate"": 0, ""ts"": ""2026-09-05T14:59:23.187071""}",2026-09-05T14:59:23.187071
wifi_occupancy,"{""node_id"": ""corridor_node_1"", ""people_count"": 4, ""device_count_raw"": 4, ""csi_variance"": 3.8782, ""csi_people_estimate"": 0, ""ts"": ""2026-09-05T14:59:28.204823""}",2026-09-05T14:59:28.204823
wifi_occupancy,"{""node_id"": ""corridor_node_1"", ""people_count"": 4, ""device_count_raw"": 4, ""csi_variance"": 0.8425, ""csi_people_estimate"": 0, ""ts"": ""2026-09-05T14:59:33.219408""}",2026-09-05T14:59:33.219408
wifi_occupancy,"{""node_id"": ""corridor_node_1"", ""people_count"": 3, ""device_count_raw"": 3, ""csi_variance"": 1.9252, ""csi_people_estimate"": 0, ""ts"": ""2026-09-05T14:59:38.109316""}",2026-09-05T14:59:38.109316
wifi_occupancy,"{""node_id"": ""corridor_node_1"", ""people_count"": 3, ""device_count_raw"": 3, ""csi_variance"": 4.088, ""csi_people_estimate"": 0, ""ts"": ""2026-09-05T14:59:43.121079""}",2026-09-05T14:59:43.121079
wifi_occupancy,"{""node_id"": ""corridor_node_1"", ""people_count"": 3, ""device_count_raw"": 3, ""csi_variance"": 1.8474, ""csi_people_estimate"": 0, ""ts"": ""2026-09-05T14:59:48.171288""}",2026-09-05T14:59:48.171288
wifi_occupancy,"{""node_id"": ""corridor_node_1"", ""people_count"": 3, ""device_count_raw"": 3, ""csi_variance"": 1.9643, ""csi_people_estimate"": 0, ""ts"": ""2026-09-05T14:59:53.112216""}",2026-09-05T14:59:53.117825
wifi_occupancy,"{""node_id"": ""corridor_node_1"", ""people_count"": 3, ""device_count_raw"": 3, ""csi_variance"": 1.113, ""csi_people_estimate"": 0, ""ts"": ""2026-09-05T14:59:58.308646""}",2026-09-05T14:59:58.308646
wifi_occupancy,"{""node_id"": ""corridor_node_1"", ""people_count"": 3, ""device_count_raw"": 3, ""csi_variance"": 10.9783, ""csi_people_estimate"": 1, ""ts"": ""2026-09-05T15:00:03.428183""}",2026-09-05T15:00:03.429179
wifi_occupancy,"{""node_id"": ""corridor_node_1"", ""people_count"": 3, ""device_count_raw"": 3, ""csi_variance"": 2.8157, ""csi_people_estimate"": 0, ""ts"": ""2026-09-05T15:00:08.140669""}",2026-09-05T15:00:08.140669
wifi_occupancy,"{""node_id"": ""corridor_node_1"", ""people_count"": 2, ""device_count_raw"": 2, ""csi_variance"": 3.0305, ""csi_people_estimate"": 0, ""ts"": ""2026-09-05T15:00:13.155950""}",2026-09-05T15:00:13.155950
wifi_occupancy,"{""node_id"": ""corridor_node_1"", ""people_count"": 3, ""device_count_raw"": 3, ""csi_variance"": 0.5689, ""csi_people_estimate"": 0, ""ts"": ""2026-09-05T15:00:18.110587""}",2026-09-05T15:00:18.110587
wifi_occupancy,"{""node_id"": ""corridor_node_1"", ""people_count"": 3, ""device_count_raw"": 3, ""csi_variance"": 8.3512, ""csi_people_estimate"": 1, ""ts"": ""2026-09-05T15:00:23.114158""}",2026-09-05T15:00:23.114158
wifi_occupancy,"{""node_id"": ""corridor_node_1"", ""people_count"": 3, ""device_count_raw"": 3, ""csi_variance"": 9.0297, ""csi_people_estimate"": 1, ""ts"": ""2026-09-05T15:00:28.208118""}",2026-09-05T15:00:28.208118
wifi_occupancy,"{""node_id"": ""corridor_node_1"", ""people_count"": 3, ""device_count_raw"": 3, ""csi_variance"": 7.6486, ""csi_people_estimate"": 1, ""ts"": ""2026-09-05T15:00:33.226353""}",2026-09-05T15:00:33.226353
wifi_occupancy,"{""node_id"": ""corridor_node_1"", ""people_count"": 3, ""device_count_raw"": 3, ""csi_variance"": 6.6181, ""csi_people_estimate"": 0, ""ts"": ""2026-09-05T15:00:38.137926""}",2026-09-05T15:00:38.137926
wifi_occupancy,"{""node_id"": ""corridor_node_1"", ""people_count"": 3, ""device_count_raw"": 3, ""csi_variance"": 28.2521, ""csi_people_estimate"": 3, ""ts"": ""2026-09-05T15:00:43.116403""}",2026-09-05T15:00:43.116403
wifi_occupancy,"{""node_id"": ""corridor_node_1"", ""people_count"": 3, ""device_count_raw"": 3, ""csi_variance"": 0.873, ""csi_people_estimate"": 0, ""ts"": ""2026-09-05T15:00:48.177198""}",2026-09-05T15:00:48.177198
wifi_occupancy,"{""node_id"": ""corridor_node_1"", ""people_count"": 4, ""device_count_raw"": 4, ""csi_variance"": 0.8406, ""csi_people_estimate"": 0, ""ts"": ""2026-09-05T15:00:53.194749""}",2026-09-05T15:00:53.194749
wifi_occupancy,"{""node_id"": ""corridor_node_1"", ""people_count"": 4, ""device_count_raw"": 4, ""csi_variance"": 1.348, ""csi_people_estimate"": 0, ""ts"": ""2026-09-05T15:00:58.110951""}",2026-09-05T15:00:58.110951
wifi_occupancy,"{""node_id"": ""corridor_node_1"", ""people_count"": 4, ""device_count_raw"": 4, ""csi_variance"": 2.3226, ""csi_people_estimate"": 0, ""ts"": ""2026-09-05T15:01:03.228300""}",2026-09-05T15:01:03.228300
wifi_occupancy,"{""node_id"": ""corridor_node_1"", ""people_count"": 4, ""device_count_raw"": 4, ""csi_variance"": 3.2848, ""csi_people_estimate"": 0, ""ts"": ""2026-09-05T15:01:08.123781""}",2026-09-05T15:01:08.123781
wifi_occupancy,"{""node_id"": ""corridor_node_1"", ""people_count"": 4, ""device_count_raw"": 4, ""csi_variance"": 1.5466, ""csi_people_estimate"": 0, ""ts"": ""2026-09-05T15:01:13.163548""}",2026-09-05T15:01:13.163548
wifi_occupancy,"{""node_id"": ""corridor_node_1"", ""people_count"": 4, ""device_count_raw"": 4, ""csi_variance"": 2.9625, ""csi_people_estimate"": 0, ""ts"": ""2026-09-05T15:01:18.185458""}",2026-09-05T15:01:18.185458
wifi_occupancy,"{""node_id"": ""corridor_node_1"", ""people_count"": 4, ""device_count_raw"": 4, ""csi_variance"": 10.167, ""csi_people_estimate"": 1, ""ts"": ""2026-09-05T15:01:23.203905""}",2026-09-05T15:01:23.203905
wifi_occupancy,"{""node_id"": ""corridor_node_1"", ""people_count"": 4, ""device_count_raw"": 4, ""csi_variance"": 10.9688, ""csi_people_estimate"": 1, ""ts"": ""2026-09-05T15:01:28.114886""}",2026-09-05T15:01:28.114886
wifi_occupancy,"{""node_id"": ""corridor_node_1"", ""people_count"": 4, ""device_count_raw"": 4, ""csi_variance"": 6.9859, ""csi_people_estimate"": 1, ""ts"": ""2026-09-05T15:01:33.132671""}",2026-09-05T15:01:33.132671
wifi_occupancy,"{""node_id"": ""corridor_node_1"", ""people_count"": 4, ""device_count_raw"": 4, ""csi_variance"": 7.416, ""csi_people_estimate"": 1, ""ts"": ""2026-09-05T15:01:38.156853""}",2026-09-05T15:01:38.156853
wifi_occupancy,"{""node_id"": ""corridor_node_1"", ""people_count"": 4, ""device_count_raw"": 4, ""csi_variance"": 1.24, ""csi_people_estimate"": 0, ""ts"": ""2026-09-05T15:01:43.170161""}",2026-09-05T15:01:43.170161
wifi_occupancy,"{""node_id"": ""corridor_node_1"", ""people_count"": 4, ""device_count_raw"": 4, ""csi_variance"": 1.1615, ""csi_people_estimate"": 0, ""ts"": ""2026-09-05T15:01:48.185262""}",2026-09-05T15:01:48.185262
wifi_occupancy,"{""node_id"": ""corridor_node_1"", ""people_count"": 4, ""device_count_raw"": 4, ""csi_variance"": 4.589, ""csi_people_estimate"": 0, ""ts"": ""2026-09-05T15:01:53.202944""}",2026-09-05T15:01:53.202944
wifi_occupancy,"{""node_id"": ""corridor_node_1"", ""people_count"": 4, ""device_count_raw"": 4, ""csi_variance"": 2.7509, ""csi_people_estimate"": 0, ""ts"": ""2026-09-05T15:01:58.222019""}",2026-09-05T15:01:58.222019
wifi_occupancy,"{""node_id"": ""corridor_node_1"", ""people_count"": 4, ""device_count_raw"": 4, ""csi_variance"": 2.5607, ""csi_people_estimate"": 0, ""ts"": ""2026-09-05T15:02:03.137288""}",2026-09-05T15:02:03.137288
wifi_occupancy,"{""node_id"": ""corridor_node_1"", ""people_count"": 4, ""device_count_raw"": 4, ""csi_variance"": 3.6059, ""csi_people_estimate"": 0, ""ts"": ""2026-09-05T15:02:08.136791""}",2026-09-05T15:02:08.136791
wifi_occupancy,"{""node_id"": ""corridor_node_1"", ""people_count"": 4, ""device_count_raw"": 4, ""csi_variance"": 1.1414, ""csi_people_estimate"": 0, ""ts"": ""2026-09-05T15:02:13.118632""}",2026-09-05T15:02:13.118632
wifi_occupancy,"{""node_id"": ""corridor_node_1"", ""people_count"": 4, ""device_count_raw"": 4, ""csi_variance"": 1.4258, ""csi_people_estimate"": 0, ""ts"": ""2026-09-05T15:02:18.575083""}",2026-09-05T15:02:18.575083
wifi_occupancy,"{""node_id"": ""corridor_node_1"", ""people_count"": 4, ""device_count_raw"": 4, ""csi_variance"": 2.0024, ""csi_people_estimate"": 0, ""ts"": ""2026-09-05T15:02:23.203794""}",2026-09-05T15:02:23.203794
wifi_occupancy,"{""node_id"": ""corridor_node_1"", ""people_count"": 4, ""device_count_raw"": 4, ""csi_variance"": 1.5463, ""csi_people_estimate"": 0, ""ts"": ""2026-09-05T15:02:28.107535""}",2026-09-05T15:02:28.107535
wifi_occupancy,"{""node_id"": ""corridor_node_1"", ""people_count"": 4, ""device_count_raw"": 4, ""csi_variance"": 2.4323, ""csi_people_estimate"": 0, ""ts"": ""2026-09-05T15:02:33.139942""}",2026-09-05T15:02:33.139942
wifi_occupancy,"{""node_id"": ""corridor_node_1"", ""people_count"": 4, ""device_count_raw"": 4, ""csi_variance"": 0.7111, ""csi_people_estimate"": 0, ""ts"": ""2026-09-05T15:02:38.156940""}",2026-09-05T15:02:38.156940
wifi_occupancy,"{""node_id"": ""corridor_node_1"", ""people_count"": 5, ""device_count_raw"": 5, ""csi_variance"": 26.2154, ""csi_people_estimate"": 2, ""ts"": ""2026-09-05T15:02:43.115048""}",2026-09-05T15:02:43.115048
wifi_occupancy,"{""node_id"": ""corridor_node_1"", ""people_count"": 5, ""device_count_raw"": 5, ""csi_variance"": 1.0814, ""csi_people_estimate"": 0, ""ts"": ""2026-09-05T15:02:48.191960""}",2026-09-05T15:02:48.191960
wifi_occupancy,"{""node_id"": ""corridor_node_1"", ""people_count"": 4, ""device_count_raw"": 4, ""csi_variance"": 1.137, ""csi_people_estimate"": 0, ""ts"": ""2026-09-05T15:02:53.218004""}",2026-09-05T15:02:53.218004
wifi_occupancy,"{""node_id"": ""corridor_node_1"", ""people_count"": 4, ""device_count_raw"": 4, ""csi_variance"": 0.8414, ""csi_people_estimate"": 0, ""ts"": ""2026-09-05T15:02:58.125831""}",2026-09-05T15:02:58.125831
wifi_occupancy,"{""node_id"": ""corridor_node_1"", ""people_count"": 4, ""device_count_raw"": 4, ""csi_variance"": 2.6936, ""csi_people_estimate"": 0, ""ts"": ""2026-09-05T15:03:03.111740""}",2026-09-05T15:03:03.111740
wifi_occupancy,"{""node_id"": ""corridor_node_1"", ""people_count"": 4, ""device_count_raw"": 4, ""csi_variance"": 3.0259, ""csi_people_estimate"": 0, ""ts"": ""2026-09-05T15:03:08.160998""}",2026-09-05T15:03:08.160998
wifi_occupancy,"{""node_id"": ""corridor_node_1"", ""people_count"": 4, ""device_count_raw"": 4, ""csi_variance"": 10.3354, ""csi_people_estimate"": 1, ""ts"": ""2026-09-05T15:03:13.111238""}",2026-09-05T15:03:13.111238
wifi_occupancy,"{""node_id"": ""corridor_node_1"", ""people_count"": 4, ""device_count_raw"": 4, ""csi_variance"": 10.3095, ""csi_people_estimate"": 1, ""ts"": ""2026-09-05T15:03:18.398592""}",2026-09-05T15:03:18.398592
wifi_occupancy,"{""node_id"": ""corridor_node_1"", ""people_count"": 4, ""device_count_raw"": 4, ""csi_variance"": 1.3513, ""csi_people_estimate"": 0, ""ts"": ""2026-09-05T15:03:23.209474""}",2026-09-05T15:03:23.209474
wifi_occupancy,"{""node_id"": ""corridor_node_1"", ""people_count"": 4, ""device_count_raw"": 4, ""csi_variance"": 0.7606, ""csi_people_estimate"": 0, ""ts"": ""2026-09-05T15:03:28.130221""}",2026-09-05T15:03:28.130221
wifi_occupancy,"{""node_id"": ""corridor_node_1"", ""people_count"": 5, ""device_count_raw"": 5, ""csi_variance"": 6.1074, ""csi_people_estimate"": 0, ""ts"": ""2026-09-05T15:03:33.128580""}",2026-09-05T15:03:33.128580
wifi_occupancy,"{""node_id"": ""corridor_node_1"", ""people_count"": 5, ""device_count_raw"": 5, ""csi_variance"": 1.145, ""csi_people_estimate"": 0, ""ts"": ""2026-09-05T15:03:38.164512""}",2026-09-05T15:03:38.164512
wifi_occupancy,"{""node_id"": ""corridor_node_1"", ""people_count"": 4, ""device_count_raw"": 4, ""csi_variance"": 4.1959, ""csi_people_estimate"": 0, ""ts"": ""2026-09-05T15:03:43.287534""}",2026-09-05T15:03:43.287534
wifi_occupancy,"{""node_id"": ""corridor_node_1"", ""people_count"": 4, ""device_count_raw"": 4, ""csi_variance"": 2.4859, ""csi_people_estimate"": 0, ""ts"": ""2026-09-05T15:03:48.200070""}",2026-09-05T15:03:48.200070
wifi_occupancy,"{""node_id"": ""corridor_node_1"", ""people_count"": 4, ""device_count_raw"": 4, ""csi_variance"": 1.8137, ""csi_people_estimate"": 0, ""ts"": ""2026-09-05T15:03:53.102816""}",2026-09-05T15:03:53.102816
wifi_occupancy,"{""node_id"": ""corridor_node_1"", ""people_count"": 4, ""device_count_raw"": 4, ""csi_variance"": 1.3907, ""csi_people_estimate"": 0, ""ts"": ""2026-09-05T15:03:58.108275""}",2026-09-05T15:03:58.108275
wifi_occupancy,"{""node_id"": ""corridor_node_1"", ""people_count"": 4, ""device_count_raw"": 4, ""csi_variance"": 3.0631, ""csi_people_estimate"": 0, ""ts"": ""2026-09-05T15:04:03.150350""}",2026-09-05T15:04:03.150350
wifi_occupancy,"{""node_id"": ""corridor_node_1"", ""people_count"": 5, ""device_count_raw"": 5, ""csi_variance"": 1.3821, ""csi_people_estimate"": 0, ""ts"": ""2026-09-05T15:04:08.170934""}",2026-09-05T15:04:08.170934
wifi_occupancy,"{""node_id"": ""corridor_node_1"", ""people_count"": 5, ""device_count_raw"": 5, ""csi_variance"": 1.2715, ""csi_people_estimate"": 0, ""ts"": ""2026-09-05T15:04:13.124940""}",2026-09-05T15:04:13.124940
wifi_occupancy,"{""node_id"": ""corridor_node_1"", ""people_count"": 5, ""device_count_raw"": 5, ""csi_variance"": 2.2387, ""csi_people_estimate"": 0, ""ts"": ""2026-09-05T15:04:18.203291""}",2026-09-05T15:04:18.203291
wifi_occupancy,"{""node_id"": ""corridor_node_1"", ""people_count"": 5, ""device_count_raw"": 5, ""csi_variance"": 0.419, ""csi_people_estimate"": 0, ""ts"": ""2026-09-05T15:04:23.226386""}",2026-09-05T15:04:23.226386
wifi_occupancy,"{""node_id"": ""corridor_node_1"", ""people_count"": 5, ""device_count_raw"": 5, ""csi_variance"": 0.499, ""csi_people_estimate"": 0, ""ts"": ""2026-09-05T15:04:28.123132""}",2026-09-05T15:04:28.123132
wifi_occupancy,"{""node_id"": ""corridor_node_1"", ""people_count"": 4, ""device_count_raw"": 4, ""csi_variance"": 2.9232, ""csi_people_estimate"": 0, ""ts"": ""2026-09-05T15:04:33.154515""}",2026-09-05T15:04:33.154515
wifi_occupancy,"{""node_id"": ""corridor_node_1"", ""people_count"": 4, ""device_count_raw"": 4, ""csi_variance"": 0.96, ""csi_people_estimate"": 0, ""ts"": ""2026-09-05T15:04:38.171991""}",2026-09-05T15:04:38.171991
wifi_occupancy,"{""node_id"": ""corridor_node_1"", ""people_count"": 4, ""device_count_raw"": 4, ""csi_variance"": 2.6159, ""csi_people_estimate"": 0, ""ts"": ""2026-09-05T15:04:43.456176""}",2026-09-05T15:04:43.456176
wifi_occupancy,"{""node_id"": ""corridor_node_1"", ""people_count"": 4, ""device_count_raw"": 4, ""csi_variance"": 1.0709, ""csi_people_estimate"": 0, ""ts"": ""2026-09-05T15:04:48.112931""}",2026-09-05T15:04:48.112931
wifi_occupancy,"{""node_id"": ""corridor_node_1"", ""people_count"": 4, ""device_count_raw"": 4, ""csi_variance"": 1.6643, ""csi_people_estimate"": 0, ""ts"": ""2026-09-05T15:04:53.225834""}",2026-09-05T15:04:53.225834
wifi_occupancy,"{""node_id"": ""corridor_node_1"", ""people_count"": 3, ""device_count_raw"": 3, ""csi_variance"": 3.8023, ""csi_people_estimate"": 0, ""ts"": ""2026-09-05T15:04:58.145260""}",2026-09-05T15:04:58.145260
wifi_occupancy,"{""node_id"": ""corridor_node_1"", ""people_count"": 4, ""device_count_raw"": 4, ""csi_variance"": 2.3498, ""csi_people_estimate"": 0, ""ts"": ""2026-09-05T15:05:03.158696""}",2026-09-05T15:05:03.158696
wifi_occupancy,"{""node_id"": ""corridor_node_1"", ""people_count"": 3, ""device_count_raw"": 3, ""csi_variance"": 5.1673, ""csi_people_estimate"": 0, ""ts"": ""2026-09-05T15:05:08.176148""}",2026-09-05T15:05:08.176148
wifi_occupancy,"{""node_id"": ""corridor_node_1"", ""people_count"": 3, ""device_count_raw"": 3, ""csi_variance"": 8.9891, ""csi_people_estimate"": 1, ""ts"": ""2026-09-05T15:05:13.190009""}",2026-09-05T15:05:13.190009
wifi_occupancy,"{""node_id"": ""corridor_node_1"", ""people_count"": 3, ""device_count_raw"": 3, ""csi_variance"": 0.2617, ""csi_people_estimate"": 0, ""ts"": ""2026-09-05T15:05:18.102432""}",2026-09-05T15:05:18.102432
wifi_occupancy,"{""node_id"": ""corridor_node_1"", ""people_count"": 3, ""device_count_raw"": 3, ""csi_variance"": 1.064, ""csi_people_estimate"": 0, ""ts"": ""2026-09-05T15:05:23.126661""}",2026-09-05T15:05:23.126661
wifi_occupancy,"{""node_id"": ""corridor_node_1"", ""people_count"": 3, ""device_count_raw"": 3, ""csi_variance"": 1.1663, ""csi_people_estimate"": 0, ""ts"": ""2026-09-05T15:05:28.149220""}",2026-09-05T15:05:28.149220
wifi_occupancy,"{""node_id"": ""corridor_node_1"", ""people_count"": 3, ""device_count_raw"": 3, ""csi_variance"": 0.988, ""csi_people_estimate"": 0, ""ts"": ""2026-09-05T15:05:33.107509""}",2026-09-05T15:05:33.107509
wifi_occupancy,"{""node_id"": ""corridor_node_1"", ""people_count"": 4, ""device_count_raw"": 4, ""csi_variance"": 1.1253, ""csi_people_estimate"": 0, ""ts"": ""2026-09-05T15:05:38.101695""}",2026-09-05T15:05:38.101695
wifi_occupancy,"{""node_id"": ""corridor_node_1"", ""people_count"": 4, ""device_count_raw"": 4, ""csi_variance"": 5.0101, ""csi_people_estimate"": 0, ""ts"": ""2026-09-05T15:05:43.404270""}",2026-09-05T15:05:43.404270
wifi_occupancy,"{""node_id"": ""corridor_node_1"", ""people_count"": 4, ""device_count_raw"": 4, ""csi_variance"": 3.0055, ""csi_people_estimate"": 0, ""ts"": ""2026-09-05T15:05:48.215362""}",2026-09-05T15:05:48.215362
wifi_occupancy,"{""node_id"": ""corridor_node_1"", ""people_count"": 4, ""device_count_raw"": 4, ""csi_variance"": 0.646, ""csi_people_estimate"": 0, ""ts"": ""2026-09-05T15:05:53.109976""}",2026-09-05T15:05:53.109976
wifi_occupancy,"{""node_id"": ""corridor_node_1"", ""people_count"": 4, ""device_count_raw"": 4, ""csi_variance"": 6.2724, ""csi_people_estimate"": 0, ""ts"": ""2026-09-05T15:05:58.113690""}",2026-09-05T15:05:58.113690
wifi_occupancy,"{""node_id"": ""corridor_node_1"", ""people_count"": 4, ""device_count_raw"": 4, ""csi_variance"": 1.9065, ""csi_people_estimate"": 0, ""ts"": ""2026-09-05T15:06:03.166144""}",2026-09-05T15:06:03.166144
wifi_occupancy,"{""node_id"": ""corridor_node_1"", ""people_count"": 4, ""device_count_raw"": 4, ""csi_variance"": 9.2225, ""csi_people_estimate"": 1, ""ts"": ""2026-09-05T15:06:08.183361""}",2026-09-05T15:06:08.183361
wifi_occupancy,"{""node_id"": ""corridor_node_1"", ""people_count"": 4, ""device_count_raw"": 4, ""csi_variance"": 13.3725, ""csi_people_estimate"": 1, ""ts"": ""2026-09-05T15:06:13.202648""}",2026-09-05T15:06:13.202648
wifi_occupancy,"{""node_id"": ""corridor_node_1"", ""people_count"": 4, ""device_count_raw"": 4, ""csi_variance"": 12.3439, ""csi_people_estimate"": 1, ""ts"": ""2026-09-05T15:06:18.104222""}",2026-09-05T15:06:18.104222
wifi_occupancy,"{""node_id"": ""corridor_node_1"", ""people_count"": 4, ""device_count_raw"": 4, ""csi_variance"": 6.3225, ""csi_people_estimate"": 0, ""ts"": ""2026-09-05T15:06:23.135742""}",2026-09-05T15:06:23.135742
wifi_occupancy,"{""node_id"": ""corridor_node_1"", ""people_count"": 4, ""device_count_raw"": 4, ""csi_variance"": 5.7015, ""csi_people_estimate"": 0, ""ts"": ""2026-09-05T15:06:28.153018""}",2026-09-05T15:06:28.153018
wifi_occupancy,"{""node_id"": ""corridor_node_1"", ""people_count"": 4, ""device_count_raw"": 4, ""csi_variance"": 2.7761, ""csi_people_estimate"": 0, ""ts"": ""2026-09-05T15:06:33.174852""}",2026-09-05T15:06:33.174852
wifi_occupancy,"{""node_id"": ""corridor_node_1"", ""people_count"": 4, ""device_count_raw"": 4, ""csi_variance"": 2.9483, ""csi_people_estimate"": 0, ""ts"": ""2026-09-05T15:06:38.290568""}",2026-09-05T15:06:38.290568
wifi_occupancy,"{""node_id"": ""corridor_node_1"", ""people_count"": 5, ""device_count_raw"": 5, ""csi_variance"": 1.6401, ""csi_people_estimate"": 0, ""ts"": ""2026-09-05T15:06:43.203781""}",2026-09-05T15:06:43.203781
wifi_occupancy,"{""node_id"": ""corridor_node_1"", ""people_count"": 5, ""device_count_raw"": 5, ""csi_variance"": 3.5528, ""csi_people_estimate"": 0, ""ts"": ""2026-09-05T15:06:48.126556""}",2026-09-05T15:06:48.126556
wifi_occupancy,"{""node_id"": ""corridor_node_1"", ""people_count"": 5, ""device_count_raw"": 5, ""csi_variance"": 2.2006, ""csi_people_estimate"": 0, ""ts"": ""2026-09-05T15:06:53.107364""}",2026-09-05T15:06:53.107364
wifi_occupancy,"{""node_id"": ""corridor_node_1"", ""people_count"": 5, ""device_count_raw"": 5, ""csi_variance"": 2.5954, ""csi_people_estimate"": 0, ""ts"": ""2026-09-05T15:06:58.155331""}",2026-09-05T15:06:58.155331
wifi_occupancy,"{""node_id"": ""corridor_node_1"", ""people_count"": 5, ""device_count_raw"": 5, ""csi_variance"": 3.1496, ""csi_people_estimate"": 0, ""ts"": ""2026-09-05T15:07:03.108423""}",2026-09-05T15:07:03.108423
wifi_occupancy,"{""node_id"": ""corridor_node_1"", ""people_count"": 5, ""device_count_raw"": 5, ""csi_variance"": 5.0689, ""csi_people_estimate"": 0, ""ts"": ""2026-09-05T15:07:08.458966""}",2026-09-05T15:07:08.458966
wifi_occupancy,"{""node_id"": ""corridor_node_1"", ""people_count"": 5, ""device_count_raw"": 5, ""csi_variance"": 2.8415, ""csi_people_estimate"": 0, ""ts"": ""2026-09-05T15:07:13.210031""}",2026-09-05T15:07:13.210031
wifi_occupancy,"{""node_id"": ""corridor_node_1"", ""people_count"": 5, ""device_count_raw"": 5, ""csi_variance"": 0.4639, ""csi_people_estimate"": 0, ""ts"": ""2026-09-05T15:07:18.227736""}",2026-09-05T15:07:18.227736
wifi_occupancy,"{""node_id"": ""corridor_node_1"", ""people_count"": 5, ""device_count_raw"": 5, ""csi_variance"": 3.9555, ""csi_people_estimate"": 0, ""ts"": ""2026-09-05T15:07:23.141823""}",2026-09-05T15:07:23.141823
wifi_occupancy,"{""node_id"": ""corridor_node_1"", ""people_count"": 5, ""device_count_raw"": 5, ""csi_variance"": 4.063, ""csi_people_estimate"": 0, ""ts"": ""2026-09-05T15:07:28.159842""}",2026-09-05T15:07:28.159842
wifi_occupancy,"{""node_id"": ""corridor_node_1"", ""people_count"": 5, ""device_count_raw"": 5, ""csi_variance"": 3.5244, ""csi_people_estimate"": 0, ""ts"": ""2026-09-05T15:07:33.178545""}",2026-09-05T15:07:33.178545
wifi_occupancy,"{""node_id"": ""corridor_node_1"", ""people_count"": 4, ""device_count_raw"": 4, ""csi_variance"": 1.0998, ""csi_people_estimate"": 0, ""ts"": ""2026-09-05T15:07:38.242198""}",2026-09-05T15:07:38.242198
wifi_occupancy,"{""node_id"": ""corridor_node_1"", ""people_count"": 3, ""device_count_raw"": 3, ""csi_variance"": 1.6175, ""csi_people_estimate"": 0, ""ts"": ""2026-09-05T15:07:43.214433""}",2026-09-05T15:07:43.214433
wifi_occupancy,"{""node_id"": ""corridor_node_1"", ""people_count"": 3, ""device_count_raw"": 3, ""csi_variance"": 1.9034, ""csi_people_estimate"": 0, ""ts"": ""2026-09-05T15:07:48.138413""}",2026-09-05T15:07:48.138413
wifi_occupancy,"{""node_id"": ""corridor_node_1"", ""people_count"": 4, ""device_count_raw"": 4, ""csi_variance"": 0.3218, ""csi_people_estimate"": 0, ""ts"": ""2026-09-05T15:07:53.154973""}",2026-09-05T15:07:53.154973
wifi_occupancy,"{""node_id"": ""corridor_node_1"", ""people_count"": 4, ""device_count_raw"": 4, ""csi_variance"": 4.4622, ""csi_people_estimate"": 0, ""ts"": ""2026-09-05T15:07:58.110737""}",2026-09-05T15:07:58.110737
wifi_occupancy,"{""node_id"": ""corridor_node_1"", ""people_count"": 4, ""device_count_raw"": 4, ""csi_variance"": 1.0376, ""csi_people_estimate"": 0, ""ts"": ""2026-09-05T15:08:03.111741""}",2026-09-05T15:08:03.111741
wifi_occupancy,"{""node_id"": ""corridor_node_1"", ""people_count"": 4, ""device_count_raw"": 4, ""csi_variance"": 2.0795, ""csi_people_estimate"": 0, ""ts"": ""2026-09-05T15:08:08.198260""}",2026-09-05T15:08:08.198260
wifi_occupancy,"{""node_id"": ""corridor_node_1"", ""people_count"": 4, ""device_count_raw"": 4, ""csi_variance"": 2.05, ""csi_people_estimate"": 0, ""ts"": ""2026-09-05T15:08:13.216849""}",2026-09-05T15:08:13.216849
wifi_occupancy,"{""node_id"": ""corridor_node_1"", ""people_count"": 4, ""device_count_raw"": 4, ""csi_variance"": 1.7172, ""csi_people_estimate"": 0, ""ts"": ""2026-09-05T15:08:18.132019""}",2026-09-05T15:08:18.132019
wifi_occupancy,"{""node_id"": ""corridor_node_1"", ""people_count"": 4, ""device_count_raw"": 4, ""csi_variance"": 2.2283, ""csi_people_estimate"": 0, ""ts"": ""2026-09-05T15:08:23.107868""}",2026-09-05T15:08:23.107868
wifi_occupancy,"{""node_id"": ""corridor_node_1"", ""people_count"": 4, ""device_count_raw"": 4, ""csi_variance"": 2.0715, ""csi_people_estimate"": 0, ""ts"": ""2026-09-05T15:08:28.269765""}",2026-09-05T15:08:28.269765
wifi_occupancy,"{""node_id"": ""corridor_node_1"", ""people_count"": 4, ""device_count_raw"": 4, ""csi_variance"": 3.5703, ""csi_people_estimate"": 0, ""ts"": ""2026-09-05T15:08:33.106481""}",2026-09-05T15:08:33.106481
wifi_occupancy,"{""node_id"": ""corridor_node_1"", ""people_count"": 5, ""device_count_raw"": 5, ""csi_variance"": 0.7913, ""csi_people_estimate"": 0, ""ts"": ""2026-09-05T15:08:38.111683""}",2026-09-05T15:08:38.111683
wifi_occupancy,"{""node_id"": ""corridor_node_1"", ""people_count"": 5, ""device_count_raw"": 5, ""csi_variance"": 0.7179, ""csi_people_estimate"": 0, ""ts"": ""2026-09-05T15:08:43.111736""}",2026-09-05T15:08:43.111736
wifi_occupancy,"{""node_id"": ""corridor_node_1"", ""people_count"": 5, ""device_count_raw"": 5, ""csi_variance"": 4.8285, ""csi_people_estimate"": 0, ""ts"": ""2026-09-05T15:08:48.112196""}",2026-09-05T15:08:48.112196
wifi_occupancy,"{""node_id"": ""corridor_node_1"", ""people_count"": 4, ""device_count_raw"": 4, ""csi_variance"": 0.9948, ""csi_people_estimate"": 0, ""ts"": ""2026-09-05T15:08:53.158435""}",2026-09-05T15:08:53.158435
wifi_occupancy,"{""node_id"": ""corridor_node_1"", ""people_count"": 4, ""device_count_raw"": 4, ""csi_variance"": 2.0392, ""csi_people_estimate"": 0, ""ts"": ""2026-09-05T15:08:58.233498""}",2026-09-05T15:08:58.233498
wifi_occupancy,"{""node_id"": ""corridor_node_1"", ""people_count"": 4, ""device_count_raw"": 4, ""csi_variance"": 0.898, ""csi_people_estimate"": 0, ""ts"": ""2026-09-05T15:09:03.292950""}",2026-09-05T15:09:03.292950
wifi_occupancy,"{""node_id"": ""corridor_node_1"", ""people_count"": 4, ""device_count_raw"": 4, ""csi_variance"": 5.0844, ""csi_people_estimate"": 0, ""ts"": ""2026-09-05T15:09:08.208065""}",2026-09-05T15:09:08.208065
wifi_occupancy,"{""node_id"": ""corridor_node_1"", ""people_count"": 4, ""device_count_raw"": 4, ""csi_variance"": 1.2593, ""csi_people_estimate"": 0, ""ts"": ""2026-09-05T15:09:13.223503""}",2026-09-05T15:09:13.223503
wifi_occupancy,"{""node_id"": ""corridor_node_1"", ""people_count"": 4, ""device_count_raw"": 4, ""csi_variance"": 1.9035, ""csi_people_estimate"": 0, ""ts"": ""2026-09-05T15:09:18.140022""}",2026-09-05T15:09:18.140022
wifi_occupancy,"{""node_id"": ""corridor_node_1"", ""people_count"": 4, ""device_count_raw"": 4, ""csi_variance"": 3.1671, ""csi_people_estimate"": 0, ""ts"": ""2026-09-05T15:09:23.120186""}",2026-09-05T15:09:23.120186
wifi_occupancy,"{""node_id"": ""corridor_node_1"", ""people_count"": 5, ""device_count_raw"": 5, ""csi_variance"": 3.1715, ""csi_people_estimate"": 0, ""ts"": ""2026-09-05T15:09:28.177682""}",2026-09-05T15:09:28.177682
wifi_occupancy,"{""node_id"": ""corridor_node_1"", ""people_count"": 5, ""device_count_raw"": 5, ""csi_variance"": 3.9536, ""csi_people_estimate"": 0, ""ts"": ""2026-09-05T15:09:33.192667""}",2026-09-05T15:09:33.192667
wifi_occupancy,"{""node_id"": ""corridor_node_1"", ""people_count"": 4, ""device_count_raw"": 4, ""csi_variance"": 1.113, ""csi_people_estimate"": 0, ""ts"": ""2026-09-05T15:09:38.314369""}",2026-09-05T15:09:38.314369
wifi_occupancy,"{""node_id"": ""corridor_node_1"", ""people_count"": 6, ""device_count_raw"": 6, ""csi_variance"": 0.5108, ""csi_people_estimate"": 0, ""ts"": ""2026-09-05T15:09:43.115254""}",2026-09-05T15:09:43.115254
wifi_occupancy,"{""node_id"": ""corridor_node_1"", ""people_count"": 6, ""device_count_raw"": 6, ""csi_variance"": 29.2406, ""csi_people_estimate"": 3, ""ts"": ""2026-09-05T15:09:48.272025""}",2026-09-05T15:09:48.272025
wifi_occupancy,"{""node_id"": ""corridor_node_1"", ""people_count"": 6, ""device_count_raw"": 6, ""csi_variance"": 0.8704, ""csi_people_estimate"": 0, ""ts"": ""2026-09-05T15:09:53.164579""}",2026-09-05T15:09:53.164579
wifi_occupancy,"{""node_id"": ""corridor_node_1"", ""people_count"": 7, ""device_count_raw"": 7, ""csi_variance"": 0.6623, ""csi_people_estimate"": 0, ""ts"": ""2026-09-05T15:09:58.182665""}",2026-09-05T15:09:58.182665
wifi_occupancy,"{""node_id"": ""corridor_node_1"", ""people_count"": 7, ""device_count_raw"": 7, ""csi_variance"": 0.7661, ""csi_people_estimate"": 0, ""ts"": ""2026-09-05T15:10:03.192931""}",2026-09-05T15:10:03.192931
wifi_occupancy,"{""node_id"": ""corridor_node_1"", ""people_count"": 7, ""device_count_raw"": 7, ""csi_variance"": 2.4006, ""csi_people_estimate"": 0, ""ts"": ""2026-09-05T15:10:08.332189""}",2026-09-05T15:10:08.332189
wifi_occupancy,"{""node_id"": ""corridor_node_1"", ""people_count"": 7, ""device_count_raw"": 7, ""csi_variance"": 1.1559, ""csi_people_estimate"": 0, ""ts"": ""2026-09-05T15:10:13.134150""}",2026-09-05T15:10:13.134150
wifi_occupancy,"{""node_id"": ""corridor_node_1"", ""people_count"": 8, ""device_count_raw"": 8, ""csi_variance"": 0.7468, ""csi_people_estimate"": 0, ""ts"": ""2026-09-05T15:10:18.244764""}",2026-09-05T15:10:18.244764
wifi_occupancy,"{""node_id"": ""corridor_node_1"", ""people_count"": 8, ""device_count_raw"": 8, ""csi_variance"": 0.9839, ""csi_people_estimate"": 0, ""ts"": ""2026-09-05T15:10:23.370107""}",2026-09-05T15:10:23.370107
wifi_occupancy,"{""node_id"": ""corridor_node_1"", ""people_count"": 7, ""device_count_raw"": 7, ""csi_variance"": 4.8148, ""csi_people_estimate"": 0, ""ts"": ""2026-09-05T15:10:28.190289""}",2026-09-05T15:10:28.190289
wifi_occupancy,"{""node_id"": ""corridor_node_1"", ""people_count"": 7, ""device_count_raw"": 7, ""csi_variance"": 9.8871, ""csi_people_estimate"": 1, ""ts"": ""2026-09-05T15:10:33.342555""}",2026-09-05T15:10:33.342555
wifi_occupancy,"{""node_id"": ""corridor_node_1"", ""people_count"": 7, ""device_count_raw"": 7, ""csi_variance"": 19.8017, ""csi_people_estimate"": 2, ""ts"": ""2026-09-05T15:10:38.219843""}",2026-09-05T15:10:38.219843
wifi_occupancy,"{""node_id"": ""corridor_node_1"", ""people_count"": 5, ""device_count_raw"": 5, ""csi_variance"": 19.6778, ""csi_people_estimate"": 2, ""ts"": ""2026-09-05T15:10:43.139315""}",2026-09-05T15:10:43.139315
wifi_occupancy,"{""node_id"": ""corridor_node_1"", ""people_count"": 5, ""device_count_raw"": 5, ""csi_variance"": 3.4098, ""csi_people_estimate"": 0, ""ts"": ""2026-09-05T15:10:48.279435""}",2026-09-05T15:10:48.279435
wifi_occupancy,"{""node_id"": ""corridor_node_1"", ""people_count"": 6, ""device_count_raw"": 6, ""csi_variance"": 1.3936, ""csi_people_estimate"": 0, ""ts"": ""2026-09-05T15:10:53.174628""}",2026-09-05T15:10:53.174628
wifi_occupancy,"{""node_id"": ""corridor_node_1"", ""people_count"": 6, ""device_count_raw"": 6, ""csi_variance"": 1.3304, ""csi_people_estimate"": 0, ""ts"": ""2026-09-05T15:10:58.099840""}",2026-09-05T15:10:58.099840
wifi_occupancy,"{""node_id"": ""corridor_node_1"", ""people_count"": 6, ""device_count_raw"": 6, ""csi_variance"": 0.4708, ""csi_people_estimate"": 0, ""ts"": ""2026-09-05T15:11:03.098602""}",2026-09-05T15:11:03.098602
wifi_occupancy,"{""node_id"": ""corridor_node_1"", ""people_count"": 6, ""device_count_raw"": 6, ""csi_variance"": 1.9463, ""csi_people_estimate"": 0, ""ts"": ""2026-09-05T15:11:08.438043""}",2026-09-05T15:11:08.438043
wifi_occupancy,"{""node_id"": ""corridor_node_1"", ""people_count"": 6, ""device_count_raw"": 6, ""csi_variance"": 2.7327, ""csi_people_estimate"": 0, ""ts"": ""2026-09-05T15:11:13.142569""}",2026-09-05T15:11:13.142569
wifi_occupancy,"{""node_id"": ""corridor_node_1"", ""people_count"": 5, ""device_count_raw"": 5, ""csi_variance"": 4.1498, ""csi_people_estimate"": 0, ""ts"": ""2026-09-05T15:11:18.268011""}",2026-09-05T15:11:18.268011
wifi_occupancy,"{""node_id"": ""corridor_node_1"", ""people_count"": 5, ""device_count_raw"": 5, ""csi_variance"": 1.6035, ""csi_people_estimate"": 0, ""ts"": ""2026-09-05T15:11:23.380839""}",2026-09-05T15:11:23.380839
wifi_occupancy,"{""node_id"": ""corridor_node_1"", ""people_count"": 5, ""device_count_raw"": 5, ""csi_variance"": 2.8347, ""csi_people_estimate"": 0, ""ts"": ""2026-09-05T15:11:28.194507""}",2026-09-05T15:11:28.194507
wifi_occupancy,"{""node_id"": ""corridor_node_1"", ""people_count"": 5, ""device_count_raw"": 5, ""csi_variance"": 0.3669, ""csi_people_estimate"": 0, ""ts"": ""2026-09-05T15:11:33.206655""}",2026-09-05T15:11:33.206655
wifi_occupancy,"{""node_id"": ""corridor_node_1"", ""people_count"": 5, ""device_count_raw"": 5, ""csi_variance"": 2.7134, ""csi_people_estimate"": 0, ""ts"": ""2026-09-05T15:11:38.126561""}",2026-09-05T15:11:38.126561
wifi_occupancy,"{""node_id"": ""corridor_node_1"", ""people_count"": 5, ""device_count_raw"": 5, ""csi_variance"": 5.9195, ""csi_people_estimate"": 0, ""ts"": ""2026-09-05T15:11:43.241654""}",2026-09-05T15:11:43.241654
wifi_occupancy,"{""node_id"": ""corridor_node_1"", ""people_count"": 5, ""device_count_raw"": 5, ""csi_variance"": 9.2185, ""csi_people_estimate"": 1, ""ts"": ""2026-09-05T15:11:48.140947""}",2026-09-05T15:11:48.140947
wifi_occupancy,"{""node_id"": ""corridor_node_1"", ""people_count"": 3, ""device_count_raw"": 3, ""csi_variance"": 8.925, ""csi_people_estimate"": 1, ""ts"": ""2026-09-05T15:11:53.178918""}",2026-09-05T15:11:53.178918
wifi_occupancy,"{""node_id"": ""corridor_node_1"", ""people_count"": 2, ""device_count_raw"": 2, ""csi_variance"": 0.6679, ""csi_people_estimate"": 0, ""ts"": ""2026-09-05T15:11:58.193686""}",2026-09-05T15:11:58.193686
wifi_occupancy,"{""node_id"": ""corridor_node_1"", ""people_count"": 3, ""device_count_raw"": 3, ""csi_variance"": 4.9519, ""csi_people_estimate"": 0, ""ts"": ""2026-09-05T15:12:03.107832""}",2026-09-05T15:12:03.107832
wifi_occupancy,"{""node_id"": ""corridor_node_1"", ""people_count"": 3, ""device_count_raw"": 3, ""csi_variance"": 1.8595, ""csi_people_estimate"": 0, ""ts"": ""2026-09-05T15:12:08.128541""}",2026-09-05T15:12:08.128541
wifi_occupancy,"{""node_id"": ""corridor_node_1"", ""people_count"": 3, ""device_count_raw"": 3, ""csi_variance"": 10.0342, ""csi_people_estimate"": 1, ""ts"": ""2026-09-05T15:12:13.144940""}",2026-09-05T15:12:13.144940
wifi_occupancy,"{""node_id"": ""corridor_node_1"", ""people_count"": 3, ""device_count_raw"": 3, ""csi_variance"": 1.2747, ""csi_people_estimate"": 0, ""ts"": ""2026-09-05T15:12:18.100263""}",2026-09-05T15:12:18.100263
wifi_occupancy,"{""node_id"": ""corridor_node_1"", ""people_count"": 3, ""device_count_raw"": 3, ""csi_variance"": 2.0013, ""csi_people_estimate"": 0, ""ts"": ""2026-09-05T15:12:23.180239""}",2026-09-05T15:12:23.180239
wifi_occupancy,"{""node_id"": ""corridor_node_1"", ""people_count"": 3, ""device_count_raw"": 3, ""csi_variance"": 2.1091, ""csi_people_estimate"": 0, ""ts"": ""2026-09-05T15:12:28.197111""}",2026-09-05T15:12:28.198110
wifi_occupancy,"{""node_id"": ""corridor_node_1"", ""people_count"": 3, ""device_count_raw"": 3, ""csi_variance"": 1.3707, ""csi_people_estimate"": 0, ""ts"": ""2026-09-05T15:12:33.218735""}",2026-09-05T15:12:33.218735
wifi_occupancy,"{""node_id"": ""corridor_node_1"", ""people_count"": 3, ""device_count_raw"": 3, ""csi_variance"": 1.7562, ""csi_people_estimate"": 0, ""ts"": ""2026-09-05T15:12:38.101883""}",2026-09-05T15:12:38.101883
wifi_occupancy,"{""node_id"": ""corridor_node_1"", ""people_count"": 3, ""device_count_raw"": 3, ""csi_variance"": 3.1942, ""csi_people_estimate"": 0, ""ts"": ""2026-09-05T15:12:43.147259""}",2026-09-05T15:12:43.147259
wifi_occupancy,"{""node_id"": ""corridor_node_1"", ""people_count"": 3, ""device_count_raw"": 3, ""csi_variance"": 2.3135, ""csi_people_estimate"": 0, ""ts"": ""2026-09-05T15:12:48.145273""}",2026-09-05T15:12:48.145273
wifi_occupancy,"{""node_id"": ""corridor_node_1"", ""people_count"": 3, ""device_count_raw"": 3, ""csi_variance"": 2.4356, ""csi_people_estimate"": 0, ""ts"": ""2026-09-05T15:12:53.285747""}",2026-09-05T15:12:53.285747
wifi_occupancy,"{""node_id"": ""corridor_node_1"", ""people_count"": 3, ""device_count_raw"": 3, ""csi_variance"": 4.2981, ""csi_people_estimate"": 0, ""ts"": ""2026-09-05T15:12:58.214297""}",2026-09-05T15:12:58.214297
wifi_occupancy,"{""node_id"": ""corridor_node_1"", ""people_count"": 3, ""device_count_raw"": 3, ""csi_variance"": 8.7468, ""csi_people_estimate"": 1, ""ts"": ""2026-09-05T15:13:03.124967""}",2026-09-05T15:13:03.124967
wifi_occupancy,"{""node_id"": ""corridor_node_1"", ""people_count"": 4, ""device_count_raw"": 4, ""csi_variance"": 0.9895, ""csi_people_estimate"": 0, ""ts"": ""2026-09-05T15:13:08.234581""}",2026-09-05T15:13:08.234581
wifi_occupancy,"{""node_id"": ""corridor_node_1"", ""people_count"": 4, ""device_count_raw"": 4, ""csi_variance"": 7.5053, ""csi_people_estimate"": 1, ""ts"": ""2026-09-05T15:13:13.151781""}",2026-09-05T15:13:13.151781
wifi_occupancy,"{""node_id"": ""corridor_node_1"", ""people_count"": 4, ""device_count_raw"": 4, ""csi_variance"": 1.0637, ""csi_people_estimate"": 0, ""ts"": ""2026-09-05T15:13:18.169748""}",2026-09-05T15:13:18.169748
wifi_occupancy,"{""node_id"": ""corridor_node_1"", ""people_count"": 4, ""device_count_raw"": 4, ""csi_variance"": 3.1294, ""csi_people_estimate"": 0, ""ts"": ""2026-09-05T15:13:23.213265""}",2026-09-05T15:13:23.213265
wifi_occupancy,"{""node_id"": ""corridor_node_1"", ""people_count"": 4, ""device_count_raw"": 4, ""csi_variance"": 3.9425, ""csi_people_estimate"": 0, ""ts"": ""2026-09-05T15:13:28.217890""}",2026-09-05T15:13:28.217890
wifi_occupancy,"{""node_id"": ""corridor_node_1"", ""people_count"": 4, ""device_count_raw"": 4, ""csi_variance"": 8.4171, ""csi_people_estimate"": 1, ""ts"": ""2026-09-05T15:13:33.104309""}",2026-09-05T15:13:33.104309
wifi_occupancy,"{""node_id"": ""corridor_node_1"", ""people_count"": 3, ""device_count_raw"": 3, ""csi_variance"": 4.3786, ""csi_people_estimate"": 0, ""ts"": ""2026-09-05T15:13:38.140687""}",2026-09-05T15:13:38.140687
wifi_occupancy,"{""node_id"": ""corridor_node_1"", ""people_count"": 4, ""device_count_raw"": 4, ""csi_variance"": 4.2467, ""csi_people_estimate"": 0, ""ts"": ""2026-09-05T15:13:43.155937""}",2026-09-05T15:13:43.155937
wifi_occupancy,"{""node_id"": ""corridor_node_1"", ""people_count"": 4, ""device_count_raw"": 4, ""csi_variance"": 11.4956, ""csi_people_estimate"": 1, ""ts"": ""2026-09-05T15:13:48.382647""}",2026-09-05T15:13:48.382647
wifi_occupancy,"{""node_id"": ""corridor_node_1"", ""people_count"": 5, ""device_count_raw"": 5, ""csi_variance"": 2.1992, ""csi_people_estimate"": 0, ""ts"": ""2026-09-05T15:13:53.193344""}",2026-09-05T15:13:53.193344
wifi_occupancy,"{""node_id"": ""corridor_node_1"", ""people_count"": 5, ""device_count_raw"": 5, ""csi_variance"": 8.1727, ""csi_people_estimate"": 1, ""ts"": ""2026-09-05T15:13:58.110002""}",2026-09-05T15:13:58.110002
wifi_occupancy,"{""node_id"": ""corridor_node_1"", ""people_count"": 5, ""device_count_raw"": 5, ""csi_variance"": 2.7494, ""csi_people_estimate"": 0, ""ts"": ""2026-09-05T15:14:03.102699""}",2026-09-05T15:14:03.102699
wifi_occupancy,"{""node_id"": ""corridor_node_1"", ""people_count"": 5, ""device_count_raw"": 5, ""csi_variance"": 0.8998, ""csi_people_estimate"": 0, ""ts"": ""2026-09-05T15:14:08.144397""}",2026-09-05T15:14:08.144397
wifi_occupancy,"{""node_id"": ""corridor_node_1"", ""people_count"": 5, ""device_count_raw"": 5, ""csi_variance"": 6.2183, ""csi_people_estimate"": 0, ""ts"": ""2026-09-05T15:14:13.170926""}",2026-09-05T15:14:13.170926
wifi_occupancy,"{""node_id"": ""corridor_node_1"", ""people_count"": 5, ""device_count_raw"": 5, ""csi_variance"": 6.6434, ""csi_people_estimate"": 0, ""ts"": ""2026-09-05T15:14:18.209906""}",2026-09-05T15:14:18.209906
wifi_occupancy,"{""node_id"": ""corridor_node_1"", ""people_count"": 6, ""device_count_raw"": 6, ""csi_variance"": 4.9926, ""csi_people_estimate"": 0, ""ts"": ""2026-09-05T15:14:23.122140""}",2026-09-05T15:14:23.123168
wifi_occupancy,"{""node_id"": ""corridor_node_1"", ""people_count"": 6, ""device_count_raw"": 6, ""csi_variance"": 2.0171, ""csi_people_estimate"": 0, ""ts"": ""2026-09-05T15:14:28.113993""}",2026-09-05T15:14:28.113993
wifi_occupancy,"{""node_id"": ""corridor_node_1"", ""people_count"": 6, ""device_count_raw"": 6, ""csi_variance"": 2.6328, ""csi_people_estimate"": 0, ""ts"": ""2026-09-05T15:14:33.129800""}",2026-09-05T15:14:33.129800
wifi_occupancy,"{""node_id"": ""corridor_node_1"", ""people_count"": 6, ""device_count_raw"": 6, ""csi_variance"": 0.7317, ""csi_people_estimate"": 0, ""ts"": ""2026-09-05T15:14:38.352184""}",2026-09-05T15:14:38.352184
wifi_occupancy,"{""node_id"": ""corridor_node_1"", ""people_count"": 5, ""device_count_raw"": 5, ""csi_variance"": 4.3196, ""csi_people_estimate"": 0, ""ts"": ""2026-09-05T15:14:43.167270""}",2026-09-05T15:14:43.167270
wifi_occupancy,"{""node_id"": ""corridor_node_1"", ""people_count"": 5, ""device_count_raw"": 5, ""csi_variance"": 1.0339, ""csi_people_estimate"": 0, ""ts"": ""2026-09-05T15:14:48.183193""}",2026-09-05T15:14:48.183193
wifi_occupancy,"{""node_id"": ""corridor_node_1"", ""people_count"": 4, ""device_count_raw"": 4, ""csi_variance"": 4.8344, ""csi_people_estimate"": 0, ""ts"": ""2026-09-05T15:14:53.450317""}",2026-09-05T15:14:53.450317
wifi_occupancy,"{""node_id"": ""corridor_node_1"", ""people_count"": 4, ""device_count_raw"": 4, ""csi_variance"": 6.9274, ""csi_people_estimate"": 1, ""ts"": ""2026-09-05T15:14:58.226184""}",2026-09-05T15:14:58.226184
wifi_occupancy,"{""node_id"": ""corridor_node_1"", ""people_count"": 4, ""device_count_raw"": 4, ""csi_variance"": 3.5459, ""csi_people_estimate"": 0, ""ts"": ""2026-09-05T15:15:03.135228""}",2026-09-05T15:15:03.135228
wifi_occupancy,"{""node_id"": ""corridor_node_1"", ""people_count"": 4, ""device_count_raw"": 4, ""csi_variance"": 7.1686, ""csi_people_estimate"": 1, ""ts"": ""2026-09-05T15:15:08.151176""}",2026-09-05T15:15:08.151176
wifi_occupancy,"{""node_id"": ""corridor_node_1"", ""people_count"": 4, ""device_count_raw"": 4, ""csi_variance"": 9.0914, ""csi_people_estimate"": 1, ""ts"": ""2026-09-05T15:15:13.166890""}",2026-09-05T15:15:13.166890
wifi_occupancy,"{""node_id"": ""corridor_node_1"", ""people_count"": 5, ""device_count_raw"": 5, ""csi_variance"": 2.5408, ""csi_people_estimate"": 0, ""ts"": ""2026-09-05T15:15:18.188604""}",2026-09-05T15:15:18.188604
wifi_occupancy,"{""node_id"": ""corridor_node_1"", ""people_count"": 4, ""device_count_raw"": 4, ""csi_variance"": 4.1831, ""csi_people_estimate"": 0, ""ts"": ""2026-09-05T15:15:23.103406""}",2026-09-05T15:15:23.103406
wifi_occupancy,"{""node_id"": ""corridor_node_1"", ""people_count"": 4, ""device_count_raw"": 4, ""csi_variance"": 2.9616, ""csi_people_estimate"": 0, ""ts"": ""2026-09-05T15:15:28.097367""}",2026-09-05T15:15:28.097367
wifi_occupancy,"{""node_id"": ""corridor_node_1"", ""people_count"": 4, ""device_count_raw"": 4, ""csi_variance"": 4.5377, ""csi_people_estimate"": 0, ""ts"": ""2026-09-05T15:15:33.238191""}",2026-09-05T15:15:33.238191
wifi_occupancy,"{""node_id"": ""corridor_node_1"", ""people_count"": 4, ""device_count_raw"": 4, ""csi_variance"": 2.7736, ""csi_people_estimate"": 0, ""ts"": ""2026-09-05T15:15:38.215982""}",2026-09-05T15:15:38.215982
wifi_occupancy,"{""node_id"": ""corridor_node_1"", ""people_count"": 5, ""device_count_raw"": 5, ""csi_variance"": 1.5842, ""csi_people_estimate"": 0, ""ts"": ""2026-09-05T15:15:43.103565""}",2026-09-05T15:15:43.103565
wifi_occupancy,"{""node_id"": ""corridor_node_1"", ""people_count"": 5, ""device_count_raw"": 5, ""csi_variance"": 3.0203, ""csi_people_estimate"": 0, ""ts"": ""2026-09-05T15:15:48.104005""}",2026-09-05T15:15:48.104005
wifi_occupancy,"{""node_id"": ""corridor_node_1"", ""people_count"": 5, ""device_count_raw"": 5, ""csi_variance"": 17.1571, ""csi_people_estimate"": 2, ""ts"": ""2026-09-05T15:15:53.106074""}",2026-09-05T15:15:53.106074
wifi_occupancy,"{""node_id"": ""corridor_node_1"", ""people_count"": 5, ""device_count_raw"": 5, ""csi_variance"": 3.5962, ""csi_people_estimate"": 0, ""ts"": ""2026-09-05T15:15:58.125100""}",2026-09-05T15:15:58.125100
wifi_occupancy,"{""node_id"": ""corridor_node_1"", ""people_count"": 5, ""device_count_raw"": 5, ""csi_variance"": 9.0515, ""csi_people_estimate"": 1, ""ts"": ""2026-09-05T15:16:03.142211""}",2026-09-05T15:16:03.142211
wifi_occupancy,"{""node_id"": ""corridor_node_1"", ""people_count"": 6, ""device_count_raw"": 6, ""csi_variance"": 14.9051, ""csi_people_estimate"": 2, ""ts"": ""2026-09-05T15:16:08.094476""}",2026-09-05T15:16:08.094476
wifi_occupancy,"{""node_id"": ""corridor_node_1"", ""people_count"": 6, ""device_count_raw"": 6, ""csi_variance"": 21.7725, ""csi_people_estimate"": 2, ""ts"": ""2026-09-05T15:16:13.086441""}",2026-09-05T15:16:13.086441
wifi_occupancy,"{""node_id"": ""corridor_node_1"", ""people_count"": 5, ""device_count_raw"": 5, ""csi_variance"": 22.3526, ""csi_people_estimate"": 2, ""ts"": ""2026-09-05T15:16:18.210184""}",2026-09-05T15:16:18.210184
wifi_occupancy,"{""node_id"": ""corridor_node_1"", ""people_count"": 5, ""device_count_raw"": 5, ""csi_variance"": 28.6354, ""csi_people_estimate"": 3, ""ts"": ""2026-09-05T15:16:23.212234""}",2026-09-05T15:16:23.212234
wifi_occupancy,"{""node_id"": ""corridor_node_1"", ""people_count"": 5, ""device_count_raw"": 5, ""csi_variance"": 29.0578, ""csi_people_estimate"": 3, ""ts"": ""2026-09-05T15:16:28.134904""}",2026-09-05T15:16:28.134904
wifi_occupancy,"{""node_id"": ""corridor_node_1"", ""people_count"": 5, ""device_count_raw"": 5, ""csi_variance"": 24.2942, ""csi_people_estimate"": 2, ""ts"": ""2026-09-05T15:16:33.147951""}",2026-09-05T15:16:33.147951
wifi_occupancy,"{""node_id"": ""corridor_node_1"", ""people_count"": 5, ""device_count_raw"": 5, ""csi_variance"": 6.8857, ""csi_people_estimate"": 0, ""ts"": ""2026-09-05T15:16:38.163614""}",2026-09-05T15:16:38.163614
wifi_occupancy,"{""node_id"": ""corridor_node_1"", ""people_count"": 4, ""device_count_raw"": 4, ""csi_variance"": 3.9438, ""csi_people_estimate"": 0, ""ts"": ""2026-09-05T15:16:43.182445""}",2026-09-05T15:16:43.182445
wifi_occupancy,"{""node_id"": ""corridor_node_1"", ""people_count"": 4, ""device_count_raw"": 4, ""csi_variance"": 1.1024, ""csi_people_estimate"": 0, ""ts"": ""2026-09-05T15:16:48.200124""}",2026-09-05T15:16:48.200124
wifi_occupancy,"{""node_id"": ""corridor_node_1"", ""people_count"": 4, ""device_count_raw"": 4, ""csi_variance"": 2.915, ""csi_people_estimate"": 0, ""ts"": ""2026-09-05T15:16:53.092445""}",2026-09-05T15:16:53.092445
wifi_occupancy,"{""node_id"": ""corridor_node_1"", ""people_count"": 4, ""device_count_raw"": 4, ""csi_variance"": 10.0222, ""csi_people_estimate"": 1, ""ts"": ""2026-09-05T15:16:58.088471""}",2026-09-05T15:16:58.088471
wifi_occupancy,"{""node_id"": ""corridor_node_1"", ""people_count"": 4, ""device_count_raw"": 4, ""csi_variance"": 2.8746, ""csi_people_estimate"": 0, ""ts"": ""2026-09-05T15:17:03.153294""}",2026-09-05T15:17:03.153294
wifi_occupancy,"{""node_id"": ""corridor_node_1"", ""people_count"": 4, ""device_count_raw"": 4, ""csi_variance"": 2.8739, ""csi_people_estimate"": 0, ""ts"": ""2026-09-05T15:17:08.169642""}",2026-09-05T15:17:08.169642
wifi_occupancy,"{""node_id"": ""corridor_node_1"", ""people_count"": 4, ""device_count_raw"": 4, ""csi_variance"": 16.1538, ""csi_people_estimate"": 2, ""ts"": ""2026-09-05T15:17:13.185023""}",2026-09-05T15:17:13.185023
wifi_occupancy,"{""node_id"": ""corridor_node_1"", ""people_count"": 4, ""device_count_raw"": 4, ""csi_variance"": 16.8019, ""csi_people_estimate"": 2, ""ts"": ""2026-09-05T15:17:18.197864""}",2026-09-05T15:17:18.197864
wifi_occupancy,"{""node_id"": ""corridor_node_1"", ""people_count"": 3, ""device_count_raw"": 3, ""csi_variance"": 20.4832, ""csi_people_estimate"": 2, ""ts"": ""2026-09-05T15:17:23.414674""}",2026-09-05T15:17:23.414674
wifi_occupancy,"{""node_id"": ""corridor_node_1"", ""people_count"": 3, ""device_count_raw"": 3, ""csi_variance"": 16.821, ""csi_people_estimate"": 2, ""ts"": ""2026-09-05T15:17:28.136480""}",2026-09-05T15:17:28.136480
wifi_occupancy,"{""node_id"": ""corridor_node_1"", ""people_count"": 3, ""device_count_raw"": 3, ""csi_variance"": 14.9483, ""csi_people_estimate"": 2, ""ts"": ""2026-09-05T15:17:33.153495""}",2026-09-05T15:17:33.153495
wifi_occupancy,"{""node_id"": ""corridor_node_1"", ""people_count"": 3, ""device_count_raw"": 3, ""csi_variance"": 12.6446, ""csi_people_estimate"": 1, ""ts"": ""2026-09-05T15:17:38.171224""}",2026-09-05T15:17:38.171224
wifi_occupancy,"{""node_id"": ""corridor_node_1"", ""people_count"": 4, ""device_count_raw"": 4, ""csi_variance"": 2.7721, ""csi_people_estimate"": 0, ""ts"": ""2026-09-05T15:17:43.188591""}",2026-09-05T15:17:43.188591
wifi_occupancy,"{""node_id"": ""corridor_node_1"", ""people_count"": 4, ""device_count_raw"": 4, ""csi_variance"": 5.1944, ""csi_people_estimate"": 0, ""ts"": ""2026-09-05T15:17:48.206625""}",2026-09-05T15:17:48.206625
wifi_occupancy,"{""node_id"": ""corridor_node_1"", ""people_count"": 4, ""device_count_raw"": 4, ""csi_variance"": 4.8151, ""csi_people_estimate"": 0, ""ts"": ""2026-09-05T15:17:53.133841""}",2026-09-05T15:17:53.133841
wifi_occupancy,"{""node_id"": ""corridor_node_1"", ""people_count"": 5, ""device_count_raw"": 5, ""csi_variance"": 3.8853, ""csi_people_estimate"": 0, ""ts"": ""2026-09-05T15:17:58.138694""}",2026-09-05T15:17:58.138694
wifi_occupancy,"{""node_id"": ""corridor_node_1"", ""people_count"": 5, ""device_count_raw"": 5, ""csi_variance"": 4.2718, ""csi_people_estimate"": 0, ""ts"": ""2026-09-05T15:18:03.157441""}",2026-09-05T15:18:03.157441
wifi_occupancy,"{""node_id"": ""corridor_node_1"", ""people_count"": 5, ""device_count_raw"": 5, ""csi_variance"": 15.2506, ""csi_people_estimate"": 2, ""ts"": ""2026-09-05T15:18:08.176733""}",2026-09-05T15:18:08.176733
wifi_occupancy,"{""node_id"": ""corridor_node_1"", ""people_count"": 5, ""device_count_raw"": 5, ""csi_variance"": 13.9123, ""csi_people_estimate"": 2, ""ts"": ""2026-09-05T15:18:13.099049""}",2026-09-05T15:18:13.099049
wifi_occupancy,"{""node_id"": ""corridor_node_1"", ""people_count"": 5, ""device_count_raw"": 5, ""csi_variance"": 6.4365, ""csi_people_estimate"": 0, ""ts"": ""2026-09-05T15:18:18.207894""}",2026-09-05T15:18:18.207894
wifi_occupancy,"{""node_id"": ""corridor_node_1"", ""people_count"": 5, ""device_count_raw"": 5, ""csi_variance"": 12.7174, ""csi_people_estimate"": 1, ""ts"": ""2026-09-05T15:18:23.126864""}",2026-09-05T15:18:23.126864
wifi_occupancy,"{""node_id"": ""corridor_node_1"", ""people_count"": 5, ""device_count_raw"": 5, ""csi_variance"": 11.4981, ""csi_people_estimate"": 1, ""ts"": ""2026-09-05T15:18:28.146980""}",2026-09-05T15:18:28.146980
wifi_occupancy,"{""node_id"": ""corridor_node_1"", ""people_count"": 5, ""device_count_raw"": 5, ""csi_variance"": 22.9477, ""csi_people_estimate"": 2, ""ts"": ""2026-09-05T15:18:33.264622""}",2026-09-05T15:18:33.264622
wifi_occupancy,"{""node_id"": ""corridor_node_1"", ""people_count"": 5, ""device_count_raw"": 5, ""csi_variance"": 15.3976, ""csi_people_estimate"": 2, ""ts"": ""2026-09-05T15:18:38.178474""}",2026-09-05T15:18:38.178474
wifi_occupancy,"{""node_id"": ""corridor_node_1"", ""people_count"": 4, ""device_count_raw"": 4, ""csi_variance"": 16.2463, ""csi_people_estimate"": 2, ""ts"": ""2026-09-05T15:18:43.091860""}",2026-09-05T15:18:43.091860
wifi_occupancy,"{""node_id"": ""corridor_node_1"", ""people_count"": 4, ""device_count_raw"": 4, ""csi_variance"": 18.2978, ""csi_people_estimate"": 2, ""ts"": ""2026-09-05T15:18:48.088268""}",2026-09-05T15:18:48.088268
wifi_occupancy,"{""node_id"": ""corridor_node_1"", ""people_count"": 4, ""device_count_raw"": 4, ""csi_variance"": 24.5988, ""csi_people_estimate"": 2, ""ts"": ""2026-09-05T15:18:53.128733""}",2026-09-05T15:18:53.128733
wifi_occupancy,"{""node_id"": ""corridor_node_1"", ""people_count"": 3, ""device_count_raw"": 3, ""csi_variance"": 10.2376, ""csi_people_estimate"": 1, ""ts"": ""2026-09-05T15:18:58.147655""}",2026-09-05T15:18:58.147655
wifi_occupancy,"{""node_id"": ""corridor_node_1"", ""people_count"": 5, ""device_count_raw"": 5, ""csi_variance"": 5.8725, ""csi_people_estimate"": 0, ""ts"": ""2026-09-05T15:19:03.163985""}",2026-09-05T15:19:03.163985
wifi_occupancy,"{""node_id"": ""corridor_node_1"", ""people_count"": 5, ""device_count_raw"": 5, ""csi_variance"": 10.7119, ""csi_people_estimate"": 1, ""ts"": ""2026-09-05T15:19:08.183486""}",2026-09-05T15:19:08.183486
wifi_occupancy,"{""node_id"": ""corridor_node_1"", ""people_count"": 5, ""device_count_raw"": 5, ""csi_variance"": 14.5726, ""csi_people_estimate"": 2, ""ts"": ""2026-09-05T15:19:13.302809""}",2026-09-05T15:19:13.302809
wifi_occupancy,"{""node_id"": ""corridor_node_1"", ""people_count"": 5, ""device_count_raw"": 5, ""csi_variance"": 18.1358, ""csi_people_estimate"": 2, ""ts"": ""2026-09-05T15:19:18.117280""}",2026-09-05T15:19:18.117280
wifi_occupancy,"{""node_id"": ""corridor_node_1"", ""people_count"": 5, ""device_count_raw"": 5, ""csi_variance"": 19.6494, ""csi_people_estimate"": 2, ""ts"": ""2026-09-05T15:19:23.136852""}",2026-09-05T15:19:23.136852
wifi_occupancy,"{""node_id"": ""corridor_node_1"", ""people_count"": 5, ""device_count_raw"": 5, ""csi_variance"": 18.4462, ""csi_people_estimate"": 2, ""ts"": ""2026-09-05T15:19:28.149035""}",2026-09-05T15:19:28.149035
wifi_occupancy,"{""node_id"": ""corridor_node_1"", ""people_count"": 5, ""device_count_raw"": 5, ""csi_variance"": 24.8243, ""csi_people_estimate"": 2, ""ts"": ""2026-09-05T15:19:33.093488""}",2026-09-05T15:19:33.093488
wifi_occupancy,"{""node_id"": ""corridor_node_1"", ""people_count"": 5, ""device_count_raw"": 5, ""csi_variance"": 4.2646, ""csi_people_estimate"": 0, ""ts"": ""2026-09-05T15:19:38.188481""}",2026-09-05T15:19:38.188481
wifi_occupancy,"{""node_id"": ""corridor_node_1"", ""people_count"": 7, ""device_count_raw"": 7, ""csi_variance"": 14.5129, ""csi_people_estimate"": 2, ""ts"": ""2026-09-05T15:19:43.226472""}",2026-09-05T15:19:43.226472
wifi_occupancy,"{""node_id"": ""corridor_node_1"", ""people_count"": 7, ""device_count_raw"": 7, ""csi_variance"": 5.6891, ""csi_people_estimate"": 0, ""ts"": ""2026-09-05T15:19:48.219167""}",2026-09-05T15:19:48.219167
wifi_occupancy,"{""node_id"": ""corridor_node_1"", ""people_count"": 7, ""device_count_raw"": 7, ""csi_variance"": 5.6593, ""csi_people_estimate"": 0, ""ts"": ""2026-09-05T15:19:53.096895""}",2026-09-05T15:19:53.096895
wifi_occupancy,"{""node_id"": ""corridor_node_1"", ""people_count"": 7, ""device_count_raw"": 7, ""csi_variance"": 10.932, ""csi_people_estimate"": 1, ""ts"": ""2026-09-05T15:19:58.254468""}",2026-09-05T15:19:58.254468
wifi_occupancy,"{""node_id"": ""corridor_node_1"", ""people_count"": 5, ""device_count_raw"": 5, ""csi_variance"": 3.5267, ""csi_people_estimate"": 0, ""ts"": ""2026-09-05T15:20:03.172162""}",2026-09-05T15:20:03.172162
wifi_occupancy,"{""node_id"": ""corridor_node_1"", ""people_count"": 5, ""device_count_raw"": 5, ""csi_variance"": 18.1578, ""csi_people_estimate"": 2, ""ts"": ""2026-09-05T15:20:08.395448""}",2026-09-05T15:20:08.395448
wifi_occupancy,"{""node_id"": ""corridor_node_1"", ""people_count"": 5, ""device_count_raw"": 5, ""csi_variance"": 13.7396, ""csi_people_estimate"": 1, ""ts"": ""2026-09-05T15:20:13.098056""}",2026-09-05T15:20:13.098056
wifi_occupancy,"{""node_id"": ""corridor_node_1"", ""people_count"": 5, ""device_count_raw"": 5, ""csi_variance"": 11.3161, ""csi_people_estimate"": 1, ""ts"": ""2026-09-05T15:20:18.225176""}",2026-09-05T15:20:18.225176
wifi_occupancy,"{""node_id"": ""corridor_node_1"", ""people_count"": 5, ""device_count_raw"": 5, ""csi_variance"": 9.0436, ""csi_people_estimate"": 1, ""ts"": ""2026-09-05T15:20:23.139417""}",2026-09-05T15:20:23.139417
wifi_occupancy,"{""node_id"": ""corridor_node_1"", ""people_count"": 5, ""device_count_raw"": 5, ""csi_variance"": 1.8678, ""csi_people_estimate"": 0, ""ts"": ""2026-09-05T15:20:28.157109""}",2026-09-05T15:20:28.157109
wifi_occupancy,"{""node_id"": ""corridor_node_1"", ""people_count"": 6, ""device_count_raw"": 6, ""csi_variance"": 0.8807, ""csi_people_estimate"": 0, ""ts"": ""2026-09-05T15:20:33.094008""}",2026-09-05T15:20:33.094008
wifi_occupancy,"{""node_id"": ""corridor_node_1"", ""people_count"": 7, ""device_count_raw"": 7, ""csi_variance"": 1.2239, ""csi_people_estimate"": 0, ""ts"": ""2026-09-05T15:20:38.093514""}",2026-09-05T15:20:38.093514
wifi_occupancy,"{""node_id"": ""corridor_node_1"", ""people_count"": 5, ""device_count_raw"": 5, ""csi_variance"": 1.4375, ""csi_people_estimate"": 0, ""ts"": ""2026-09-05T15:20:43.109061""}",2026-09-05T15:20:43.109061
wifi_occupancy,"{""node_id"": ""corridor_node_1"", ""people_count"": 5, ""device_count_raw"": 5, ""csi_variance"": 3.2416, ""csi_people_estimate"": 0, ""ts"": ""2026-09-05T15:20:48.331968""}",2026-09-05T15:20:48.331968
wifi_occupancy,"{""node_id"": ""corridor_node_1"", ""people_count"": 5, ""device_count_raw"": 5, ""csi_variance"": 0.5697, ""csi_people_estimate"": 0, ""ts"": ""2026-09-05T15:20:53.141419""}",2026-09-05T15:20:53.141419
wifi_occupancy,"{""node_id"": ""corridor_node_1"", ""people_count"": 5, ""device_count_raw"": 5, ""csi_variance"": 1.1288, ""csi_people_estimate"": 0, ""ts"": ""2026-09-05T15:20:58.160650""}",2026-09-05T15:20:58.160650
wifi_occupancy,"{""node_id"": ""corridor_node_1"", ""people_count"": 5, ""device_count_raw"": 5, ""csi_variance"": 4.9644, ""csi_people_estimate"": 0, ""ts"": ""2026-09-05T15:21:03.178232""}",2026-09-05T15:21:03.178232
wifi_occupancy,"{""node_id"": ""corridor_node_1"", ""people_count"": 5, ""device_count_raw"": 5, ""csi_variance"": 14.4782, ""csi_people_estimate"": 2, ""ts"": ""2026-09-05T15:21:08.196858""}",2026-09-05T15:21:08.196858
wifi_occupancy,"{""node_id"": ""corridor_node_1"", ""people_count"": 5, ""device_count_raw"": 5, ""csi_variance"": 25.0412, ""csi_people_estimate"": 2, ""ts"": ""2026-09-05T15:21:13.480615""}",2026-09-05T15:21:13.480615
wifi_occupancy,"{""node_id"": ""corridor_node_1"", ""people_count"": 5, ""device_count_raw"": 5, ""csi_variance"": 50.5642, ""csi_people_estimate"": 3, ""ts"": ""2026-09-05T15:21:18.101333""}",2026-09-05T15:21:18.101333
wifi_occupancy,"{""node_id"": ""corridor_node_1"", ""people_count"": 5, ""device_count_raw"": 5, ""csi_variance"": 21.1062, ""csi_people_estimate"": 2, ""ts"": ""2026-09-05T15:21:23.147403""}",2026-09-05T15:21:23.147403
wifi_occupancy,"{""node_id"": ""corridor_node_1"", ""people_count"": 5, ""device_count_raw"": 5, ""csi_variance"": 17.0056, ""csi_people_estimate"": 2, ""ts"": ""2026-09-05T15:21:28.371853""}",2026-09-05T15:21:28.371853
wifi_occupancy,"{""node_id"": ""corridor_node_1"", ""people_count"": 4, ""device_count_raw"": 4, ""csi_variance"": 26.9568, ""csi_people_estimate"": 2, ""ts"": ""2026-09-05T15:21:33.087534""}",2026-09-05T15:21:33.087534
wifi_occupancy,"{""node_id"": ""corridor_node_1"", ""people_count"": 4, ""device_count_raw"": 4, ""csi_variance"": 9.9972, ""csi_people_estimate"": 1, ""ts"": ""2026-09-05T15:21:38.201356""}",2026-09-05T15:21:38.201356
wifi_occupancy,"{""node_id"": ""corridor_node_1"", ""people_count"": 4, ""device_count_raw"": 4, ""csi_variance"": 2.6842, ""csi_people_estimate"": 0, ""ts"": ""2026-09-05T15:21:43.115374""}",2026-09-05T15:21:43.115374
wifi_occupancy,"{""node_id"": ""corridor_node_1"", ""people_count"": 4, ""device_count_raw"": 4, ""csi_variance"": 1.3179, ""csi_people_estimate"": 0, ""ts"": ""2026-09-05T15:21:48.089270""}",2026-09-05T15:21:48.089270
wifi_occupancy,"{""node_id"": ""corridor_node_1"", ""people_count"": 4, ""device_count_raw"": 4, ""csi_variance"": 2.5926, ""csi_people_estimate"": 0, ""ts"": ""2026-09-05T15:21:53.152457""}",2026-09-05T15:21:53.152457
wifi_occupancy,"{""node_id"": ""corridor_node_1"", ""people_count"": 4, ""device_count_raw"": 4, ""csi_variance"": 4.7545, ""csi_people_estimate"": 0, ""ts"": ""2026-09-05T15:21:58.169256""}",2026-09-05T15:21:58.169256
wifi_occupancy,"{""node_id"": ""corridor_node_1"", ""people_count"": 4, ""device_count_raw"": 4, ""csi_variance"": 4.876, ""csi_people_estimate"": 0, ""ts"": ""2026-09-05T15:22:03.093964""}",2026-09-05T15:22:03.093964
wifi_occupancy,"{""node_id"": ""corridor_node_1"", ""people_count"": 4, ""device_count_raw"": 4, ""csi_variance"": 12.4562, ""csi_people_estimate"": 1, ""ts"": ""2026-09-05T15:22:08.208293""}",2026-09-05T15:22:08.208293
wifi_occupancy,"{""node_id"": ""corridor_node_1"", ""people_count"": 4, ""device_count_raw"": 4, ""csi_variance"": 18.3007, ""csi_people_estimate"": 2, ""ts"": ""2026-09-05T15:22:13.120004""}",2026-09-05T15:22:13.120004
wifi_occupancy,"{""node_id"": ""corridor_node_1"", ""people_count"": 4, ""device_count_raw"": 4, ""csi_variance"": 24.3057, ""csi_people_estimate"": 2, ""ts"": ""2026-09-05T15:22:18.137274""}",2026-09-05T15:22:18.137274
wifi_occupancy,"{""node_id"": ""corridor_node_1"", ""people_count"": 4, ""device_count_raw"": 4, ""csi_variance"": 23.007, ""csi_people_estimate"": 2, ""ts"": ""2026-09-05T15:22:23.155739""}",2026-09-05T15:22:23.155739
wifi_occupancy,"{""node_id"": ""corridor_node_1"", ""people_count"": 4, ""device_count_raw"": 4, ""csi_variance"": 1.0254, ""csi_people_estimate"": 0, ""ts"": ""2026-09-05T15:22:28.172702""}",2026-09-05T15:22:28.172702
wifi_occupancy,"{""node_id"": ""corridor_node_1"", ""people_count"": 5, ""device_count_raw"": 5, ""csi_variance"": 6.8374, ""csi_people_estimate"": 0, ""ts"": ""2026-09-05T15:22:33.092920""}",2026-09-05T15:22:33.092920
wifi_occupancy,"{""node_id"": ""corridor_node_1"", ""people_count"": 4, ""device_count_raw"": 4, ""csi_variance"": 2.6945, ""csi_people_estimate"": 0, ""ts"": ""2026-09-05T15:22:38.087866""}",2026-09-05T15:22:38.087866
wifi_occupancy,"{""node_id"": ""corridor_node_1"", ""people_count"": 4, ""device_count_raw"": 4, ""csi_variance"": 1.9805, ""csi_people_estimate"": 0, ""ts"": ""2026-09-05T15:22:43.123139""}",2026-09-05T15:22:43.123139
wifi_occupancy,"{""node_id"": ""corridor_node_1"", ""people_count"": 4, ""device_count_raw"": 4, ""csi_variance"": 7.8287, ""csi_people_estimate"": 1, ""ts"": ""2026-09-05T15:22:48.144023""}",2026-09-05T15:22:48.144023
wifi_occupancy,"{""node_id"": ""corridor_node_1"", ""people_count"": 4, ""device_count_raw"": 4, ""csi_variance"": 0.6325, ""csi_people_estimate"": 0, ""ts"": ""2026-09-05T15:22:53.261244""}",2026-09-05T15:22:53.261244
wifi_occupancy,"{""node_id"": ""corridor_node_1"", ""people_count"": 4, ""device_count_raw"": 4, ""csi_variance"": 16.3821, ""csi_people_estimate"": 2, ""ts"": ""2026-09-05T15:22:58.181041""}",2026-09-05T15:22:58.181041
wifi_occupancy,"{""node_id"": ""corridor_node_1"", ""people_count"": 4, ""device_count_raw"": 4, ""csi_variance"": 19.4687, ""csi_people_estimate"": 2, ""ts"": ""2026-09-05T15:23:03.196246""}",2026-09-05T15:23:03.196246
wifi_occupancy,"{""node_id"": ""corridor_node_1"", ""people_count"": 4, ""device_count_raw"": 4, ""csi_variance"": 21.5016, ""csi_people_estimate"": 2, ""ts"": ""2026-09-05T15:23:08.101917""}",2026-09-05T15:23:08.101917
wifi_occupancy,"{""node_id"": ""corridor_node_1"", ""people_count"": 4, ""device_count_raw"": 4, ""csi_variance"": 25.3535, ""csi_people_estimate"": 2, ""ts"": ""2026-09-05T15:23:13.128690""}",2026-09-05T15:23:13.128690
wifi_occupancy,"{""node_id"": ""corridor_node_1"", ""people_count"": 5, ""device_count_raw"": 5, ""csi_variance"": 24.5203, ""csi_people_estimate"": 2, ""ts"": ""2026-09-05T15:23:18.143923""}",2026-09-05T15:23:18.143923
wifi_occupancy,"{""node_id"": ""corridor_node_1"", ""people_count"": 4, ""device_count_raw"": 4, ""csi_variance"": 24.7071, ""csi_people_estimate"": 2, ""ts"": ""2026-09-05T15:23:23.165399""}",2026-09-05T15:23:23.165399
wifi_occupancy,"{""node_id"": ""corridor_node_1"", ""people_count"": 7, ""device_count_raw"": 7, ""csi_variance"": 11.728, ""csi_people_estimate"": 1, ""ts"": ""2026-09-05T15:23:28.394333""}",2026-09-05T15:23:28.394333
wifi_occupancy,"{""node_id"": ""corridor_node_1"", ""people_count"": 6, ""device_count_raw"": 6, ""csi_variance"": 16.6306, ""csi_people_estimate"": 2, ""ts"": ""2026-09-05T15:23:33.201781""}",2026-09-05T15:23:33.201781
wifi_occupancy,"{""node_id"": ""corridor_node_1"", ""people_count"": 6, ""device_count_raw"": 6, ""csi_variance"": 9.4217, ""csi_people_estimate"": 1, ""ts"": ""2026-09-05T15:23:38.092607""}",2026-09-05T15:23:38.092607
wifi_occupancy,"{""node_id"": ""corridor_node_1"", ""people_count"": 8, ""device_count_raw"": 8, ""csi_variance"": 16.6997, ""csi_people_estimate"": 2, ""ts"": ""2026-09-05T15:23:43.263220""}",2026-09-05T15:23:43.263220
wifi_occupancy,"{""node_id"": ""corridor_node_1"", ""people_count"": 8, ""device_count_raw"": 8, ""csi_variance"": 5.9932, ""csi_people_estimate"": 0, ""ts"": ""2026-09-05T15:23:48.151961""}",2026-09-05T15:23:48.151961
wifi_occupancy,"{""node_id"": ""corridor_node_1"", ""people_count"": 8, ""device_count_raw"": 8, ""csi_variance"": 3.0481, ""csi_people_estimate"": 0, ""ts"": ""2026-09-05T15:23:53.475391""}",2026-09-05T15:23:53.475391
wifi_occupancy,"{""node_id"": ""corridor_node_1"", ""people_count"": 8, ""device_count_raw"": 8, ""csi_variance"": 16.3299, ""csi_people_estimate"": 2, ""ts"": ""2026-09-05T15:23:58.183241""}",2026-09-05T15:23:58.183241
wifi_occupancy,"{""node_id"": ""corridor_node_1"", ""people_count"": 8, ""device_count_raw"": 8, ""csi_variance"": 9.9298, ""csi_people_estimate"": 1, ""ts"": ""2026-09-05T15:24:03.087044""}",2026-09-05T15:24:03.087044
wifi_occupancy,"{""node_id"": ""corridor_node_1"", ""people_count"": 8, ""device_count_raw"": 8, ""csi_variance"": 8.6451, ""csi_people_estimate"": 1, ""ts"": ""2026-09-05T15:24:08.235945""}",2026-09-05T15:24:08.235945
wifi_occupancy,"{""node_id"": ""corridor_node_1"", ""people_count"": 8, ""device_count_raw"": 8, ""csi_variance"": 16.0455, ""csi_people_estimate"": 2, ""ts"": ""2026-09-05T15:24:13.145315""}",2026-09-05T15:24:13.145315
wifi_occupancy,"{""node_id"": ""corridor_node_1"", ""people_count"": 7, ""device_count_raw"": 7, ""csi_variance"": 28.0489, ""csi_people_estimate"": 3, ""ts"": ""2026-09-05T15:24:18.090004""}",2026-09-05T15:24:18.090004
wifi_occupancy,"{""node_id"": ""corridor_node_1"", ""people_count"": 7, ""device_count_raw"": 7, ""csi_variance"": 29.0839, ""csi_people_estimate"": 3, ""ts"": ""2026-09-05T15:24:23.193491""}",2026-09-05T15:24:23.193491
wifi_occupancy,"{""node_id"": ""corridor_node_1"", ""people_count"": 5, ""device_count_raw"": 5, ""csi_variance"": 6.6393, ""csi_people_estimate"": 0, ""ts"": ""2026-09-05T15:24:28.203267""}",2026-09-05T15:24:28.203267
wifi_occupancy,"{""node_id"": ""corridor_node_1"", ""people_count"": 6, ""device_count_raw"": 6, ""csi_variance"": 7.8172, ""csi_people_estimate"": 1, ""ts"": ""2026-09-05T15:24:33.104930""}",2026-09-05T15:24:33.104930
wifi_occupancy,"{""node_id"": ""corridor_node_1"", ""people_count"": 6, ""device_count_raw"": 6, ""csi_variance"": 0.8306, ""csi_people_estimate"": 0, ""ts"": ""2026-09-05T15:24:39.690146""}",2026-09-05T15:24:39.690146
wifi_occupancy,"{""node_id"": ""corridor_node_1"", ""people_count"": 3, ""device_count_raw"": 3, ""csi_variance"": 19.7884, ""csi_people_estimate"": 2, ""ts"": ""2026-09-05T15:24:43.145279""}",2026-09-05T15:24:43.145279
wifi_occupancy,"{""node_id"": ""corridor_node_1"", ""people_count"": 4, ""device_count_raw"": 4, ""csi_variance"": 21.2434, ""csi_people_estimate"": 2, ""ts"": ""2026-09-05T15:24:48.264806""}",2026-09-05T15:24:48.264806
wifi_occupancy,"{""node_id"": ""corridor_node_1"", ""people_count"": 4, ""device_count_raw"": 4, ""csi_variance"": 18.9468, ""csi_people_estimate"": 2, ""ts"": ""2026-09-05T15:24:53.173608""}",2026-09-05T15:24:53.173608
wifi_occupancy,"{""node_id"": ""corridor_node_1"", ""people_count"": 4, ""device_count_raw"": 4, ""csi_variance"": 19.4684, ""csi_people_estimate"": 2, ""ts"": ""2026-09-05T15:24:58.612667""}",2026-09-05T15:24:58.612667
wifi_occupancy,"{""node_id"": ""corridor_node_1"", ""people_count"": 4, ""device_count_raw"": 4, ""csi_variance"": 14.0381, ""csi_people_estimate"": 2, ""ts"": ""2026-09-05T15:25:03.214786""}",2026-09-05T15:25:03.214786
wifi_occupancy,"{""node_id"": ""corridor_node_1"", ""people_count"": 4, ""device_count_raw"": 4, ""csi_variance"": 85.6694, ""csi_people_estimate"": 3, ""ts"": ""2026-09-05T15:25:08.086379""}",2026-09-05T15:25:08.086379
wifi_occupancy,"{""node_id"": ""corridor_node_1"", ""people_count"": 5, ""device_count_raw"": 5, ""csi_variance"": 1.7996, ""csi_people_estimate"": 0, ""ts"": ""2026-09-05T15:25:14.919922""}",2026-09-05T15:25:14.919922
wifi_occupancy,"{""node_id"": ""corridor_node_1"", ""people_count"": 5, ""device_count_raw"": 5, ""csi_variance"": 8.382, ""csi_people_estimate"": 1, ""ts"": ""2026-09-05T15:25:18.196755""}",2026-09-05T15:25:18.196755
wifi_occupancy,"{""node_id"": ""corridor_node_1"", ""people_count"": 5, ""device_count_raw"": 5, ""csi_variance"": 11.5669, ""csi_people_estimate"": 1, ""ts"": ""2026-09-05T15:25:23.384269""}",2026-09-05T15:25:23.384269
wifi_occupancy,"{""node_id"": ""corridor_node_1"", ""people_count"": 5, ""device_count_raw"": 5, ""csi_variance"": 20.7405, ""csi_people_estimate"": 2, ""ts"": ""2026-09-05T15:25:28.092739""}",2026-09-05T15:25:28.092739
wifi_occupancy,"{""node_id"": ""corridor_node_1"", ""people_count"": 4, ""device_count_raw"": 4, ""csi_variance"": 22.754, ""csi_people_estimate"": 2, ""ts"": ""2026-09-05T15:25:35.454535""}",2026-09-05T15:25:35.454535
wifi_occupancy,"{""node_id"": ""corridor_node_1"", ""people_count"": 4, ""device_count_raw"": 4, ""csi_variance"": 9.3605, ""csi_people_estimate"": 1, ""ts"": ""2026-09-05T15:25:38.234430""}",2026-09-05T15:25:38.234430
wifi_occupancy,"{""node_id"": ""corridor_node_1"", ""people_count"": 5, ""device_count_raw"": 5, ""csi_variance"": 3.6834, ""csi_people_estimate"": 0, ""ts"": ""2026-09-05T15:25:43.091186""}",2026-09-05T15:25:43.091186
wifi_occupancy,"{""node_id"": ""corridor_node_1"", ""people_count"": 5, ""device_count_raw"": 5, ""csi_variance"": 3.6818, ""csi_people_estimate"": 0, ""ts"": ""2026-09-05T15:25:48.167922""}",2026-09-05T15:25:48.167922
wifi_occupancy,"{""node_id"": ""corridor_node_1"", ""people_count"": 5, ""device_count_raw"": 5, ""csi_variance"": 10.7982, ""csi_people_estimate"": 1, ""ts"": ""2026-09-05T15:25:53.087513""}",2026-09-05T15:25:53.087513
wifi_occupancy,"{""node_id"": ""corridor_node_1"", ""people_count"": 5, ""device_count_raw"": 5, ""csi_variance"": 15.9551, ""csi_people_estimate"": 2, ""ts"": ""2026-09-05T15:25:58.084609""}",2026-09-05T15:25:58.084609
wifi_occupancy,"{""node_id"": ""corridor_node_1"", ""people_count"": 5, ""device_count_raw"": 5, ""csi_variance"": 19.2103, ""csi_people_estimate"": 2, ""ts"": ""2026-09-05T15:26:03.116434""}",2026-09-05T15:26:03.116434
wifi_occupancy,"{""node_id"": ""corridor_node_1"", ""people_count"": 5, ""device_count_raw"": 5, ""csi_variance"": 21.5423, ""csi_people_estimate"": 2, ""ts"": ""2026-09-05T15:26:08.236728""}",2026-09-05T15:26:08.236728
wifi_occupancy,"{""node_id"": ""corridor_node_1"", ""people_count"": 4, ""device_count_raw"": 4, ""csi_variance"": 15.6613, ""csi_people_estimate"": 2, ""ts"": ""2026-09-05T15:26:13.150179""}",2026-09-05T15:26:13.150179
wifi_occupancy,"{""node_id"": ""corridor_node_1"", ""people_count"": 4, ""device_count_raw"": 4, ""csi_variance"": 2.3842, ""csi_people_estimate"": 0, ""ts"": ""2026-09-05T15:26:18.103290""}",2026-09-05T15:26:18.103290
wifi_occupancy,"{""node_id"": ""corridor_node_1"", ""people_count"": 6, ""device_count_raw"": 6, ""csi_variance"": 1.8142, ""csi_people_estimate"": 0, ""ts"": ""2026-09-05T15:26:23.089616""}",2026-09-05T15:26:23.089616
wifi_occupancy,"{""node_id"": ""corridor_node_1"", ""people_count"": 6, ""device_count_raw"": 6, ""csi_variance"": 13.0519, ""csi_people_estimate"": 1, ""ts"": ""2026-09-05T15:26:30.847197""}",2026-09-05T15:26:30.847197
wifi_occupancy,"{""node_id"": ""corridor_node_1"", ""people_count"": 6, ""device_count_raw"": 6, ""csi_variance"": 3.2527, ""csi_people_estimate"": 0, ""ts"": ""2026-09-05T15:26:33.099342""}",2026-09-05T15:26:33.099342
wifi_occupancy,"{""node_id"": ""corridor_node_1"", ""people_count"": 6, ""device_count_raw"": 6, ""csi_variance"": 12.5505, ""csi_people_estimate"": 1, ""ts"": ""2026-09-05T15:26:38.568723""}",2026-09-05T15:26:38.568723
wifi_occupancy,"{""node_id"": ""corridor_node_1"", ""people_count"": 5, ""device_count_raw"": 5, ""csi_variance"": 4.8224, ""csi_people_estimate"": 0, ""ts"": ""2026-09-05T15:26:43.270011""}",2026-09-05T15:26:43.270011
wifi_occupancy,"{""node_id"": ""corridor_node_1"", ""people_count"": 5, ""device_count_raw"": 5, ""csi_variance"": 0.3764, ""csi_people_estimate"": 0, ""ts"": ""2026-09-05T15:26:48.181467""}",2026-09-05T15:26:48.181467
wifi_occupancy,"{""node_id"": ""corridor_node_1"", ""people_count"": 5, ""device_count_raw"": 5, ""csi_variance"": 1.6908, ""csi_people_estimate"": 0, ""ts"": ""2026-09-05T15:26:53.197366""}",2026-09-05T15:26:53.197366
wifi_occupancy,"{""node_id"": ""corridor_node_1"", ""people_count"": 5, ""device_count_raw"": 5, ""csi_variance"": 8.944, ""csi_people_estimate"": 1, ""ts"": ""2026-09-05T15:26:59.303335""}",2026-09-05T15:26:59.303335
wifi_occupancy,"{""node_id"": ""corridor_node_1"", ""people_count"": 5, ""device_count_raw"": 5, ""csi_variance"": 24.6687, ""csi_people_estimate"": 2, ""ts"": ""2026-09-05T15:27:03.085531""}",2026-09-05T15:27:03.085531
wifi_occupancy,"{""node_id"": ""corridor_node_1"", ""people_count"": 5, ""device_count_raw"": 5, ""csi_variance"": 27.0448, ""csi_people_estimate"": 2, ""ts"": ""2026-09-05T15:27:08.085128""}",2026-09-05T15:27:08.085128
wifi_occupancy,"{""node_id"": ""corridor_node_1"", ""people_count"": 5, ""device_count_raw"": 5, ""csi_variance"": 27.0918, ""csi_people_estimate"": 2, ""ts"": ""2026-09-05T15:27:13.094204""}",2026-09-05T15:27:13.094204
wifi_occupancy,"{""node_id"": ""corridor_node_1"", ""people_count"": 5, ""device_count_raw"": 5, ""csi_variance"": 23.632, ""csi_people_estimate"": 2, ""ts"": ""2026-09-05T15:27:18.086544""}",2026-09-05T15:27:18.086544
wifi_occupancy,"{""node_id"": ""corridor_node_1"", ""people_count"": 3, ""device_count_raw"": 3, ""csi_variance"": 0.6395, ""csi_people_estimate"": 0, ""ts"": ""2026-09-05T15:27:23.089040""}",2026-09-05T15:27:23.089040
wifi_occupancy,"{""node_id"": ""corridor_node_1"", ""people_count"": 4, ""device_count_raw"": 4, ""csi_variance"": 1.018, ""csi_people_estimate"": 0, ""ts"": ""2026-09-05T15:27:28.086902""}",2026-09-05T15:27:28.086902
wifi_occupancy,"{""node_id"": ""corridor_node_1"", ""people_count"": 4, ""device_count_raw"": 4, ""csi_variance"": 0.6712, ""csi_people_estimate"": 0, ""ts"": ""2026-09-05T15:27:33.128790""}",2026-09-05T15:27:33.128790
wifi_occupancy,"{""node_id"": ""corridor_node_1"", ""people_count"": 4, ""device_count_raw"": 4, ""csi_variance"": 6.9122, ""csi_people_estimate"": 1, ""ts"": ""2026-09-05T15:27:38.085938""}",2026-09-05T15:27:38.085938
wifi_occupancy,"{""node_id"": ""corridor_node_1"", ""people_count"": 4, ""device_count_raw"": 4, ""csi_variance"": 10.9744, ""csi_people_estimate"": 1, ""ts"": ""2026-09-05T15:27:43.165412""}",2026-09-05T15:27:43.165412
wifi_occupancy,"{""node_id"": ""corridor_node_1"", ""people_count"": 4, ""device_count_raw"": 4, ""csi_variance"": 2.8489, ""csi_people_estimate"": 0, ""ts"": ""2026-09-05T15:27:48.089012""}",2026-09-05T15:27:48.089012
wifi_occupancy,"{""node_id"": ""corridor_node_1"", ""people_count"": 4, ""device_count_raw"": 4, ""csi_variance"": 14.9776, ""csi_people_estimate"": 2, ""ts"": ""2026-09-05T15:27:53.302123""}",2026-09-05T15:27:53.302123
wifi_occupancy,"{""node_id"": ""corridor_node_1"", ""people_count"": 4, ""device_count_raw"": 4, ""csi_variance"": 22.7134, ""csi_people_estimate"": 2, ""ts"": ""2026-09-05T15:27:58.115242""}",2026-09-05T15:27:58.115242
wifi_occupancy,"{""node_id"": ""corridor_node_1"", ""people_count"": 4, ""device_count_raw"": 4, ""csi_variance"": 24.5669, ""csi_people_estimate"": 2, ""ts"": ""2026-09-05T15:28:03.130116""}",2026-09-05T15:28:03.130116
wifi_occupancy,"{""node_id"": ""corridor_node_1"", ""people_count"": 4, ""device_count_raw"": 4, ""csi_variance"": 23.6167, ""csi_people_estimate"": 2, ""ts"": ""2026-09-05T15:28:08.147222""}",2026-09-05T15:28:08.147222
wifi_occupancy,"{""node_id"": ""corridor_node_1"", ""people_count"": 4, ""device_count_raw"": 4, ""csi_variance"": 24.9117, ""csi_people_estimate"": 2, ""ts"": ""2026-09-05T15:28:13.080730""}",2026-09-05T15:28:13.080730
wifi_occupancy,"{""node_id"": ""corridor_node_1"", ""people_count"": 4, ""device_count_raw"": 4, ""csi_variance"": 25.1684, ""csi_people_estimate"": 2, ""ts"": ""2026-09-05T15:28:18.083539""}",2026-09-05T15:28:18.083539
wifi_occupancy,"{""node_id"": ""corridor_node_1"", ""people_count"": 4, ""device_count_raw"": 4, ""csi_variance"": 2.9441, ""csi_people_estimate"": 0, ""ts"": ""2026-09-05T15:28:23.619065""}",2026-09-05T15:28:23.619065
wifi_occupancy,"{""node_id"": ""corridor_node_1"", ""people_count"": 4, ""device_count_raw"": 4, ""csi_variance"": 0.9113, ""csi_people_estimate"": 0, ""ts"": ""2026-09-05T15:28:28.081198""}",2026-09-05T15:28:28.081198
wifi_occupancy,"{""node_id"": ""corridor_node_1"", ""people_count"": 4, ""device_count_raw"": 4, ""csi_variance"": 3.6246, ""csi_people_estimate"": 0, ""ts"": ""2026-09-05T15:28:33.545945""}",2026-09-05T15:28:33.545945
wifi_occupancy,"{""node_id"": ""corridor_node_1"", ""people_count"": 4, ""device_count_raw"": 4, ""csi_variance"": 2.2752, ""csi_people_estimate"": 0, ""ts"": ""2026-09-05T15:28:38.251575""}",2026-09-05T15:28:38.251575
wifi_occupancy,"{""node_id"": ""corridor_node_1"", ""people_count"": 4, ""device_count_raw"": 4, ""csi_variance"": 0.2126, ""csi_people_estimate"": 0, ""ts"": ""2026-09-05T15:28:43.169621""}",2026-09-05T15:28:43.169621
wifi_occupancy,"{""node_id"": ""corridor_node_1"", ""people_count"": 4, ""device_count_raw"": 4, ""csi_variance"": 0.8432, ""csi_people_estimate"": 0, ""ts"": ""2026-09-05T15:28:48.286443""}",2026-09-05T15:28:48.286443
wifi_occupancy,"{""node_id"": ""corridor_node_1"", ""people_count"": 4, ""device_count_raw"": 4, ""csi_variance"": 0.4018, ""csi_people_estimate"": 0, ""ts"": ""2026-09-05T15:28:54.383629""}",2026-09-05T15:28:54.383629
wifi_occupancy,"{""node_id"": ""corridor_node_1"", ""people_count"": 4, ""device_count_raw"": 4, ""csi_variance"": 2.729, ""csi_people_estimate"": 0, ""ts"": ""2026-09-05T15:28:58.085307""}",2026-09-05T15:28:58.085307
wifi_occupancy,"{""node_id"": ""corridor_node_1"", ""people_count"": 5, ""device_count_raw"": 5, ""csi_variance"": 11.3964, ""csi_people_estimate"": 1, ""ts"": ""2026-09-05T15:29:03.548039""}",2026-09-05T15:29:03.548039
wifi_occupancy,"{""node_id"": ""corridor_node_1"", ""people_count"": 5, ""device_count_raw"": 5, ""csi_variance"": 12.2097, ""csi_people_estimate"": 1, ""ts"": ""2026-09-05T15:29:08.154277""}",2026-09-05T15:29:08.154277
wifi_occupancy,"{""node_id"": ""corridor_node_1"", ""people_count"": 5, ""device_count_raw"": 5, ""csi_variance"": 14.1278, ""csi_people_estimate"": 2, ""ts"": ""2026-09-05T15:29:13.170667""}",2026-09-05T15:29:13.171665
wifi_occupancy,"{""node_id"": ""corridor_node_1"", ""people_count"": 5, ""device_count_raw"": 5, ""csi_variance"": 15.9738, ""csi_people_estimate"": 2, ""ts"": ""2026-09-05T15:29:18.091750""}",2026-09-05T15:29:18.091750
wifi_occupancy,"{""node_id"": ""corridor_node_1"", ""people_count"": 5, ""device_count_raw"": 5, ""csi_variance"": 8.0699, ""csi_people_estimate"": 1, ""ts"": ""2026-09-05T15:29:23.118858""}",2026-09-05T15:29:23.118858
wifi_occupancy,"{""node_id"": ""corridor_node_1"", ""people_count"": 3, ""device_count_raw"": 3, ""csi_variance"": 7.7687, ""csi_people_estimate"": 1, ""ts"": ""2026-09-05T15:29:28.131261""}",2026-09-05T15:29:28.131261
wifi_occupancy,"{""node_id"": ""corridor_node_1"", ""people_count"": 5, ""device_count_raw"": 5, ""csi_variance"": 14.6764, ""csi_people_estimate"": 2, ""ts"": ""2026-09-05T15:29:33.085337""}",2026-09-05T15:29:33.085337
wifi_occupancy,"{""node_id"": ""corridor_node_1"", ""people_count"": 5, ""device_count_raw"": 5, ""csi_variance"": 21.2312, ""csi_people_estimate"": 2, ""ts"": ""2026-09-05T15:29:38.158240""}",2026-09-05T15:29:38.158240
wifi_occupancy,"{""node_id"": ""corridor_node_1"", ""people_count"": 5, ""device_count_raw"": 5, ""csi_variance"": 14.9898, ""csi_people_estimate"": 2, ""ts"": ""2026-09-05T15:29:43.175969""}",2026-09-05T15:29:43.175969
wifi_occupancy,"{""node_id"": ""corridor_node_1"", ""people_count"": 5, ""device_count_raw"": 5, ""csi_variance"": 16.5645, ""csi_people_estimate"": 2, ""ts"": ""2026-09-05T15:29:48.192269""}",2026-09-05T15:29:48.192269
wifi_occupancy,"{""node_id"": ""corridor_node_1"", ""people_count"": 5, ""device_count_raw"": 5, ""csi_variance"": 4.3398, ""csi_people_estimate"": 0, ""ts"": ""2026-09-05T15:29:53.095656""}",2026-09-05T15:29:53.095656
wifi_occupancy,"{""node_id"": ""corridor_node_1"", ""people_count"": 5, ""device_count_raw"": 5, ""csi_variance"": 3.2348, ""csi_people_estimate"": 0, ""ts"": ""2026-09-05T15:29:58.227505""}",2026-09-05T15:29:58.227505
wifi_occupancy,"{""node_id"": ""corridor_node_1"", ""people_count"": 4, ""device_count_raw"": 4, ""csi_variance"": 3.2877, ""csi_people_estimate"": 0, ""ts"": ""2026-09-05T15:30:03.144352""}",2026-09-05T15:30:03.144352
wifi_occupancy,"{""node_id"": ""corridor_node_1"", ""people_count"": 4, ""device_count_raw"": 4, ""csi_variance"": 5.4795, ""csi_people_estimate"": 0, ""ts"": ""2026-09-05T15:30:08.158938""}",2026-09-05T15:30:08.158938
wifi_occupancy,"{""node_id"": ""corridor_node_1"", ""people_count"": 4, ""device_count_raw"": 4, ""csi_variance"": 24.9829, ""csi_people_estimate"": 2, ""ts"": ""2026-09-05T15:30:13.181739""}",2026-09-05T15:30:13.181739
wifi_occupancy,"{""node_id"": ""corridor_node_1"", ""people_count"": 3, ""device_count_raw"": 3, ""csi_variance"": 22.292, ""csi_people_estimate"": 2, ""ts"": ""2026-09-05T15:30:18.198522""}",2026-09-05T15:30:18.198522
wifi_occupancy,"{""node_id"": ""corridor_node_1"", ""people_count"": 3, ""device_count_raw"": 3, ""csi_variance"": 24.619, ""csi_people_estimate"": 2, ""ts"": ""2026-09-05T15:30:23.125240""}",2026-09-05T15:30:23.125240
wifi_occupancy,"{""node_id"": ""corridor_node_1"", ""people_count"": 3, ""device_count_raw"": 3, ""csi_variance"": 16.7039, ""csi_people_estimate"": 2, ""ts"": ""2026-09-05T15:30:28.140358""}",2026-09-05T15:30:28.140358
wifi_occupancy,"{""node_id"": ""corridor_node_1"", ""people_count"": 2, ""device_count_raw"": 1, ""csi_variance"": 15.7035, ""csi_people_estimate"": 2, ""ts"": ""2026-09-05T15:30:33.148275""}",2026-09-05T15:30:33.148275
wifi_occupancy,"{""node_id"": ""corridor_node_1"", ""people_count"": 2, ""device_count_raw"": 2, ""csi_variance"": 7.3479, ""csi_people_estimate"": 1, ""ts"": ""2026-09-05T15:30:38.169500""}",2026-09-05T15:30:38.169500
wifi_occupancy,"{""node_id"": ""corridor_node_1"", ""people_count"": 3, ""device_count_raw"": 3, ""csi_variance"": 4.9733, ""csi_people_estimate"": 0, ""ts"": ""2026-09-05T15:30:43.077643""}",2026-09-05T15:30:43.077643
wifi_occupancy,"{""node_id"": ""corridor_node_1"", ""people_count"": 3, ""device_count_raw"": 3, ""csi_variance"": 17.7199, ""csi_people_estimate"": 2, ""ts"": ""2026-09-05T15:30:48.099074""}",2026-09-05T15:30:48.099074
wifi_occupancy,"{""node_id"": ""corridor_node_1"", ""people_count"": 3, ""device_count_raw"": 3, ""csi_variance"": 0.9996, ""csi_people_estimate"": 0, ""ts"": ""2026-09-05T15:30:53.117253""}",2026-09-05T15:30:53.117253
wifi_occupancy,"{""node_id"": ""corridor_node_1"", ""people_count"": 3, ""device_count_raw"": 3, ""csi_variance"": 2.2024, ""csi_people_estimate"": 0, ""ts"": ""2026-09-05T15:30:58.134232""}",2026-09-05T15:30:58.134232
wifi_occupancy,"{""node_id"": ""corridor_node_1"", ""people_count"": 3, ""device_count_raw"": 3, ""csi_variance"": 0.4448, ""csi_people_estimate"": 0, ""ts"": ""2026-09-05T15:31:03.152580""}",2026-09-05T15:31:03.152580
wifi_occupancy,"{""node_id"": ""corridor_node_1"", ""people_count"": 3, ""device_count_raw"": 3, ""csi_variance"": 0.6434, ""csi_people_estimate"": 0, ""ts"": ""2026-09-05T15:31:08.169673""}",2026-09-05T15:31:08.169673
wifi_occupancy,"{""node_id"": ""corridor_node_1"", ""people_count"": 3, ""device_count_raw"": 3, ""csi_variance"": 2.4145, ""csi_people_estimate"": 0, ""ts"": ""2026-09-05T15:31:13.185332""}",2026-09-05T15:31:13.185332
wifi_occupancy,"{""node_id"": ""corridor_node_1"", ""people_count"": 3, ""device_count_raw"": 3, ""csi_variance"": 4.3469, ""csi_people_estimate"": 0, ""ts"": ""2026-09-05T15:31:18.204625""}",2026-09-05T15:31:18.204625
wifi_occupancy,"{""node_id"": ""corridor_node_1"", ""people_count"": 3, ""device_count_raw"": 3, ""csi_variance"": 4.1164, ""csi_people_estimate"": 0, ""ts"": ""2026-09-05T15:31:23.080373""}",2026-09-05T15:31:23.080373
wifi_occupancy,"{""node_id"": ""corridor_node_1"", ""people_count"": 3, ""device_count_raw"": 3, ""csi_variance"": 1.9545, ""csi_people_estimate"": 0, ""ts"": ""2026-09-05T15:31:28.239299""}",2026-09-05T15:31:28.239299
wifi_occupancy,"{""node_id"": ""corridor_node_1"", ""people_count"": 4, ""device_count_raw"": 4, ""csi_variance"": 1.5954, ""csi_people_estimate"": 0, ""ts"": ""2026-09-05T15:31:33.154192""}",2026-09-05T15:31:33.154192
wifi_occupancy,"{""node_id"": ""corridor_node_1"", ""people_count"": 4, ""device_count_raw"": 4, ""csi_variance"": 0.8909, ""csi_people_estimate"": 0, ""ts"": ""2026-09-05T15:31:38.086097""}",2026-09-05T15:31:38.086097
wifi_occupancy,"{""node_id"": ""corridor_node_1"", ""people_count"": 4, ""device_count_raw"": 4, ""csi_variance"": 3.8196, ""csi_people_estimate"": 0, ""ts"": ""2026-09-05T15:31:43.192002""}",2026-09-05T15:31:43.192002
wifi_occupancy,"{""node_id"": ""corridor_node_1"", ""people_count"": 4, ""device_count_raw"": 4, ""csi_variance"": 1.2576, ""csi_people_estimate"": 0, ""ts"": ""2026-09-05T15:31:48.424361""}",2026-09-05T15:31:48.424361
wifi_occupancy,"{""node_id"": ""corridor_node_1"", ""people_count"": 4, ""device_count_raw"": 4, ""csi_variance"": 2.4216, ""csi_people_estimate"": 0, ""ts"": ""2026-09-05T15:31:53.123493""}",2026-09-05T15:31:53.123493
wifi_occupancy,"{""node_id"": ""corridor_node_1"", ""people_count"": 4, ""device_count_raw"": 4, ""csi_variance"": 4.9839, ""csi_people_estimate"": 0, ""ts"": ""2026-09-05T15:31:58.160287""}",2026-09-05T15:31:58.160287
wifi_occupancy,"{""node_id"": ""corridor_node_1"", ""people_count"": 4, ""device_count_raw"": 4, ""csi_variance"": 1.2384, ""csi_people_estimate"": 0, ""ts"": ""2026-09-05T15:32:03.093875""}",2026-09-05T15:32:03.093875
wifi_occupancy,"{""node_id"": ""corridor_node_1"", ""people_count"": 4, ""device_count_raw"": 4, ""csi_variance"": 5.3606, ""csi_people_estimate"": 0, ""ts"": ""2026-09-05T15:32:08.176364""}",2026-09-05T15:32:08.176364
wifi_occupancy,"{""node_id"": ""corridor_node_1"", ""people_count"": 4, ""device_count_raw"": 4, ""csi_variance"": 0.9082, ""csi_people_estimate"": 0, ""ts"": ""2026-09-05T15:32:13.081565""}",2026-09-05T15:32:13.081565
wifi_occupancy,"{""node_id"": ""corridor_node_1"", ""people_count"": 4, ""device_count_raw"": 4, ""csi_variance"": 3.7364, ""csi_people_estimate"": 0, ""ts"": ""2026-09-05T15:32:18.078773""}",2026-09-05T15:32:18.078773
wifi_occupancy,"{""node_id"": ""corridor_node_1"", ""people_count"": 4, ""device_count_raw"": 4, ""csi_variance"": 9.0964, ""csi_people_estimate"": 1, ""ts"": ""2026-09-05T15:32:23.127121""}",2026-09-05T15:32:23.127121
wifi_occupancy,"{""node_id"": ""corridor_node_1"", ""people_count"": 4, ""device_count_raw"": 4, ""csi_variance"": 18.2786, ""csi_people_estimate"": 2, ""ts"": ""2026-09-05T15:32:28.146038""}",2026-09-05T15:32:28.146038
wifi_occupancy,"{""node_id"": ""corridor_node_1"", ""people_count"": 3, ""device_count_raw"": 3, ""csi_variance"": 13.2768, ""csi_people_estimate"": 1, ""ts"": ""2026-09-05T15:32:33.084159""}",2026-09-05T15:32:33.084159
wifi_occupancy,"{""node_id"": ""corridor_node_1"", ""people_count"": 4, ""device_count_raw"": 4, ""csi_variance"": 10.8401, ""csi_people_estimate"": 1, ""ts"": ""2026-09-05T15:32:38.182290""}",2026-09-05T15:32:38.182290
wifi_occupancy,"{""node_id"": ""corridor_node_1"", ""people_count"": 3, ""device_count_raw"": 3, ""csi_variance"": 14.6593, ""csi_people_estimate"": 2, ""ts"": ""2026-09-05T15:32:43.198295""}",2026-09-05T15:32:43.198295
wifi_occupancy,"{""node_id"": ""corridor_node_1"", ""people_count"": 3, ""device_count_raw"": 3, ""csi_variance"": 8.5754, ""csi_people_estimate"": 1, ""ts"": ""2026-09-05T15:32:48.115523""}",2026-09-05T15:32:48.115523
wifi_occupancy,"{""node_id"": ""corridor_node_1"", ""people_count"": 3, ""device_count_raw"": 3, ""csi_variance"": 8.1221, ""csi_people_estimate"": 1, ""ts"": ""2026-09-05T15:32:53.131309""}",2026-09-05T15:32:53.131309
wifi_occupancy,"{""node_id"": ""corridor_node_1"", ""people_count"": 3, ""device_count_raw"": 3, ""csi_variance"": 10.2533, ""csi_people_estimate"": 1, ""ts"": ""2026-09-05T15:32:58.149763""}",2026-09-05T15:32:58.149763
wifi_occupancy,"{""node_id"": ""corridor_node_1"", ""people_count"": 3, ""device_count_raw"": 3, ""csi_variance"": 7.8872, ""csi_people_estimate"": 1, ""ts"": ""2026-09-05T15:33:03.085803""}",2026-09-05T15:33:03.085803
wifi_occupancy,"{""node_id"": ""corridor_node_1"", ""people_count"": 3, ""device_count_raw"": 3, ""csi_variance"": 8.7345, ""csi_people_estimate"": 1, ""ts"": ""2026-09-05T15:33:08.089957""}",2026-09-05T15:33:08.089957
wifi_occupancy,"{""node_id"": ""corridor_node_1"", ""people_count"": 3, ""device_count_raw"": 3, ""csi_variance"": 10.1792, ""csi_people_estimate"": 1, ""ts"": ""2026-09-05T15:33:13.099499""}",2026-09-05T15:33:13.099499
wifi_occupancy,"{""node_id"": ""corridor_node_1"", ""people_count"": 3, ""device_count_raw"": 3, ""csi_variance"": 23.3048, ""csi_people_estimate"": 2, ""ts"": ""2026-09-05T15:33:18.130344""}",2026-09-05T15:33:18.130344
wifi_occupancy,"{""node_id"": ""corridor_node_1"", ""people_count"": 3, ""device_count_raw"": 3, ""csi_variance"": 17.1059, ""csi_people_estimate"": 2, ""ts"": ""2026-09-05T15:33:23.136171""}",2026-09-05T15:33:23.136171
wifi_occupancy,"{""node_id"": ""corridor_node_1"", ""people_count"": 3, ""device_count_raw"": 3, ""csi_variance"": 12.2045, ""csi_people_estimate"": 1, ""ts"": ""2026-09-05T15:33:28.153522""}",2026-09-05T15:33:28.153522
wifi_occupancy,"{""node_id"": ""corridor_node_1"", ""people_count"": 3, ""device_count_raw"": 3, ""csi_variance"": 8.0404, ""csi_people_estimate"": 1, ""ts"": ""2026-09-05T15:33:33.172255""}",2026-09-05T15:33:33.172255
wifi_occupancy,"{""node_id"": ""corridor_node_1"", ""people_count"": 2, ""device_count_raw"": 2, ""csi_variance"": 20.9305, ""csi_people_estimate"": 2, ""ts"": ""2026-09-05T15:33:38.255764""}",2026-09-05T15:33:38.255764
wifi_occupancy,"{""node_id"": ""corridor_node_1"", ""people_count"": 3, ""device_count_raw"": 3, ""csi_variance"": 10.8095, ""csi_people_estimate"": 1, ""ts"": ""2026-09-05T15:33:43.210474""}",2026-09-05T15:33:43.210474
wifi_occupancy,"{""node_id"": ""corridor_node_1"", ""people_count"": 3, ""device_count_raw"": 3, ""csi_variance"": 7.802, ""csi_people_estimate"": 1, ""ts"": ""2026-09-05T15:33:48.123136""}",2026-09-05T15:33:48.123136
wifi_occupancy,"{""node_id"": ""corridor_node_1"", ""people_count"": 4, ""device_count_raw"": 4, ""csi_variance"": 2.2579, ""csi_people_estimate"": 0, ""ts"": ""2026-09-05T15:33:53.140007""}",2026-09-05T15:33:53.140007
wifi_occupancy,"{""node_id"": ""corridor_node_1"", ""people_count"": 4, ""device_count_raw"": 4, ""csi_variance"": 3.1032, ""csi_people_estimate"": 0, ""ts"": ""2026-09-05T15:33:58.165369""}",2026-09-05T15:33:58.165369
wifi_occupancy,"{""node_id"": ""corridor_node_1"", ""people_count"": 4, ""device_count_raw"": 4, ""csi_variance"": 2.4264, ""csi_people_estimate"": 0, ""ts"": ""2026-09-05T15:34:03.174391""}",2026-09-05T15:34:03.174391
wifi_occupancy,"{""node_id"": ""corridor_node_1"", ""people_count"": 4, ""device_count_raw"": 4, ""csi_variance"": 1.2837, ""csi_people_estimate"": 0, ""ts"": ""2026-09-05T15:34:08.310828""}",2026-09-05T15:34:08.310828
wifi_occupancy,"{""node_id"": ""corridor_node_1"", ""people_count"": 4, ""device_count_raw"": 4, ""csi_variance"": 1.3253, ""csi_people_estimate"": 0, ""ts"": ""2026-09-05T15:34:13.077336""}",2026-09-05T15:34:13.077336
wifi_occupancy,"{""node_id"": ""corridor_node_1"", ""people_count"": 4, ""device_count_raw"": 4, ""csi_variance"": 0.3757, ""csi_people_estimate"": 0, ""ts"": ""2026-09-05T15:34:18.092092""}",2026-09-05T15:34:18.092092
wifi_occupancy,"{""node_id"": ""corridor_node_1"", ""people_count"": 4, ""device_count_raw"": 4, ""csi_variance"": 3.8249, ""csi_people_estimate"": 0, ""ts"": ""2026-09-05T15:34:23.170211""}",2026-09-05T15:34:23.170211
wifi_occupancy,"{""node_id"": ""corridor_node_1"", ""people_count"": 6, ""device_count_raw"": 6, ""csi_variance"": 18.58, ""csi_people_estimate"": 2, ""ts"": ""2026-09-05T15:34:28.082497""}",2026-09-05T15:34:28.082497
wifi_occupancy,"{""node_id"": ""corridor_node_1"", ""people_count"": 6, ""device_count_raw"": 6, ""csi_variance"": 21.3282, ""csi_people_estimate"": 2, ""ts"": ""2026-09-05T15:34:33.178490""}",2026-09-05T15:34:33.178490
wifi_occupancy,"{""node_id"": ""corridor_node_1"", ""people_count"": 6, ""device_count_raw"": 6, ""csi_variance"": 14.7406, ""csi_people_estimate"": 2, ""ts"": ""2026-09-05T15:34:38.082178""}",2026-09-05T15:34:38.082178
wifi_occupancy,"{""node_id"": ""corridor_node_1"", ""people_count"": 6, ""device_count_raw"": 6, ""csi_variance"": 2.1252, ""csi_people_estimate"": 0, ""ts"": ""2026-09-05T15:34:43.442905""}",2026-09-05T15:34:43.442905
wifi_occupancy,"{""node_id"": ""corridor_node_1"", ""people_count"": 7, ""device_count_raw"": 7, ""csi_variance"": 1.8863, ""csi_people_estimate"": 0, ""ts"": ""2026-09-05T15:34:48.243037""}",2026-09-05T15:34:48.243037
wifi_occupancy,"{""node_id"": ""corridor_node_1"", ""people_count"": 6, ""device_count_raw"": 6, ""csi_variance"": 4.6912, ""csi_people_estimate"": 0, ""ts"": ""2026-09-05T15:34:53.151639""}",2026-09-05T15:34:53.151639
wifi_occupancy,"{""node_id"": ""corridor_node_1"", ""people_count"": 6, ""device_count_raw"": 6, ""csi_variance"": 6.7053, ""csi_people_estimate"": 0, ""ts"": ""2026-09-05T15:34:58.169377""}",2026-09-05T15:34:58.169377
wifi_occupancy,"{""node_id"": ""corridor_node_1"", ""people_count"": 6, ""device_count_raw"": 6, ""csi_variance"": 4.0083, ""csi_people_estimate"": 0, ""ts"": ""2026-09-05T15:35:03.181997""}",2026-09-05T15:35:03.181997
wifi_occupancy,"{""node_id"": ""corridor_node_1"", ""people_count"": 6, ""device_count_raw"": 6, ""csi_variance"": 3.8907, ""csi_people_estimate"": 0, ""ts"": ""2026-09-05T15:35:08.202343""}",2026-09-05T15:35:08.202343
wifi_occupancy,"{""node_id"": ""corridor_node_1"", ""people_count"": 6, ""device_count_raw"": 6, ""csi_variance"": 6.8586, ""csi_people_estimate"": 0, ""ts"": ""2026-09-05T15:35:13.121954""}",2026-09-05T15:35:13.121954
wifi_occupancy,"{""node_id"": ""corridor_node_1"", ""people_count"": 6, ""device_count_raw"": 6, ""csi_variance"": 14.1429, ""csi_people_estimate"": 2, ""ts"": ""2026-09-05T15:35:18.084112""}",2026-09-05T15:35:18.084112
wifi_occupancy,"{""node_id"": ""corridor_node_1"", ""people_count"": 6, ""device_count_raw"": 6, ""csi_variance"": 21.5815, ""csi_people_estimate"": 2, ""ts"": ""2026-09-05T15:35:23.154188""}",2026-09-05T15:35:23.154188
wifi_occupancy,"{""node_id"": ""corridor_node_1"", ""people_count"": 5, ""device_count_raw"": 5, ""csi_variance"": 10.8883, ""csi_people_estimate"": 1, ""ts"": ""2026-09-05T15:35:28.169467""}",2026-09-05T15:35:28.169467
wifi_occupancy,"{""node_id"": ""corridor_node_1"", ""people_count"": 5, ""device_count_raw"": 5, ""csi_variance"": 25.2499, ""csi_people_estimate"": 2, ""ts"": ""2026-09-05T15:35:33.185241""}",2026-09-05T15:35:33.185241
wifi_occupancy,"{""node_id"": ""corridor_node_1"", ""people_count"": 5, ""device_count_raw"": 5, ""csi_variance"": 16.1772, ""csi_people_estimate"": 2, ""ts"": ""2026-09-05T15:35:38.202852""}",2026-09-05T15:35:38.202852
wifi_occupancy,"{""node_id"": ""corridor_node_1"", ""people_count"": 4, ""device_count_raw"": 4, ""csi_variance"": 14.1981, ""csi_people_estimate"": 2, ""ts"": ""2026-09-05T15:35:43.120618""}",2026-09-05T15:35:43.120618
wifi_occupancy,"{""node_id"": ""corridor_node_1"", ""people_count"": 4, ""device_count_raw"": 4, ""csi_variance"": 9.7428, ""csi_people_estimate"": 1, ""ts"": ""2026-09-05T15:35:48.318066""}",2026-09-05T15:35:48.318066
wifi_occupancy,"{""node_id"": ""corridor_node_1"", ""people_count"": 5, ""device_count_raw"": 5, ""csi_variance"": 7.2464, ""csi_people_estimate"": 1, ""ts"": ""2026-09-05T15:35:53.176274""}",2026-09-05T15:35:53.176274
wifi_occupancy,"{""node_id"": ""corridor_node_1"", ""people_count"": 5, ""device_count_raw"": 5, ""csi_variance"": 11.605, ""csi_people_estimate"": 1, ""ts"": ""2026-09-05T15:35:58.099137""}",2026-09-05T15:35:58.099137
wifi_occupancy,"{""node_id"": ""corridor_node_1"", ""people_count"": 5, ""device_count_raw"": 5, ""csi_variance"": 11.2514, ""csi_people_estimate"": 1, ""ts"": ""2026-09-05T15:36:03.192699""}",2026-09-05T15:36:03.192699
wifi_occupancy,"{""node_id"": ""corridor_node_1"", ""people_count"": 5, ""device_count_raw"": 5, ""csi_variance"": 7.7018, ""csi_people_estimate"": 1, ""ts"": ""2026-09-05T15:36:08.113143""}",2026-09-05T15:36:08.113143
wifi_occupancy,"{""node_id"": ""corridor_node_1"", ""people_count"": 6, ""device_count_raw"": 6, ""csi_variance"": 7.8345, ""csi_people_estimate"": 1, ""ts"": ""2026-09-05T15:36:13.123160""}",2026-09-05T15:36:13.123160
wifi_occupancy,"{""node_id"": ""corridor_node_1"", ""people_count"": 6, ""device_count_raw"": 6, ""csi_variance"": 2.0258, ""csi_people_estimate"": 0, ""ts"": ""2026-09-05T15:36:18.141657""}",2026-09-05T15:36:18.141657
wifi_occupancy,"{""node_id"": ""corridor_node_1"", ""people_count"": 7, ""device_count_raw"": 7, ""csi_variance"": 5.9579, ""csi_people_estimate"": 0, ""ts"": ""2026-09-05T15:36:23.158440""}",2026-09-05T15:36:23.158440
wifi_occupancy,"{""node_id"": ""corridor_node_1"", ""people_count"": 7, ""device_count_raw"": 7, ""csi_variance"": 4.3252, ""csi_people_estimate"": 0, ""ts"": ""2026-09-05T15:36:28.179310""}",2026-09-05T15:36:28.179310
wifi_occupancy,"{""node_id"": ""corridor_node_1"", ""people_count"": 8, ""device_count_raw"": 8, ""csi_variance"": 2.6585, ""csi_people_estimate"": 0, ""ts"": ""2026-09-05T15:36:33.196188""}",2026-09-05T15:36:33.196188
wifi_occupancy,"{""node_id"": ""corridor_node_1"", ""people_count"": 8, ""device_count_raw"": 8, ""csi_variance"": 1.7707, ""csi_people_estimate"": 0, ""ts"": ""2026-09-05T15:36:39.020183""}",2026-09-05T15:36:39.020183
wifi_occupancy,"{""node_id"": ""corridor_node_1"", ""people_count"": 7, ""device_count_raw"": 7, ""csi_variance"": 5.9269, ""csi_people_estimate"": 0, ""ts"": ""2026-09-05T15:36:43.127752""}",2026-09-05T15:36:43.127752
wifi_occupancy,"{""node_id"": ""corridor_node_1"", ""people_count"": 6, ""device_count_raw"": 6, ""csi_variance"": 1.1487, ""csi_people_estimate"": 0, ""ts"": ""2026-09-05T15:36:48.146886""}",2026-09-05T15:36:48.146886
wifi_occupancy,"{""node_id"": ""corridor_node_1"", ""people_count"": 6, ""device_count_raw"": 6, ""csi_variance"": 14.8168, ""csi_people_estimate"": 2, ""ts"": ""2026-09-05T15:36:54.205154""}",2026-09-05T15:36:54.205154
wifi_occupancy,"{""node_id"": ""corridor_node_1"", ""people_count"": 6, ""device_count_raw"": 6, ""csi_variance"": 7.7927, ""csi_people_estimate"": 1, ""ts"": ""2026-09-05T15:36:58.189795""}",2026-09-05T15:36:58.189795
wifi_occupancy,"{""node_id"": ""corridor_node_1"", ""people_count"": 6, ""device_count_raw"": 6, ""csi_variance"": 33.8436, ""csi_people_estimate"": 3, ""ts"": ""2026-09-05T15:37:03.552137""}",2026-09-05T15:37:03.552137
wifi_occupancy,"{""node_id"": ""corridor_node_1"", ""people_count"": 5, ""device_count_raw"": 5, ""csi_variance"": 3.151, ""csi_people_estimate"": 0, ""ts"": ""2026-09-05T15:37:08.114416""}",2026-09-05T15:37:08.114416
wifi_occupancy,"{""node_id"": ""corridor_node_1"", ""people_count"": 5, ""device_count_raw"": 5, ""csi_variance"": 0.4591, ""csi_people_estimate"": 0, ""ts"": ""2026-09-05T15:37:13.136426""}",2026-09-05T15:37:13.136426
wifi_occupancy,"{""node_id"": ""corridor_node_1"", ""people_count"": 5, ""device_count_raw"": 5, ""csi_variance"": 0.9026, ""csi_people_estimate"": 0, ""ts"": ""2026-09-05T15:37:18.160793""}",2026-09-05T15:37:18.160793
wifi_occupancy,"{""node_id"": ""corridor_node_1"", ""people_count"": 5, ""device_count_raw"": 5, ""csi_variance"": 0.8805, ""csi_people_estimate"": 0, ""ts"": ""2026-09-05T15:37:23.330805""}",2026-09-05T15:37:23.330805
wifi_occupancy,"{""node_id"": ""corridor_node_1"", ""people_count"": 5, ""device_count_raw"": 5, ""csi_variance"": 0.992, ""csi_people_estimate"": 0, ""ts"": ""2026-09-05T15:37:28.187346""}",2026-09-05T15:37:28.187346
wifi_occupancy,"{""node_id"": ""corridor_node_1"", ""people_count"": 4, ""device_count_raw"": 4, ""csi_variance"": 2.8648, ""csi_people_estimate"": 0, ""ts"": ""2026-09-05T15:37:33.103798""}",2026-09-05T15:37:33.103798
wifi_occupancy,"{""node_id"": ""corridor_node_1"", ""people_count"": 4, ""device_count_raw"": 4, ""csi_variance"": 1.245, ""csi_people_estimate"": 0, ""ts"": ""2026-09-05T15:37:38.225848""}",2026-09-05T15:37:38.225848
wifi_occupancy,"{""node_id"": ""corridor_node_1"", ""people_count"": 4, ""device_count_raw"": 4, ""csi_variance"": 3.771, ""csi_people_estimate"": 0, ""ts"": ""2026-09-05T15:37:43.647714""}",2026-09-05T15:37:43.647714
wifi_occupancy,"{""node_id"": ""corridor_node_1"", ""people_count"": 5, ""device_count_raw"": 5, ""csi_variance"": 13.6058, ""csi_people_estimate"": 1, ""ts"": ""2026-09-05T15:37:48.446353""}",2026-09-05T15:37:48.446353
wifi_occupancy,"{""node_id"": ""corridor_node_1"", ""people_count"": 4, ""device_count_raw"": 4, ""csi_variance"": 6.5119, ""csi_people_estimate"": 0, ""ts"": ""2026-09-05T15:37:53.482886""}",2026-09-05T15:37:53.482886
wifi_occupancy,"{""node_id"": ""corridor_node_1"", ""people_count"": 5, ""device_count_raw"": 5, ""csi_variance"": 61.5952, ""csi_people_estimate"": 3, ""ts"": ""2026-09-05T15:37:58.188164""}",2026-09-05T15:37:58.188164
wifi_occupancy,"{""node_id"": ""corridor_node_1"", ""people_count"": 6, ""device_count_raw"": 6, ""csi_variance"": 3.8279, ""csi_people_estimate"": 0, ""ts"": ""2026-09-05T15:38:03.108220""}",2026-09-05T15:38:03.108220
wifi_occupancy,"{""node_id"": ""corridor_node_1"", ""people_count"": 6, ""device_count_raw"": 6, ""csi_variance"": 4.5948, ""csi_people_estimate"": 0, ""ts"": ""2026-09-05T15:38:08.126514""}",2026-09-05T15:38:08.126514
wifi_occupancy,"{""node_id"": ""corridor_node_1"", ""people_count"": 6, ""device_count_raw"": 6, ""csi_variance"": 0.8188, ""csi_people_estimate"": 0, ""ts"": ""2026-09-05T15:38:13.158900""}",2026-09-05T15:38:13.158900
wifi_occupancy,"{""node_id"": ""corridor_node_1"", ""people_count"": 6, ""device_count_raw"": 6, ""csi_variance"": 2.3974, ""csi_people_estimate"": 0, ""ts"": ""2026-09-05T15:38:18.157772""}",2026-09-05T15:38:18.157772
wifi_occupancy,"{""node_id"": ""corridor_node_1"", ""people_count"": 6, ""device_count_raw"": 6, ""csi_variance"": 0.9071, ""csi_people_estimate"": 0, ""ts"": ""2026-09-05T15:38:23.176418""}",2026-09-05T15:38:23.176418
wifi_occupancy,"{""node_id"": ""corridor_node_1"", ""people_count"": 6, ""device_count_raw"": 6, ""csi_variance"": 1.1376, ""csi_people_estimate"": 0, ""ts"": ""2026-09-05T15:38:28.195926""}",2026-09-05T15:38:28.195926
wifi_occupancy,"{""node_id"": ""corridor_node_1"", ""people_count"": 6, ""device_count_raw"": 6, ""csi_variance"": 0.9305, ""csi_people_estimate"": 0, ""ts"": ""2026-09-05T15:38:33.107428""}",2026-09-05T15:38:33.107428
wifi_occupancy,"{""node_id"": ""corridor_node_1"", ""people_count"": 6, ""device_count_raw"": 6, ""csi_variance"": 2.0306, ""csi_people_estimate"": 0, ""ts"": ""2026-09-05T15:38:38.230671""}",2026-09-05T15:38:38.230671
wifi_occupancy,"{""node_id"": ""corridor_node_1"", ""people_count"": 6, ""device_count_raw"": 6, ""csi_variance"": 2.1111, ""csi_people_estimate"": 0, ""ts"": ""2026-09-05T15:38:43.148646""}",2026-09-05T15:38:43.148646
wifi_occupancy,"{""node_id"": ""corridor_node_1"", ""people_count"": 6, ""device_count_raw"": 6, ""csi_variance"": 7.9895, ""csi_people_estimate"": 1, ""ts"": ""2026-09-05T15:38:48.165378""}",2026-09-05T15:38:48.165378
wifi_occupancy,"{""node_id"": ""corridor_node_1"", ""people_count"": 6, ""device_count_raw"": 6, ""csi_variance"": 8.6575, ""csi_people_estimate"": 1, ""ts"": ""2026-09-05T15:38:53.102930""}",2026-09-05T15:38:53.102930
wifi_occupancy,"{""node_id"": ""corridor_node_1"", ""people_count"": 5, ""device_count_raw"": 5, ""csi_variance"": 0.902, ""csi_people_estimate"": 0, ""ts"": ""2026-09-05T15:38:58.270166""}",2026-09-05T15:38:58.270166
wifi_occupancy,"{""node_id"": ""corridor_node_1"", ""people_count"": 4, ""device_count_raw"": 4, ""csi_variance"": 4.8711, ""csi_people_estimate"": 0, ""ts"": ""2026-09-05T15:39:03.115291""}",2026-09-05T15:39:03.115291
wifi_occupancy,"{""node_id"": ""corridor_node_1"", ""people_count"": 4, ""device_count_raw"": 4, ""csi_variance"": 11.4346, ""csi_people_estimate"": 1, ""ts"": ""2026-09-05T15:39:08.134623""}",2026-09-05T15:39:08.134623
wifi_occupancy,"{""node_id"": ""corridor_node_1"", ""people_count"": 4, ""device_count_raw"": 4, ""csi_variance"": 2.0744, ""csi_people_estimate"": 0, ""ts"": ""2026-09-05T15:39:13.146384""}",2026-09-05T15:39:13.146384
wifi_occupancy,"{""node_id"": ""corridor_node_1"", ""people_count"": 4, ""device_count_raw"": 4, ""csi_variance"": 4.7521, ""csi_people_estimate"": 0, ""ts"": ""2026-09-05T15:39:18.098314""}",2026-09-05T15:39:18.098314
wifi_occupancy,"{""node_id"": ""corridor_node_1"", ""people_count"": 4, ""device_count_raw"": 4, ""csi_variance"": 2.4588, ""csi_people_estimate"": 0, ""ts"": ""2026-09-05T15:39:23.284193""}",2026-09-05T15:39:23.284193
wifi_occupancy,"{""node_id"": ""corridor_node_1"", ""people_count"": 4, ""device_count_raw"": 4, ""csi_variance"": 5.7654, ""csi_people_estimate"": 0, ""ts"": ""2026-09-05T15:39:28.100526""}",2026-09-05T15:39:28.100526
wifi_occupancy,"{""node_id"": ""corridor_node_1"", ""people_count"": 4, ""device_count_raw"": 4, ""csi_variance"": 5.2896, ""csi_people_estimate"": 0, ""ts"": ""2026-09-05T15:39:33.121239""}",2026-09-05T15:39:33.121239
wifi_occupancy,"{""node_id"": ""corridor_node_1"", ""people_count"": 4, ""device_count_raw"": 4, ""csi_variance"": 3.7724, ""csi_people_estimate"": 0, ""ts"": ""2026-09-05T15:39:38.079610""}",2026-09-05T15:39:38.079610
wifi_occupancy,"{""node_id"": ""corridor_node_1"", ""people_count"": 3, ""device_count_raw"": 3, ""csi_variance"": 1.7784, ""csi_people_estimate"": 0, ""ts"": ""2026-09-05T15:39:43.157012""}",2026-09-05T15:39:43.157012
wifi_occupancy,"{""node_id"": ""corridor_node_1"", ""people_count"": 3, ""device_count_raw"": 3, ""csi_variance"": 23.4141, ""csi_people_estimate"": 2, ""ts"": ""2026-09-05T15:39:48.171066""}",2026-09-05T15:39:48.171066
wifi_occupancy,"{""node_id"": ""corridor_node_1"", ""people_count"": 3, ""device_count_raw"": 3, ""csi_variance"": 1.8435, ""csi_people_estimate"": 0, ""ts"": ""2026-09-05T15:39:53.103710""}",2026-09-05T15:39:53.103710
wifi_occupancy,"{""node_id"": ""corridor_node_1"", ""people_count"": 4, ""device_count_raw"": 4, ""csi_variance"": 2.3007, ""csi_people_estimate"": 0, ""ts"": ""2026-09-05T15:39:58.106685""}",2026-09-05T15:39:58.106685
wifi_occupancy,"{""node_id"": ""corridor_node_1"", ""people_count"": 4, ""device_count_raw"": 4, ""csi_variance"": 1.1778, ""csi_people_estimate"": 0, ""ts"": ""2026-09-05T15:40:03.121757""}",2026-09-05T15:40:03.121757
wifi_occupancy,"{""node_id"": ""corridor_node_1"", ""people_count"": 2, ""device_count_raw"": 2, ""csi_variance"": 22.657, ""csi_people_estimate"": 2, ""ts"": ""2026-09-05T15:40:08.137136""}",2026-09-05T15:40:08.137136
wifi_occupancy,"{""node_id"": ""corridor_node_1"", ""people_count"": 3, ""device_count_raw"": 3, ""csi_variance"": 9.7017, ""csi_people_estimate"": 1, ""ts"": ""2026-09-05T15:40:13.081304""}",2026-09-05T15:40:13.081304
wifi_occupancy,"{""node_id"": ""corridor_node_1"", ""people_count"": 3, ""device_count_raw"": 3, ""csi_variance"": 22.3261, ""csi_people_estimate"": 2, ""ts"": ""2026-09-05T15:40:18.093829""}",2026-09-05T15:40:18.093829
wifi_occupancy,"{""node_id"": ""corridor_node_1"", ""people_count"": 3, ""device_count_raw"": 3, ""csi_variance"": 5.1026, ""csi_people_estimate"": 0, ""ts"": ""2026-09-05T15:40:23.189261""}",2026-09-05T15:40:23.189261
wifi_occupancy,"{""node_id"": ""corridor_node_1"", ""people_count"": 3, ""device_count_raw"": 3, ""csi_variance"": 8.3895, ""csi_people_estimate"": 1, ""ts"": ""2026-09-05T15:40:28.212327""}",2026-09-05T15:40:28.212407
wifi_occupancy,"{""node_id"": ""corridor_node_1"", ""people_count"": 3, ""device_count_raw"": 3, ""csi_variance"": 12.1541, ""csi_people_estimate"": 1, ""ts"": ""2026-09-05T15:40:33.226044""}",2026-09-05T15:40:33.226044
wifi_occupancy,"{""node_id"": ""corridor_node_1"", ""people_count"": 2, ""device_count_raw"": 2, ""csi_variance"": 7.4707, ""csi_people_estimate"": 1, ""ts"": ""2026-09-05T15:40:39.384237""}",2026-09-05T15:40:39.384237
wifi_occupancy,"{""node_id"": ""corridor_node_1"", ""people_count"": 2, ""device_count_raw"": 2, ""csi_variance"": 0.1421, ""csi_people_estimate"": 0, ""ts"": ""2026-09-05T15:40:43.181163""}",2026-09-05T15:40:43.181163
wifi_occupancy,"{""node_id"": ""corridor_node_1"", ""people_count"": 2, ""device_count_raw"": 2, ""csi_variance"": 9.7805, ""csi_people_estimate"": 1, ""ts"": ""2026-09-05T15:40:50.850380""}",2026-09-05T15:40:50.850380
wifi_occupancy,"{""node_id"": ""corridor_node_1"", ""people_count"": 3, ""device_count_raw"": 3, ""csi_variance"": 5.2268, ""csi_people_estimate"": 0, ""ts"": ""2026-09-05T15:40:56.262686""}",2026-09-05T15:40:56.262686
wifi_occupancy,"{""node_id"": ""corridor_node_1"", ""people_count"": 4, ""device_count_raw"": 4, ""csi_variance"": 2.2642, ""csi_people_estimate"": 0, ""ts"": ""2026-09-05T15:40:58.078142""}",2026-09-05T15:40:58.078142
wifi_occupancy,"{""node_id"": ""corridor_node_1"", ""people_count"": 4, ""device_count_raw"": 4, ""csi_variance"": 1.9602, ""csi_people_estimate"": 0, ""ts"": ""2026-09-05T15:41:03.536567""}",2026-09-05T15:41:03.536567
wifi_occupancy,"{""node_id"": ""corridor_node_1"", ""people_count"": 4, ""device_count_raw"": 4, ""csi_variance"": 2.9327, ""csi_people_estimate"": 0, ""ts"": ""2026-09-05T15:41:08.350460""}",2026-09-05T15:41:08.350460
wifi_occupancy,"{""node_id"": ""corridor_node_1"", ""people_count"": 3, ""device_count_raw"": 3, ""csi_variance"": 14.0128, ""csi_people_estimate"": 2, ""ts"": ""2026-09-05T15:41:13.197948""}",2026-09-05T15:41:13.197948
wifi_occupancy,"{""node_id"": ""corridor_node_1"", ""people_count"": 4, ""device_count_raw"": 4, ""csi_variance"": 18.5136, ""csi_people_estimate"": 2, ""ts"": ""2026-09-05T15:41:18.093097""}",2026-09-05T15:41:18.093097
wifi_occupancy,"{""node_id"": ""corridor_node_1"", ""people_count"": 4, ""device_count_raw"": 4, ""csi_variance"": 3.2231, ""csi_people_estimate"": 0, ""ts"": ""2026-09-05T15:41:23.199984""}",2026-09-05T15:41:23.199984
wifi_occupancy,"{""node_id"": ""corridor_node_1"", ""people_count"": 4, ""device_count_raw"": 4, ""csi_variance"": 0.7535, ""csi_people_estimate"": 0, ""ts"": ""2026-09-05T15:41:28.120743""}",2026-09-05T15:41:28.120743
wifi_occupancy,"{""node_id"": ""corridor_node_1"", ""people_count"": 4, ""device_count_raw"": 4, ""csi_variance"": 27.7721, ""csi_people_estimate"": 3, ""ts"": ""2026-09-05T15:41:33.131446""}",2026-09-05T15:41:33.131446
wifi_occupancy,"{""node_id"": ""corridor_node_1"", ""people_count"": 4, ""device_count_raw"": 4, ""csi_variance"": 15.5042, ""csi_people_estimate"": 2, ""ts"": ""2026-09-05T15:41:38.146463""}",2026-09-05T15:41:38.146463
wifi_occupancy,"{""node_id"": ""corridor_node_1"", ""people_count"": 4, ""device_count_raw"": 4, ""csi_variance"": 5.7017, ""csi_people_estimate"": 0, ""ts"": ""2026-09-05T15:41:43.165524""}",2026-09-05T15:41:43.165524
wifi_occupancy,"{""node_id"": ""corridor_node_1"", ""people_count"": 4, ""device_count_raw"": 4, ""csi_variance"": 11.3218, ""csi_people_estimate"": 1, ""ts"": ""2026-09-05T15:41:48.079620""}",2026-09-05T15:41:48.079620
wifi_occupancy,"{""node_id"": ""corridor_node_1"", ""people_count"": 4, ""device_count_raw"": 4, ""csi_variance"": 4.6858, ""csi_people_estimate"": 0, ""ts"": ""2026-09-05T15:41:53.068473""}",2026-09-05T15:41:53.068473
wifi_occupancy,"{""node_id"": ""corridor_node_1"", ""people_count"": 4, ""device_count_raw"": 4, ""csi_variance"": 2.7216, ""csi_people_estimate"": 0, ""ts"": ""2026-09-05T15:41:58.285779""}",2026-09-05T15:41:58.285779
wifi_occupancy,"{""node_id"": ""corridor_node_1"", ""people_count"": 4, ""device_count_raw"": 4, ""csi_variance"": 8.1722, ""csi_people_estimate"": 1, ""ts"": ""2026-09-05T15:42:03.173796""}",2026-09-05T15:42:03.173796
wifi_occupancy,"{""node_id"": ""corridor_node_1"", ""people_count"": 4, ""device_count_raw"": 4, ""csi_variance"": 1.789, ""csi_people_estimate"": 0, ""ts"": ""2026-09-05T15:42:08.075894""}",2026-09-05T15:42:08.075894
wifi_occupancy,"{""node_id"": ""corridor_node_1"", ""people_count"": 4, ""device_count_raw"": 4, ""csi_variance"": 3.0672, ""csi_people_estimate"": 0, ""ts"": ""2026-09-05T15:42:13.181043""}",2026-09-05T15:42:13.181043
wifi_occupancy,"{""node_id"": ""corridor_node_1"", ""people_count"": 4, ""device_count_raw"": 4, ""csi_variance"": 2.2857, ""csi_people_estimate"": 0, ""ts"": ""2026-09-05T15:42:18.191453""}",2026-09-05T15:42:18.191453
wifi_occupancy,"{""node_id"": ""corridor_node_1"", ""people_count"": 4, ""device_count_raw"": 4, ""csi_variance"": 2.3763, ""csi_people_estimate"": 0, ""ts"": ""2026-09-05T15:42:23.206934""}",2026-09-05T15:42:23.206934
wifi_occupancy,"{""node_id"": ""corridor_node_1"", ""people_count"": 4, ""device_count_raw"": 4, ""csi_variance"": 7.5255, ""csi_people_estimate"": 1, ""ts"": ""2026-09-05T15:42:28.237802""}",2026-09-05T15:42:28.237802
wifi_occupancy,"{""node_id"": ""corridor_node_1"", ""people_count"": 4, ""device_count_raw"": 4, ""csi_variance"": 6.8937, ""csi_people_estimate"": 0, ""ts"": ""2026-09-05T15:42:33.137354""}",2026-09-05T15:42:33.137354
wifi_occupancy,"{""node_id"": ""corridor_node_1"", ""people_count"": 5, ""device_count_raw"": 5, ""csi_variance"": 2.3972, ""csi_people_estimate"": 0, ""ts"": ""2026-09-05T15:42:38.159152""}",2026-09-05T15:42:38.159152
wifi_occupancy,"{""node_id"": ""corridor_node_1"", ""people_count"": 6, ""device_count_raw"": 6, ""csi_variance"": 3.409, ""csi_people_estimate"": 0, ""ts"": ""2026-09-05T15:42:43.177461""}",2026-09-05T15:42:43.177461
wifi_occupancy,"{""node_id"": ""corridor_node_1"", ""people_count"": 6, ""device_count_raw"": 6, ""csi_variance"": 4.4134, ""csi_people_estimate"": 0, ""ts"": ""2026-09-05T15:42:48.513122""}",2026-09-05T15:42:48.513122
